frame_no,timestamp_sec,track_id,class_name,confidence,x1,y1,x2,y2,center_x,center_y,count_mode,event_type,line_index,counted,motion_state,avg_per_frame,displacement,moving,in_roi
1,0.0333,1,person,0.8461,748,399,766,438,757.0,418.5,multiline,none,-1,False,insufficient_data,0.0,0.0,False,True
1,0.0333,10,person,0.6263,1722,231,1735,254,1728.5,242.5,multiline,none,-1,False,insufficient_data,0.0,0.0,False,True
1,0.0333,20,truck,0.5199,705,515,827,638,766.0,576.5,multiline,none,-1,False,insufficient_data,0.0,0.0,False,True
2,0.0667,1,person,0.8473,748,399,766,438,757.0,418.5,multiline,none,-1,False,insufficient_data,0.0,0.0,False,True
2,0.0667,10,person,0.6032,1722,231,1735,254,1728.5,242.5,multiline,none,-1,False,insufficient_data,0.0,0.0,False,True
2,0.0667,20,truck,0.7437,704,514,827,638,765.5,576.0,multiline,none,-1,False,insufficient_data,0.0,0.0,False,True
3,0.1,1,person,0.8517,748,399,766,438,757.0,418.5,multiline,none,-1,False,insufficient_data,0.0,0.0,False,True
3,0.1,10,person,0.5721,1722,231,1735,254,1728.5,242.5,multiline,none,-1,False,insufficient_data,0.0,0.0,False,True
3,0.1,20,truck,0.5762,703,514,827,638,765.0,576.0,multiline,none,-1,False,insufficient_data,0.0,0.0,False,True
4,0.1333,1,person,0.8474,748,399,766,438,757.0,418.5,multiline,none,-1,False,insufficient_data,0.0,0.0,False,True
4,0.1333,10,person,0.5828,1722,231,1735,254,1728.5,242.5,multiline,none,-1,False,insufficient_data,0.0,0.0,False,True
4,0.1333,20,truck,0.5936,702,513,827,638,764.5,575.5,multiline,none,-1,False,insufficient_data,0.0,0.0,False,True
4,0.1333,37,car,0.5857,1327,606,1509,669,1418.0,637.5,multiline,none,-1,False,insufficient_data,0.0,0.0,False,True
4,0.1333,38,truck,0.5451,698,500,1143,639,920.5,569.5,multiline,none,-1,False,insufficient_data,0.0,0.0,False,True
5,0.1667,1,person,0.8435,749,399,766,438,757.5,418.5,multiline,none,-1,False,recently_moving,0.05,0.17,True,True
5,0.1667,10,person,0.5921,1723,231,1735,254,1729.0,242.5,multiline,none,-1,False,recently_moving,0.05,0.17,True,True
5,0.1667,20,truck,0.5433,700,513,828,638,764.0,575.5,multiline,none,-1,False,recently_moving,0.37,1.44,True,True
5,0.1667,37,car,0.6889,1327,606,1511,669,1419.0,637.5,multiline,none,-1,False,insufficient_data,0.0,0.0,False,True
5,0.1667,38,truck,0.4637,697,499,1142,639,919.5,569.0,multiline,none,-1,False,insufficient_data,0.0,0.0,False,True
6,0.2,1,person,0.8441,749,398,766,438,757.5,418.0,multiline,none,-1,False,recently_moving,0.08,0.34,True,True
6,0.2,10,person,0.3911,1723,231,1735,254,1729.0,242.5,multiline,none,-1,False,recently_moving,0.07,0.28,True,True
6,0.2,20,truck,0.353,699,513,828,639,763.5,576.0,multiline,none,-1,False,recently_moving,0.38,1.81,True,True
6,0.2,37,car,0.4349,1326,605,1513,669,1419.5,637.0,multiline,none,-1,False,insufficient_data,0.0,0.0,False,True
6,0.2,38,truck,0.6543,696,499,1139,639,917.5,569.0,multiline,none,-1,False,insufficient_data,0.0,0.0,False,True
7,0.2333,1,person,0.8383,749,398,766,438,757.5,418.0,multiline,none,-1,False,recently_moving,0.09,0.47,True,True
7,0.2333,10,person,0.2559,1724,230,1735,254,1729.5,242.0,multiline,none,-1,False,recently_moving,0.11,0.57,True,True
7,0.2333,20,truck,0.3402,697,512,828,639,762.5,575.5,multiline,none,-1,False,recently_moving,0.43,2.45,True,True
7,0.2333,37,car,0.3611,1324,605,1514,669,1419.0,637.0,multiline,none,-1,False,insufficient_data,0.0,0.0,False,True
7,0.2333,38,truck,0.4473,695,499,1138,639,916.5,569.0,multiline,none,-1,False,insufficient_data,0.0,0.0,False,True
8,0.2667,1,person,0.8294,750,398,766,437,758.0,417.5,multiline,none,-1,False,recently_moving,0.13,0.81,True,True
8,0.2667,20,truck,0.3397,695,513,828,640,761.5,576.5,multiline,none,-1,False,recently_moving,0.48,3.13,True,True
8,0.2667,37,car,0.4689,1323,605,1514,669,1418.5,637.0,multiline,none,-1,False,recently_moving,0.27,0.81,True,True
8,0.2667,38,truck,0.5507,693,499,1138,639,915.5,569.0,multiline,none,-1,False,recently_moving,0.81,3.23,True,True
9,0.3,1,person,0.8351,750,397,767,437,758.5,417.0,multiline,none,-1,False,recently_moving,0.17,1.28,True,True
9,0.3,37,car,0.6279,1320,605,1513,669,1416.5,637.0,multiline,none,-1,False,recently_moving,0.37,0.43,True,True
9,0.3,38,truck,0.574,693,499,1136,640,914.5,569.5,multiline,none,-1,False,recently_moving,0.85,4.19,True,True
10,0.3333,1,person,0.8287,751,397,768,436,759.5,416.5,multiline,none,-1,False,recently_moving,0.23,1.95,True,True
10,0.3333,37,car,0.5203,1318,604,1513,669,1415.5,636.5,multiline,none,-1,False,recently_moving,0.46,1.12,True,True
10,0.3333,38,truck,0.6659,692,499,1133,640,912.5,569.5,multiline,none,-1,False,recently_moving,0.93,5.52,True,True
11,0.3667,1,person,0.8454,752,397,768,436,760.0,416.5,multiline,none,-1,False,recently_moving,0.26,2.53,True,True
11,0.3667,37,car,0.5573,1317,602,1512,669,1414.5,635.5,multiline,none,-1,False,recently_moving,0.54,2.13,True,True
11,0.3667,38,truck,0.5021,692,499,1130,640,911.0,569.5,multiline,none,-1,False,recently_moving,1.0,6.92,True,True
12,0.4,1,person,0.8551,752,396,769,436,760.5,416.0,multiline,none,-1,False,recently_moving,0.3,3.15,True,True
12,0.4,37,car,0.5461,1315,600,1511,668,1413.0,634.0,multiline,none,-1,False,recently_moving,0.64,3.52,True,True
12,0.4,38,truck,0.3465,690,499,1127,640,908.5,569.5,multiline,none,-1,False,recently_moving,1.09,8.69,True,True
13,0.4333,1,person,0.8555,753,396,769,435,761.0,415.5,multiline,none,-1,False,recently_moving,0.35,3.79,True,True
13,0.4333,37,car,0.6629,1312,598,1510,668,1411.0,633.0,multiline,none,-1,False,recently_moving,0.76,5.2,True,True
13,0.4333,38,truck,0.4053,692,499,1124,641,908.0,570.0,multiline,none,-1,False,recently_moving,1.12,10.02,True,True
14,0.4667,1,person,0.8509,754,396,770,435,762.0,415.5,multiline,none,-1,False,recently_moving,0.42,4.51,True,True
14,0.4667,37,car,0.5806,1310,596,1510,667,1410.0,631.5,multiline,none,-1,False,recently_moving,0.85,6.87,True,True
14,0.4667,38,truck,0.4226,692,499,1120,641,906.0,570.0,multiline,none,-1,False,recently_moving,1.17,11.58,True,True
15,0.5,1,person,0.8516,754,395,770,435,762.0,415.0,multiline,none,-1,False,recently_moving,0.47,5.08,True,True
15,0.5,37,car,0.6783,1307,594,1510,667,1408.5,630.5,multiline,none,-1,False,recently_moving,0.93,8.59,True,True
15,0.5,38,truck,0.4205,692,499,1117,642,904.5,570.5,multiline,none,-1,False,recently_moving,1.2,13.13,True,True
16,0.5333,1,person,0.8405,755,395,771,434,763.0,414.5,multiline,none,-1,False,recently_moving,0.52,5.68,True,True
16,0.5333,37,car,0.471,1304,592,1509,667,1406.5,629.5,multiline,none,-1,False,recently_moving,1.07,10.77,True,True
16,0.5333,38,truck,0.5272,691,499,1115,642,903.0,570.5,multiline,none,-1,False,recently_moving,1.31,14.32,True,True
16,0.5333,59,truck,0.4884,0,557,22,614,11.0,585.5,multiline,none,-1,False,insufficient_data,0.0,0.0,False,True
17,0.5667,1,person,0.8494,755,395,771,434,763.0,414.5,multiline,none,-1,False,recently_moving,0.55,5.99,True,True
17,0.5667,37,car,0.2742,1301,591,1508,668,1404.5,629.5,multiline,none,-1,False,recently_moving,1.2,12.84,True,True
17,0.5667,38,truck,0.469,689,499,1113,643,901.0,571.0,multiline,none,-1,False,recently_moving,1.38,15.11,True,True
17,0.5667,59,truck,0.5278,0,556,22,614,11.0,585.0,multiline,none,-1,False,insufficient_data,0.0,0.0,False,True
18,0.6,1,person,0.8403,755,395,772,434,763.5,414.5,multiline,none,-1,False,recently_moving,0.58,6.34,True,True
18,0.6,38,truck,0.5624,687,499,1112,643,899.5,571.0,multiline,none,-1,False,recently_moving,1.44,15.8,True,True
18,0.6,59,truck,0.3904,0,556,22,615,11.0,585.5,multiline,none,-1,False,insufficient_data,0.0,0.0,False,True
19,0.6333,1,person,0.8392,756,395,772,434,764.0,414.5,multiline,none,-1,False,recently_moving,0.6,6.48,True,True
19,0.6333,38,truck,0.5913,684,499,1111,644,897.5,571.5,multiline,none,-1,False,recently_moving,1.51,16.62,True,True
19,0.6333,59,truck,0.4262,0,555,23,616,11.5,585.5,multiline,none,-1,False,insufficient_data,0.0,0.0,False,True
19,0.6333,37,car,0.4953,1298,591,1504,668,1401.0,629.5,multiline,none,-1,False,recently_moving,1.4,15.15,True,True
20,0.6667,1,person,0.8305,756,395,772,434,764.0,414.5,multiline,none,-1,False,recently_moving,0.58,6.33,True,True
20,0.6667,38,truck,0.4699,680,498,1111,644,895.5,571.0,multiline,none,-1,False,recently_moving,1.59,17.46,True,True
20,0.6667,59,truck,0.6066,0,555,24,618,12.0,586.5,multiline,none,-1,False,recently_moving,0.22,0.53,True,True
20,0.6667,37,car,0.395,1296,592,1500,668,1398.0,630.0,multiline,none,-1,False,recently_moving,1.63,17.38,True,True
21,0.7,1,person,0.8223,757,395,773,434,765.0,414.5,multiline,none,-1,False,recently_moving,0.57,6.17,True,True
21,0.7,38,truck,0.4051,676,498,1111,644,893.5,571.0,multiline,none,-1,False,recently_moving,1.64,18.01,True,True
21,0.7,59,truck,0.6957,0,554,26,619,13.0,586.5,multiline,none,-1,False,recently_moving,0.29,1.12,True,True
21,0.7,37,car,0.3757,1293,593,1496,668,1394.5,630.5,multiline,none,-1,False,recently_moving,1.82,19.29,True,True
22,0.7333,1,person,0.8067,757,395,774,434,765.5,414.5,multiline,none,-1,False,recently_moving,0.56,6.07,True,True
22,0.7333,38,truck,0.5692,669,499,1108,644,888.5,571.5,multiline,none,-1,False,recently_moving,1.78,19.6,True,True
22,0.7333,59,truck,0.6942,0,554,29,621,14.5,587.5,multiline,none,-1,False,recently_moving,0.41,2.13,True,True
22,0.7333,37,car,0.6589,1290,593,1492,668,1391.0,630.5,multiline,none,-1,False,recently_moving,2.02,21.32,True,True
23,0.7667,1,person,0.7905,758,395,774,434,766.0,414.5,multiline,none,-1,False,recently_moving,0.55,5.93,True,True
23,0.7667,38,truck,0.5298,661,499,1104,643,882.5,571.0,multiline,none,-1,False,recently_moving,1.99,21.85,True,True
23,0.7667,59,truck,0.4118,0,554,31,622,15.5,588.0,multiline,none,-1,False,recently_moving,0.5,3.19,True,True
23,0.7667,37,car,0.7548,1288,594,1488,668,1388.0,631.0,multiline,none,-1,False,recently_moving,2.21,23.2,True,True
24,0.8,1,person,0.7837,758,395,774,434,766.0,414.5,multiline,none,-1,False,recently_moving,0.53,5.64,True,True
24,0.8,38,truck,0.4904,651,499,1100,643,875.5,571.0,multiline,none,-1,False,recently_moving,2.33,25.56,True,True
24,0.8,59,truck,0.6971,0,549,35,622,17.5,585.5,multiline,none,-1,False,recently_moving,0.62,4.22,True,True
24,0.8,37,car,0.7842,1286,594,1485,668,1385.5,631.0,multiline,none,-1,False,recently_moving,2.34,24.7,True,True
25,0.8333,1,person,0.7864,758,394,775,433,766.5,413.5,multiline,none,-1,False,recently_moving,0.51,5.38,True,True
25,0.8333,38,truck,0.6105,643,499,1097,642,870.0,570.5,multiline,none,-1,False,recently_moving,2.66,29.22,True,True
25,0.8333,59,truck,0.6307,0,546,39,622,19.5,584.0,multiline,none,-1,False,recently_moving,0.75,5.65,True,True
25,0.8333,37,car,0.7917,1284,594,1482,667,1383.0,630.5,multiline,none,-1,False,recently_moving,2.44,25.86,True,True
26,0.8667,1,person,0.7873,759,394,775,433,767.0,413.5,multiline,none,-1,False,recently_moving,0.5,5.34,True,True
26,0.8667,38,truck,0.5745,641,499,1094,642,867.5,570.5,multiline,none,-1,False,recently_moving,2.91,31.93,True,True
26,0.8667,59,truck,0.7072,0,543,43,623,21.5,583.0,multiline,none,-1,False,recently_moving,0.87,7.41,True,True
26,0.8667,37,car,0.7924,1282,593,1479,667,1380.5,630.0,multiline,none,-1,False,recently_moving,2.53,27.1,True,True
27,0.9,1,person,0.8109,759,394,775,432,767.0,413.0,multiline,none,-1,False,recently_moving,0.47,4.99,True,True
27,0.9,38,truck,0.7581,635,499,1092,642,863.5,570.5,multiline,none,-1,False,recently_moving,3.15,34.55,True,True
27,0.9,59,truck,0.5026,0,539,47,623,23.5,581.0,multiline,none,-1,False,recently_moving,0.99,9.43,True,True
27,0.9,37,car,0.8563,1280,592,1476,666,1378.0,629.0,multiline,none,-1,False,recently_moving,2.61,28.27,True,True
27,0.9,70,person,0.4189,300,490,319,527,309.5,508.5,multiline,none,-1,False,insufficient_data,0.0,0.0,False,True
28,0.9333,1,person,0.8133,760,393,776,432,768.0,412.5,multiline,none,-1,False,recently_moving,0.48,5.12,True,True
28,0.9333,38,truck,0.7105,628,499,1089,642,858.5,570.5,multiline,none,-1,False,recently_moving,3.4,37.33,True,True
28,0.9333,59,car,0.7495,0,536,51,623,25.5,579.5,multiline,none,-1,False,recently_moving,1.18,11.53,True,True
28,0.9333,37,car,0.8061,1277,591,1474,666,1375.5,628.5,multiline,none,-1,False,recently_moving,2.68,29.21,True,True
28,0.9333,70,person,0.6511,299,490,319,527,309.0,508.5,multiline,none,-1,False,insufficient_data,0.0,0.0,False,True
29,0.9667,1,person,0.8276,760,393,776,432,768.0,412.5,multiline,none,-1,False,recently_moving,0.48,5.04,True,True
29,0.9667,38,truck,0.657,624,499,1087,642,855.5,570.5,multiline,none,-1,False,recently_moving,3.61,39.66,True,True
29,0.9667,59,truck,0.4428,0,534,55,623,27.5,578.5,multiline,none,-1,False,recently_moving,1.39,13.74,True,True
29,0.9667,37,car,0.8075,1275,590,1470,665,1372.5,627.5,multiline,none,-1,False,recently_moving,2.76,30.2,True,True
29,0.9667,70,person,0.7042,299,490,319,527,309.0,508.5,multiline,none,-1,False,insufficient_data,0.0,0.0,False,True
30,1.0,1,person,0.8442,760,393,777,431,768.5,412.0,multiline,none,-1,False,recently_moving,0.48,5.09,True,True
30,1.0,38,truck,0.664,625,499,1085,642,855.0,570.5,multiline,none,-1,False,recently_moving,3.69,40.61,True,True
30,1.0,59,car,0.5902,0,533,59,624,29.5,578.5,multiline,none,-1,False,recently_moving,1.57,15.71,True,True
30,1.0,37,car,0.8389,1272,589,1466,665,1369.0,627.0,multiline,none,-1,False,recently_moving,2.82,30.82,True,True
30,1.0,70,person,0.688,298,490,318,528,308.0,509.0,multiline,none,-1,False,insufficient_data,0.0,0.0,False,True
31,1.0333,1,person,0.8397,761,392,778,431,769.5,411.5,multiline,none,-1,False,recently_moving,0.52,5.5,True,True
31,1.0333,38,truck,0.4831,643,499,1082,642,862.5,570.5,multiline,none,-1,False,recently_moving,3.6,37.93,True,True
31,1.0333,59,car,0.7292,0,533,63,626,31.5,579.5,multiline,none,-1,False,recently_moving,1.7,17.47,True,True
31,1.0333,37,car,0.8144,1270,589,1462,665,1366.0,627.0,multiline,none,-1,False,recently_moving,2.86,31.26,True,True
31,1.0333,70,person,0.6666,297,489,317,528,307.0,508.5,multiline,none,-1,False,recently_moving,0.34,1.34,True,True
32,1.0667,1,person,0.8445,761,392,778,431,769.5,411.5,multiline,none,-1,False,recently_moving,0.51,5.44,True,True
32,1.0667,38,truck,0.4067,663,499,1080,642,871.5,570.5,multiline,none,-1,False,recently_moving,3.77,32.36,True,True
32,1.0667,59,car,0.8293,0,532,67,627,33.5,579.5,multiline,none,-1,False,recently_moving,1.83,18.93,True,True
32,1.0667,37,car,0.8338,1267,589,1457,665,1362.0,627.0,multiline,none,-1,False,recently_moving,2.9,31.75,True,True
32,1.0667,70,person,0.5509,296,489,315,528,305.5,508.5,multiline,none,-1,False,recently_moving,0.46,2.28,True,True
32,1.0667,75,person,0.4505,1738,230,1749,252,1743.5,241.0,multiline,none,-1,False,insufficient_data,0.0,0.0,False,True
33,1.1,1,person,0.8393,761,392,778,431,769.5,411.5,multiline,none,-1,False,recently_moving,0.49,5.27,True,True
33,1.1,38,truck,0.6397,666,499,1078,642,872.0,570.5,multiline,none,-1,False,recently_moving,3.73,26.8,True,True
33,1.1,59,car,0.7108,0,532,70,629,35.0,580.5,multiline,none,-1,False,recently_moving,1.9,19.89,True,True
33,1.1,37,car,0.8548,1264,588,1453,665,1358.5,626.5,multiline,none,-1,False,recently_moving,2.93,32.08,True,True
33,1.1,70,person,0.4429,295,489,314,529,304.5,509.0,multiline,none,-1,False,recently_moving,0.55,3.25,True,True
33,1.1,75,person,0.3134,1738,230,1749,251,1743.5,240.5,multiline,none,-1,False,insufficient_data,0.0,0.0,False,True
34,1.1333,1,person,0.8416,762,392,779,431,770.5,411.5,multiline,none,-1,False,recently_moving,0.49,5.33,True,True
34,1.1333,38,truck,0.5949,661,499,1076,642,868.5,570.5,multiline,none,-1,False,recently_moving,3.4,22.31,True,True
34,1.1333,59,car,0.7854,0,533,74,630,37.0,581.5,multiline,none,-1,False,recently_moving,1.98,20.8,True,True
34,1.1333,37,car,0.8544,1262,588,1450,666,1356.0,627.0,multiline,none,-1,False,recently_moving,2.93,32.13,True,True
34,1.1333,70,person,0.6221,294,489,314,530,304.0,509.5,multiline,none,-1,False,recently_moving,0.59,4.07,True,True
34,1.1333,75,person,0.3198,1738,230,1749,251,1743.5,240.5,multiline,none,-1,False,insufficient_data,0.0,0.0,False,True
35,1.1667,1,person,0.8243,763,392,779,431,771.0,411.5,multiline,none,-1,False,recently_moving,0.51,5.51,True,True
35,1.1667,38,truck,0.6437,655,499,1074,642,864.5,570.5,multiline,none,-1,False,recently_moving,3.04,18.34,True,True
35,1.1667,59,truck,0.6774,0,529,78,631,39.0,580.0,multiline,none,-1,False,recently_moving,2.03,21.29,True,True
35,1.1667,37,car,0.8244,1259,588,1447,666,1353.0,627.0,multiline,none,-1,False,recently_moving,2.95,32.33,True,True
35,1.1667,70,person,0.5604,293,488,313,532,303.0,510.0,multiline,none,-1,False,recently_moving,0.63,4.97,True,True
36,1.2,1,person,0.8247,763,392,780,431,771.5,411.5,multiline,none,-1,False,recently_moving,0.51,5.47,True,True
36,1.2,38,truck,0.6703,650,499,1073,642,861.5,570.5,multiline,none,-1,False,recently_moving,2.73,14.87,True,True
36,1.2,59,car,0.6497,0,525,81,632,40.5,578.5,multiline,none,-1,False,recently_moving,2.04,21.45,True,True
36,1.2,37,car,0.8436,1256,588,1443,666,1349.5,627.0,multiline,none,-1,False,recently_moving,2.99,32.78,True,True
36,1.2,70,person,0.6972,292,488,313,533,302.5,510.5,multiline,none,-1,False,recently_moving,0.65,5.76,True,True
37,1.2333,1,person,0.7889,764,392,781,430,772.5,411.0,multiline,none,-1,False,recently_moving,0.53,5.68,True,True
37,1.2333,38,truck,0.5403,644,499,1072,642,858.0,570.5,multiline,none,-1,False,recently_moving,2.55,12.98,True,True
37,1.2333,59,truck,0.3406,0,522,85,633,42.5,577.5,multiline,none,-1,False,recently_moving,2.05,21.55,True,True
37,1.2333,37,car,0.831,1254,588,1440,666,1347.0,627.0,multiline,none,-1,False,recently_moving,3.02,33.06,True,True
37,1.2333,70,person,0.5594,290,488,313,534,301.5,511.0,multiline,none,-1,False,recently_moving,0.68,6.66,True,True
38,1.2667,1,person,0.7821,765,392,781,430,773.0,411.0,multiline,none,-1,False,recently_moving,0.55,5.88,True,True
38,1.2667,38,truck,0.5489,657,499,1072,642,864.5,570.5,multiline,none,-1,False,recently_moving,2.24,8.1,True,True
38,1.2667,59,truck,0.706,0,519,89,633,44.5,576.0,multiline,none,-1,False,recently_moving,2.04,21.55,True,True
38,1.2667,37,car,0.8591,1251,588,1438,666,1344.5,627.0,multiline,none,-1,False,recently_moving,3.03,33.25,True,True
38,1.2667,81,car,0.7996,1873,628,1919,686,1896.0,657.0,multiline,none,-1,False,insufficient_data,0.0,0.0,False,True
39,1.3,1,person,0.7609,765,391,782,430,773.5,410.5,multiline,none,-1,False,recently_moving,0.55,5.89,True,True
39,1.3,38,truck,0.5138,673,499,1071,642,872.0,570.5,multiline,none,-1,False,recently_moving,2.12,0.52,True,True
39,1.3,59,truck,0.6231,0,517,92,634,46.0,575.5,multiline,none,-1,False,recently_moving,2.01,21.33,True,True
39,1.3,37,car,0.8291,1249,588,1436,666,1342.5,627.0,multiline,none,-1,False,recently_moving,3.02,33.14,True,True
39,1.3,81,car,0.8314,1871,627,1919,686,1895.0,656.5,multiline,none,-1,False,insufficient_data,0.0,0.0,False,True
39,1.3,70,person,0.6857,288,488,313,534,300.5,511.0,multiline,none,-1,False,recently_moving,0.7,7.59,True,True
40,1.3333,1,person,0.7793,766,391,782,429,774.0,410.0,multiline,none,-1,False,recently_moving,0.57,6.12,True,True
40,1.3333,38,truck,0.5437,669,499,1069,642,869.0,570.5,multiline,none,-1,False,recently_moving,1.85,4.41,True,True
40,1.3333,59,truck,0.7859,0,515,96,634,48.0,574.5,multiline,none,-1,False,recently_moving,1.99,21.19,True,True
40,1.3333,37,car,0.8613,1246,588,1436,666,1341.0,627.0,multiline,none,-1,False,recently_moving,2.96,32.54,True,True
40,1.3333,81,car,0.8645,1869,627,1919,687,1894.0,657.0,multiline,none,-1,False,insufficient_data,0.0,0.0,False,True
40,1.3333,70,person,0.5986,287,488,311,535,299.0,511.5,multiline,none,-1,False,recently_moving,0.79,8.57,True,True
41,1.3667,1,person,0.7765,766,391,782,429,774.0,410.0,multiline,none,-1,False,recently_moving,0.55,5.98,True,True
41,1.3667,38,truck,0.4411,662,499,1067,642,864.5,570.5,multiline,none,-1,False,recently_moving,1.69,6.15,True,True
41,1.3667,59,truck,0.7531,0,514,100,635,50.0,574.5,multiline,none,-1,False,recently_moving,1.97,21.03,True,True
41,1.3667,37,car,0.8644,1244,588,1435,666,1339.5,627.0,multiline,none,-1,False,recently_moving,2.87,31.51,True,True
41,1.3667,81,car,0.8925,1866,626,1919,688,1892.5,657.0,multiline,none,-1,False,insufficient_data,0.0,0.0,False,True
41,1.3667,70,person,0.7071,286,488,309,534,297.5,511.0,multiline,none,-1,False,recently_moving,0.9,9.7,True,True
42,1.4,1,person,0.7982,767,390,783,429,775.0,409.5,multiline,none,-1,False,recently_moving,0.54,5.91,True,True
42,1.4,38,truck,0.4985,656,498,1065,642,860.5,570.0,multiline,none,-1,False,recently_moving,1.8,3.28,True,True
42,1.4,59,truck,0.764,0,513,103,635,51.5,574.0,multiline,none,-1,False,recently_moving,1.96,20.9,True,True
42,1.4,37,car,0.8493,1241,588,1433,666,1337.0,627.0,multiline,none,-1,False,recently_moving,2.79,30.65,True,True
42,1.4,81,car,0.8931,1862,624,1919,689,1890.5,656.5,multiline,none,-1,False,recently_moving,0.79,3.12,True,True
42,1.4,70,person,0.7002,285,488,306,534,295.5,511.0,multiline,none,-1,False,recently_moving,1.0,10.77,True,True
43,1.4333,1,person,0.7867,768,390,783,429,775.5,409.5,multiline,none,-1,False,recently_moving,0.56,6.04,True,True
43,1.4333,38,truck,0.469,650,498,1063,642,856.5,570.0,multiline,none,-1,False,recently_moving,1.71,3.14,True,True
43,1.4333,59,truck,0.7238,0,512,107,635,53.5,573.5,multiline,none,-1,False,recently_moving,1.95,20.87,True,True
43,1.4333,37,car,0.8468,1239,587,1433,666,1336.0,626.5,multiline,none,-1,False,recently_moving,2.64,29.03,True,True
43,1.4333,81,car,0.8892,1858,623,1919,689,1888.5,656.0,multiline,none,-1,False,recently_moving,0.95,4.67,True,True
43,1.4333,70,person,0.5751,284,488,305,534,294.5,511.0,multiline,none,-1,False,recently_moving,1.06,11.48,True,True
44,1.4667,1,person,0.8,768,390,783,428,775.5,409.0,multiline,none,-1,False,recently_moving,0.57,6.18,True,True
44,1.4667,38,truck,0.5075,662,498,1061,643,861.5,570.5,multiline,none,-1,False,recently_moving,1.48,5.73,True,True
44,1.4667,59,truck,0.6449,0,511,111,635,55.5,573.0,multiline,none,-1,False,recently_moving,1.96,21.17,True,True
44,1.4667,37,car,0.8405,1236,587,1432,666,1334.0,626.5,multiline,none,-1,False,recently_moving,2.5,27.46,True,True
44,1.4667,81,car,0.8856,1854,621,1919,690,1886.5,655.5,multiline,none,-1,False,recently_moving,1.08,6.41,True,True
44,1.4667,70,person,0.7379,282,488,303,534,292.5,511.0,multiline,none,-1,False,recently_moving,1.12,12.11,True,True
44,1.4667,99,car,0.48,0,511,123,636,61.5,573.5,multiline,none,-1,False,insufficient_data,0.0,0.0,False,True
45,1.5,1,person,0.8019,769,389,784,428,776.5,408.5,multiline,none,-1,False,recently_moving,0.58,6.33,True,True
45,1.5,38,truck,0.428,677,498,1059,643,868.0,570.5,multiline,none,-1,False,recently_moving,1.65,3.92,True,True
45,1.5,37,car,0.8577,1234,587,1429,666,1331.5,626.5,multiline,none,-1,False,recently_moving,2.4,26.44,True,True
45,1.5,81,car,0.9049,1850,620,1919,690,1884.5,655.0,multiline,none,-1,False,recently_moving,1.19,8.25,True,True
45,1.5,70,person,0.7419,281,488,302,534,291.5,511.0,multiline,none,-1,False,recently_moving,1.15,12.49,True,True
46,1.5333,1,person,0.7961,769,389,784,427,776.5,408.0,multiline,none,-1,False,recently_moving,0.59,6.34,True,True
46,1.5333,38,truck,0.5589,673,498,1058,643,865.5,570.5,multiline,none,-1,False,recently_moving,1.6,2.22,True,True
46,1.5333,37,car,0.8504,1232,587,1426,666,1329.0,626.5,multiline,none,-1,False,recently_moving,2.33,25.62,True,True
46,1.5333,81,car,0.9115,1846,618,1919,690,1882.5,654.0,multiline,none,-1,False,recently_moving,1.29,10.2,True,True
46,1.5333,70,person,0.6686,280,488,300,534,290.0,511.0,multiline,none,-1,False,recently_moving,1.21,13.06,True,True
46,1.5333,59,truck,0.7939,0,511,115,636,57.5,573.5,multiline,none,-1,False,recently_moving,1.96,21.42,True,True
47,1.5667,1,person,0.7842,770,389,784,427,777.0,408.0,multiline,none,-1,False,recently_moving,0.59,6.34,True,True
47,1.5667,38,truck,0.5313,666,498,1056,643,861.0,570.5,multiline,none,-1,False,recently_moving,1.55,1.66,True,True
47,1.5667,37,car,0.8251,1230,587,1423,666,1326.5,626.5,multiline,none,-1,False,recently_moving,2.25,24.74,True,True
47,1.5667,81,car,0.9105,1841,617,1919,690,1880.0,653.5,multiline,none,-1,False,recently_moving,1.39,12.38,True,True
47,1.5667,70,person,0.7593,279,488,299,534,289.0,511.0,multiline,none,-1,False,recently_moving,1.24,13.43,True,True
47,1.5667,59,truck,0.7073,0,510,119,637,59.5,573.5,multiline,none,-1,False,recently_moving,1.96,21.4,True,True
48,1.6,1,person,0.7824,770,388,784,427,777.0,407.5,multiline,none,-1,False,recently_moving,0.56,6.06,True,True
48,1.6,38,truck,0.6138,674,498,1057,643,865.5,570.5,multiline,none,-1,False,recently_moving,1.41,1.51,True,True
48,1.6,37,car,0.8108,1228,587,1422,666,1325.0,626.5,multiline,none,-1,False,recently_moving,2.17,23.82,True,True
48,1.6,81,car,0.9126,1837,616,1919,690,1878.0,653.0,multiline,none,-1,False,recently_moving,1.46,14.51,True,True
48,1.6,70,person,0.7912,278,488,297,534,287.5,511.0,multiline,none,-1,False,recently_moving,1.29,14.01,True,True
48,1.6,59,truck,0.7423,0,510,123,638,61.5,574.0,multiline,none,-1,False,recently_moving,1.97,21.36,True,True
49,1.6333,1,person,0.7786,771,388,785,427,778.0,407.5,multiline,none,-1,False,recently_moving,0.56,6.05,True,True
49,1.6333,38,truck,0.7321,669,498,1057,643,863.0,570.5,multiline,none,-1,False,recently_moving,1.38,0.44,True,True
49,1.6333,37,car,0.7804,1225,586,1422,666,1323.5,626.0,multiline,none,-1,False,recently_moving,2.08,22.85,True,True
49,1.6333,81,car,0.9121,1832,615,1919,690,1875.5,652.5,multiline,none,-1,False,recently_moving,1.54,16.79,True,True
49,1.6333,70,person,0.7034,276,487,296,534,286.0,510.5,multiline,none,-1,False,recently_moving,1.33,14.54,True,True
49,1.6333,59,truck,0.7891,0,510,126,638,63.0,574.0,multiline,none,-1,False,recently_moving,1.95,21.1,True,True
50,1.6667,1,person,0.7798,771,388,785,426,778.0,407.0,multiline,none,-1,False,recently_moving,0.54,5.89,True,True
50,1.6667,38,truck,0.5776,661,498,1060,643,860.5,570.5,multiline,none,-1,False,recently_moving,1.19,3.78,True,True
50,1.6667,37,car,0.8163,1223,586,1422,665,1322.5,625.5,multiline,none,-1,False,recently_moving,2.0,21.91,True,True
50,1.6667,81,car,0.9103,1828,614,1919,689,1873.5,651.5,multiline,none,-1,False,recently_moving,1.71,18.68,True,True
50,1.6667,70,person,0.6817,275,487,295,534,285.0,510.5,multiline,none,-1,False,recently_moving,1.36,14.91,True,True
50,1.6667,59,truck,0.7405,0,510,129,639,64.5,574.5,multiline,none,-1,False,recently_moving,1.91,20.65,True,True
51,1.7,1,person,0.7268,772,388,786,426,779.0,407.0,multiline,none,-1,False,recently_moving,0.54,5.81,True,True
51,1.7,38,truck,0.5576,652,498,1059,643,855.5,570.5,multiline,none,-1,False,recently_moving,1.33,7.25,True,True
51,1.7,37,car,0.7611,1221,586,1423,665,1322.0,625.5,multiline,none,-1,False,recently_moving,1.91,20.97,True,True
51,1.7,81,car,0.9127,1824,613,1919,689,1871.5,651.0,multiline,none,-1,False,recently_moving,1.86,20.35,True,True
51,1.7,70,person,0.4785,274,487,294,534,284.0,510.5,multiline,none,-1,False,recently_moving,1.37,15.01,True,True
51,1.7,59,bus,0.5096,0,510,132,640,66.0,575.0,multiline,none,-1,False,recently_moving,1.88,20.3,True,True
51,1.7,106,person,0.4064,1748,231,1758,250,1753.0,240.5,multiline,none,-1,False,insufficient_data,0.0,0.0,False,True
52,1.7333,1,person,0.7591,772,388,787,426,779.5,407.0,multiline,none,-1,False,recently_moving,0.55,5.95,True,True
52,1.7333,38,truck,0.5233,661,498,1056,643,858.5,570.5,multiline,none,-1,False,recently_moving,1.29,6.83,True,True
52,1.7333,37,car,0.7521,1219,586,1422,665,1320.5,625.5,multiline,none,-1,False,recently_moving,1.85,20.33,True,True
52,1.7333,81,car,0.9245,1819,613,1919,689,1869.0,651.0,multiline,none,-1,False,recently_moving,1.98,21.74,True,True
52,1.7333,70,person,0.6231,272,487,294,534,283.0,510.5,multiline,none,-1,False,recently_moving,1.35,14.85,True,True
52,1.7333,59,truck,0.6138,0,510,135,640,67.5,575.0,multiline,none,-1,False,recently_moving,1.84,19.91,True,True
52,1.7333,106,person,0.5632,1748,230,1758,250,1753.0,240.0,multiline,none,-1,False,insufficient_data,0.0,0.0,False,True
53,1.7667,1,person,0.749,772,388,788,426,780.0,407.0,multiline,none,-1,False,recently_moving,0.54,5.82,True,True
53,1.7667,38,truck,0.7274,674,498,1053,643,863.5,570.5,multiline,none,-1,False,recently_moving,1.24,3.4,True,True
53,1.7667,37,car,0.8332,1217,586,1418,665,1317.5,625.5,multiline,none,-1,False,recently_moving,1.83,20.06,True,True
53,1.7667,81,car,0.9251,1815,612,1919,689,1867.0,650.5,multiline,none,-1,False,recently_moving,2.06,22.62,True,True
53,1.7667,70,person,0.473,271,487,294,535,282.5,511.0,multiline,none,-1,False,recently_moving,1.29,14.2,True,True
53,1.7667,59,truck,0.7041,0,510,138,641,69.0,575.5,multiline,none,-1,False,recently_moving,1.81,19.57,True,True
53,1.7667,106,person,0.4556,1748,230,1758,250,1753.0,240.0,multiline,none,-1,False,insufficient_data,0.0,0.0,False,True
54,1.8,1,person,0.7434,773,388,788,426,780.5,407.0,multiline,none,-1,False,recently_moving,0.54,5.73,True,True
54,1.8,38,truck,0.5056,684,498,1051,643,867.5,570.5,multiline,none,-1,False,recently_moving,1.2,1.66,True,True
54,1.8,37,car,0.8611,1215,586,1412,665,1313.5,625.5,multiline,none,-1,False,recently_moving,1.91,20.93,True,True
54,1.8,81,car,0.9269,1811,612,1919,689,1865.0,650.5,multiline,none,-1,False,recently_moving,2.11,23.16,True,True
54,1.8,70,person,0.4295,270,487,292,535,281.0,511.0,multiline,none,-1,False,recently_moving,1.27,13.97,True,True
54,1.8,59,truck,0.7372,0,510,139,642,69.5,576.0,multiline,none,-1,False,recently_moving,1.76,19.01,True,True
54,1.8,106,person,0.4352,1749,230,1759,250,1754.0,240.0,multiline,none,-1,False,insufficient_data,0.0,0.0,False,True
55,1.8333,1,person,0.7547,773,388,789,426,781.0,407.0,multiline,none,-1,False,recently_moving,0.54,5.72,True,True
55,1.8333,38,truck,0.5885,693,498,1049,643,871.0,570.5,multiline,none,-1,False,recently_moving,1.44,4.37,True,True
55,1.8333,37,car,0.7653,1213,586,1409,665,1311.0,625.5,multiline,none,-1,False,recently_moving,1.97,21.68,True,True
55,1.8333,81,car,0.9229,1806,611,1919,688,1862.5,649.5,multiline,none,-1,False,recently_moving,2.16,23.73,True,True
55,1.8333,70,person,0.5198,269,487,291,534,280.0,510.5,multiline,none,-1,False,recently_moving,1.23,13.48,True,True
55,1.8333,59,truck,0.5495,0,509,141,642,70.5,575.5,multiline,none,-1,False,recently_moving,1.68,18.3,True,True
55,1.8333,106,person,0.3724,1750,230,1759,250,1754.5,240.0,multiline,none,-1,False,recently_moving,0.26,0.89,True,True
56,1.8667,1,person,0.7719,774,387,790,426,782.0,406.5,multiline,none,-1,False,recently_moving,0.54,5.73,True,True
56,1.8667,38,truck,0.538,699,498,1048,642,873.5,570.0,multiline,none,-1,False,recently_moving,1.47,4.74,True,True
56,1.8667,37,car,0.8046,1211,586,1406,664,1308.5,625.0,multiline,none,-1,False,recently_moving,2.02,22.18,True,True
56,1.8667,81,car,0.9201,1802,611,1919,688,1860.5,649.5,multiline,none,-1,False,recently_moving,2.19,24.06,True,True
56,1.8667,70,person,0.4415,268,487,289,534,278.5,510.5,multiline,none,-1,False,recently_moving,1.22,13.34,True,True
56,1.8667,59,truck,0.7253,0,509,142,643,71.0,576.0,multiline,none,-1,False,recently_moving,1.59,17.36,True,True
56,1.8667,106,person,0.378,1750,229,1760,249,1755.0,239.0,multiline,none,-1,False,recently_moving,0.32,1.43,True,True
57,1.9,1,person,0.7407,775,387,791,425,783.0,406.0,multiline,none,-1,False,recently_moving,0.57,6.07,True,True
57,1.9,38,truck,0.6856,703,498,1047,642,875.0,570.0,multiline,none,-1,False,recently_moving,1.62,6.39,True,True
57,1.9,37,car,0.8762,1209,586,1402,664,1305.5,625.0,multiline,none,-1,False,recently_moving,2.06,22.67,True,True
57,1.9,81,car,0.9252,1798,611,1919,687,1858.5,649.0,multiline,none,-1,False,recently_moving,2.21,24.22,True,True
57,1.9,70,person,0.5377,267,487,287,534,277.0,510.5,multiline,none,-1,False,recently_moving,1.21,13.24,True,True
57,1.9,59,bus,0.7861,0,509,143,643,71.5,576.0,multiline,none,-1,False,recently_moving,1.48,16.24,True,True
57,1.9,106,person,0.4943,1750,229,1760,249,1755.0,239.0,multiline,none,-1,False,recently_moving,0.33,1.81,True,True
58,1.9333,1,person,0.7511,775,387,791,425,783.0,406.0,multiline,none,-1,False,recently_moving,0.57,6.14,True,True
58,1.9333,38,truck,0.7022,706,498,1044,642,875.0,570.0,multiline,none,-1,False,recently_moving,1.64,9.05,True,True
58,1.9333,37,car,0.885,1207,586,1399,664,1303.0,625.0,multiline,none,-1,False,recently_moving,2.09,22.99,True,True
58,1.9333,81,car,0.9317,1794,611,1919,687,1856.5,649.0,multiline,none,-1,False,recently_moving,2.2,24.12,True,True
58,1.9333,70,person,0.6772,266,487,286,534,276.0,510.5,multiline,none,-1,False,recently_moving,1.2,13.16,True,True
58,1.9333,59,bus,0.902,0,509,144,644,72.0,576.5,multiline,none,-1,False,recently_moving,1.37,15.03,True,True
58,1.9333,106,person,0.617,1751,229,1761,249,1756.0,239.0,multiline,none,-1,False,recently_moving,0.36,2.34,True,True
59,1.9667,1,person,0.776,776,387,792,425,784.0,406.0,multiline,none,-1,False,recently_moving,0.6,6.48,True,True
59,1.9667,38,truck,0.7157,708,498,1040,642,874.0,570.0,multiline,none,-1,False,recently_moving,1.63,8.86,True,True
59,1.9667,37,car,0.8744,1205,586,1396,664,1300.5,625.0,multiline,none,-1,False,recently_moving,2.14,23.54,True,True
59,1.9667,81,car,0.9259,1791,611,1919,687,1855.0,649.0,multiline,none,-1,False,recently_moving,2.17,23.85,True,True
59,1.9667,59,truck,0.6582,0,509,146,644,73.0,576.5,multiline,none,-1,False,recently_moving,1.27,13.88,True,True
59,1.9667,106,person,0.6108,1751,229,1761,249,1756.0,239.0,multiline,none,-1,False,recently_moving,0.37,2.72,True,True
60,2.0,1,person,0.7746,776,386,792,424,784.0,405.0,multiline,none,-1,False,recently_moving,0.6,6.49,True,True
60,2.0,38,truck,0.7311,709,498,1037,642,873.0,570.0,multiline,none,-1,False,recently_moving,1.6,9.28,True,True
60,2.0,37,car,0.8716,1203,585,1393,664,1298.0,624.5,multiline,none,-1,False,recently_moving,2.2,24.22,True,True
60,2.0,81,car,0.9203,1787,611,1919,687,1853.0,649.0,multiline,none,-1,False,recently_moving,2.14,23.45,True,True
60,2.0,59,truck,0.7071,0,508,149,644,74.5,576.0,multiline,none,-1,False,recently_moving,1.2,13.13,True,True
60,2.0,106,person,0.5896,1751,229,1762,249,1756.5,239.0,multiline,none,-1,False,recently_moving,0.37,3.13,True,True
60,2.0,121,bus,0.3999,0,509,160,646,80.0,577.5,multiline,none,-1,False,insufficient_data,0.0,0.0,False,True
61,2.0333,1,person,0.7593,777,386,793,424,785.0,405.0,multiline,none,-1,False,recently_moving,0.63,6.77,True,True
61,2.0333,38,truck,0.749,710,498,1034,642,872.0,570.0,multiline,none,-1,False,recently_moving,1.53,10.07,True,True
61,2.0333,37,car,0.89,1202,585,1391,663,1296.5,624.0,multiline,none,-1,False,recently_moving,2.26,24.85,True,True
61,2.0333,81,car,0.9092,1783,610,1919,687,1851.0,648.5,multiline,none,-1,False,recently_moving,2.11,23.16,True,True
61,2.0333,59,truck,0.4798,0,508,151,645,75.5,576.5,multiline,none,-1,False,recently_moving,1.14,12.46,True,True
61,2.0333,106,person,0.576,1752,229,1762,249,1757.0,239.0,multiline,none,-1,False,recently_moving,0.38,3.56,True,True
61,2.0333,121,bus,0.6745,0,508,159,646,79.5,577.0,multiline,none,-1,False,insufficient_data,0.0,0.0,False,True
62,2.0667,1,person,0.6783,778,386,793,424,785.5,405.0,multiline,none,-1,False,recently_moving,0.63,6.82,True,True
62,2.0667,38,truck,0.6939,709,498,1031,642,870.0,570.0,multiline,none,-1,False,recently_moving,1.38,11.66,True,True
62,2.0667,37,car,0.8824,1200,584,1388,663,1294.0,623.5,multiline,none,-1,False,recently_moving,2.36,25.93,True,True
62,2.0667,81,car,0.9137,1780,610,1919,686,1849.5,648.0,multiline,none,-1,False,recently_moving,2.07,22.78,True,True
62,2.0667,59,bus,0.4228,0,507,153,645,76.5,576.0,multiline,none,-1,False,recently_moving,1.08,11.82,True,True
62,2.0667,106,person,0.5141,1752,229,1763,249,1757.5,239.0,multiline,none,-1,False,recently_moving,0.39,4.0,True,True
62,2.0667,121,truck,0.6368,0,507,158,646,79.0,576.5,multiline,none,-1,False,insufficient_data,0.0,0.0,False,True
62,2.0667,124,person,0.4628,0,581,26,624,13.0,602.5,multiline,none,-1,False,insufficient_data,0.0,0.0,False,True
63,2.1,1,person,0.4088,778,387,794,423,786.0,405.0,multiline,none,-1,False,recently_moving,0.63,6.84,True,True
63,2.1,38,truck,0.682,708,498,1029,641,868.5,569.5,multiline,none,-1,False,recently_moving,1.44,11.12,True,True
63,2.1,37,car,0.8901,1198,584,1386,663,1292.0,623.5,multiline,none,-1,False,recently_moving,2.44,26.83,True,True
63,2.1,81,car,0.9115,1776,610,1919,686,1847.5,648.0,multiline,none,-1,False,recently_moving,2.04,22.38,True,True
63,2.1,59,bus,0.5235,0,506,154,645,77.0,575.5,multiline,none,-1,False,recently_moving,1.02,11.03,True,True
63,2.1,106,person,0.6131,1752,229,1763,250,1757.5,239.5,multiline,none,-1,False,recently_moving,0.4,4.18,True,True
63,2.1,121,truck,0.3822,0,506,158,646,79.0,576.0,multiline,none,-1,False,insufficient_data,0.0,0.0,False,True
64,2.1333,1,person,0.32,779,387,794,423,786.5,405.0,multiline,none,-1,False,recently_moving,0.63,6.83,True,True
64,2.1333,38,truck,0.6402,707,497,1028,641,867.5,569.0,multiline,none,-1,False,recently_moving,1.41,8.67,True,True
64,2.1333,37,car,0.8909,1197,584,1384,663,1290.5,623.5,multiline,none,-1,False,recently_moving,2.45,26.91,True,True
64,2.1333,81,car,0.9072,1772,610,1919,686,1845.5,648.0,multiline,none,-1,False,recently_moving,2.01,22.12,True,True
64,2.1333,106,person,0.4889,1752,229,1764,250,1758.0,239.5,multiline,none,-1,False,recently_moving,0.43,4.47,True,True
65,2.1667,38,truck,0.7417,706,497,1026,641,866.0,569.0,multiline,none,-1,False,recently_moving,1.31,5.21,True,True
65,2.1667,37,car,0.8936,1195,584,1382,662,1288.5,623.0,multiline,none,-1,False,recently_moving,2.39,26.28,True,True
65,2.1667,81,car,0.9059,1769,610,1919,686,1844.0,648.0,multiline,none,-1,False,recently_moving,1.98,21.77,True,True
65,2.1667,106,person,0.5378,1753,229,1765,249,1759.0,239.0,multiline,none,-1,False,recently_moving,0.45,4.69,True,True
65,2.1667,59,bus,0.8459,0,505,155,645,77.5,575.0,multiline,none,-1,False,recently_moving,0.95,10.12,True,True
66,2.2,38,truck,0.5724,705,497,1025,641,865.0,569.0,multiline,none,-1,False,recently_moving,1.17,1.79,True,True
66,2.2,37,car,0.8707,1193,584,1381,662,1287.0,623.0,multiline,none,-1,False,recently_moving,2.32,25.5,True,True
66,2.2,81,car,0.9054,1767,609,1919,686,1843.0,647.5,multiline,none,-1,False,recently_moving,1.91,20.99,True,True
66,2.2,106,person,0.362,1753,229,1765,249,1759.0,239.0,multiline,none,-1,False,recently_moving,0.45,4.69,True,True
66,2.2,59,bus,0.8424,0,505,155,645,77.5,575.0,multiline,none,-1,False,recently_moving,0.88,9.37,True,True
67,2.2333,38,truck,0.6449,703,497,1025,641,864.0,569.0,multiline,none,-1,False,recently_moving,1.03,2.79,True,True
67,2.2333,37,car,0.8847,1192,584,1379,662,1285.5,623.0,multiline,none,-1,False,recently_moving,2.24,24.64,True,True
67,2.2333,81,car,0.9096,1763,609,1919,687,1841.0,648.0,multiline,none,-1,False,recently_moving,1.86,20.46,True,True
67,2.2333,106,person,0.3875,1754,229,1765,249,1759.5,239.0,multiline,none,-1,False,recently_moving,0.44,4.63,True,True
67,2.2333,59,bus,0.7855,0,505,155,644,77.5,574.5,multiline,none,-1,False,recently_moving,0.82,8.57,True,True
67,2.2333,70,person,0.7323,262,485,283,534,272.5,509.5,multiline,none,-1,False,recently_moving,1.26,13.82,True,True
67,2.2333,1,person,0.3224,780,387,794,423,787.0,405.0,multiline,none,-1,False,recently_moving,0.63,6.82,True,True
68,2.2667,38,truck,0.7031,701,497,1024,640,862.5,568.5,multiline,none,-1,False,recently_moving,0.94,6.15,True,True
68,2.2667,37,car,0.8785,1190,584,1377,662,1283.5,623.0,multiline,none,-1,False,recently_moving,2.16,23.75,True,True
68,2.2667,81,car,0.9139,1759,609,1919,687,1839.0,648.0,multiline,none,-1,False,recently_moving,1.83,20.13,True,True
68,2.2667,106,person,0.4187,1755,229,1766,249,1760.5,239.0,multiline,none,-1,False,recently_moving,0.46,4.93,True,True
68,2.2667,59,bus,0.7963,0,504,156,643,78.0,573.5,multiline,none,-1,False,recently_moving,0.79,8.11,True,True
68,2.2667,70,person,0.5411,259,484,281,534,270.0,509.0,multiline,none,-1,False,recently_moving,1.34,14.61,True,True
69,2.3,38,truck,0.6941,700,497,1023,640,861.5,568.5,multiline,none,-1,False,recently_moving,0.92,8.73,True,True
69,2.3,37,car,0.8576,1189,584,1375,662,1282.0,623.0,multiline,none,-1,False,recently_moving,2.08,22.81,True,True
69,2.3,81,car,0.9194,1756,609,1919,688,1837.5,648.5,multiline,none,-1,False,recently_moving,1.8,19.72,True,True
69,2.3,106,person,0.3533,1755,229,1766,249,1760.5,239.0,multiline,none,-1,False,recently_moving,0.44,4.79,True,True
69,2.3,59,bus,0.7817,0,504,157,643,78.5,573.5,multiline,none,-1,False,recently_moving,0.77,7.85,True,True
69,2.3,70,person,0.7931,256,484,279,534,267.5,509.0,multiline,none,-1,False,recently_moving,1.43,15.64,True,True
70,2.3333,38,truck,0.605,698,497,1023,640,860.5,568.5,multiline,none,-1,False,recently_moving,0.96,10.43,True,True
70,2.3333,37,car,0.86,1187,584,1373,662,1280.0,623.0,multiline,none,-1,False,recently_moving,2.01,22.04,True,True
70,2.3333,81,car,0.9187,1753,609,1919,689,1836.0,649.0,multiline,none,-1,False,recently_moving,1.78,19.45,True,True
70,2.3333,106,person,0.2773,1756,229,1767,249,1761.5,239.0,multiline,none,-1,False,recently_moving,0.46,5.04,True,True
70,2.3333,59,bus,0.8254,0,503,158,642,79.0,572.5,multiline,none,-1,False,recently_moving,0.78,7.87,True,True
70,2.3333,70,person,0.7797,254,483,278,534,266.0,508.5,multiline,none,-1,False,recently_moving,1.51,16.49,True,True
70,2.3333,124,person,0.5258,0,581,24,624,12.0,602.5,multiline,none,-1,False,insufficient_data,0.0,0.0,False,True
71,2.3667,38,truck,0.4927,696,497,1020,640,858.0,568.5,multiline,none,-1,False,recently_moving,1.1,12.08,True,True
71,2.3667,37,car,0.8479,1186,584,1371,662,1278.5,623.0,multiline,none,-1,False,recently_moving,1.93,21.2,True,True
71,2.3667,81,car,0.9133,1750,609,1919,690,1834.5,649.5,multiline,none,-1,False,recently_moving,1.75,19.13,True,True
71,2.3667,106,person,0.3972,1757,229,1767,249,1762.0,239.0,multiline,none,-1,False,recently_moving,0.48,5.18,True,True
71,2.3667,59,bus,0.8228,0,503,159,642,79.5,572.5,multiline,none,-1,False,recently_moving,0.76,7.76,True,True
71,2.3667,70,person,0.7971,252,482,277,535,264.5,508.5,multiline,none,-1,False,recently_moving,1.57,17.22,True,True
71,2.3667,124,person,0.3177,0,581,24,622,12.0,601.5,multiline,none,-1,False,insufficient_data,0.0,0.0,False,True
72,2.4,38,truck,0.6694,695,497,1017,640,856.0,568.5,multiline,none,-1,False,recently_moving,1.23,13.51,True,True
72,2.4,37,car,0.865,1184,584,1370,662,1277.0,623.0,multiline,none,-1,False,recently_moving,1.88,20.64,True,True
72,2.4,81,car,0.9098,1748,609,1919,690,1833.5,649.5,multiline,none,-1,False,recently_moving,1.7,18.58,True,True
72,2.4,59,bus,0.6579,0,503,159,642,79.5,572.5,multiline,none,-1,False,recently_moving,0.7,7.15,True,True
72,2.4,70,person,0.7908,250,481,276,535,263.0,508.0,multiline,none,-1,False,recently_moving,1.65,18.12,True,True
73,2.4333,38,truck,0.4822,693,496,1014,639,853.5,567.5,multiline,none,-1,False,recently_moving,1.33,14.64,True,True
73,2.4333,37,car,0.8672,1183,584,1368,662,1275.5,623.0,multiline,none,-1,False,recently_moving,1.81,19.91,True,True
73,2.4333,81,car,0.9178,1745,609,1919,690,1832.0,649.5,multiline,none,-1,False,recently_moving,1.67,18.23,True,True
73,2.4333,59,bus,0.5131,0,502,160,642,80.0,572.0,multiline,none,-1,False,recently_moving,0.65,6.83,True,True
73,2.4333,70,person,0.7267,249,481,275,535,262.0,508.0,multiline,none,-1,False,recently_moving,1.69,18.52,True,True
73,2.4333,136,person,0.5972,48,589,79,633,63.5,611.0,multiline,none,-1,False,insufficient_data,0.0,0.0,False,True
74,2.4667,37,car,0.8778,1182,584,1366,663,1274.0,623.5,multiline,none,-1,False,recently_moving,1.75,19.26,True,True
74,2.4667,81,car,0.9153,1742,609,1919,690,1830.5,649.5,multiline,none,-1,False,recently_moving,1.63,17.84,True,True
74,2.4667,59,bus,0.3214,0,502,160,642,80.0,572.0,multiline,none,-1,False,recently_moving,0.59,6.27,True,True
74,2.4667,70,person,0.7381,248,482,273,534,260.5,508.0,multiline,none,-1,False,recently_moving,1.72,18.93,True,True
74,2.4667,136,person,0.6584,48,589,80,632,64.0,610.5,multiline,none,-1,False,insufficient_data,0.0,0.0,False,True
75,2.5,37,car,0.8812,1180,584,1364,663,1272.0,623.5,multiline,none,-1,False,recently_moving,1.73,19.01,True,True
75,2.5,81,car,0.9218,1739,609,1919,690,1829.0,649.5,multiline,none,-1,False,recently_moving,1.59,17.41,True,True
75,2.5,70,person,0.7255,246,482,272,534,259.0,508.0,multiline,none,-1,False,recently_moving,1.75,19.19,True,True
75,2.5,136,person,0.5264,48,589,82,632,65.0,610.5,multiline,none,-1,False,insufficient_data,0.0,0.0,False,True
76,2.5333,37,car,0.8662,1179,584,1363,663,1271.0,623.5,multiline,none,-1,False,recently_moving,1.68,18.48,True,True
76,2.5333,81,car,0.9171,1737,609,1919,690,1828.0,649.5,multiline,none,-1,False,recently_moving,1.55,16.94,True,True
76,2.5333,70,person,0.5435,245,483,270,533,257.5,508.0,multiline,none,-1,False,recently_moving,1.76,19.35,True,True
76,2.5333,136,person,0.6072,49,589,84,632,66.5,610.5,multiline,none,-1,False,insufficient_data,0.0,0.0,False,True
77,2.5667,37,car,0.861,1178,584,1363,662,1270.5,623.0,multiline,none,-1,False,recently_moving,1.62,17.79,True,True
77,2.5667,81,car,0.9134,1734,609,1919,690,1826.5,649.5,multiline,none,-1,False,recently_moving,1.53,16.82,True,True
77,2.5667,70,person,0.4831,241,484,268,533,254.5,508.5,multiline,none,-1,False,recently_moving,1.84,20.12,True,True
77,2.5667,136,person,0.5894,51,589,87,632,69.0,610.5,multiline,none,-1,False,recently_moving,0.75,2.92,True,True
78,2.6,37,car,0.8564,1176,583,1364,662,1270.0,622.5,multiline,none,-1,False,recently_moving,1.55,16.99,True,True
78,2.6,81,car,0.9101,1732,609,1919,690,1825.5,649.5,multiline,none,-1,False,recently_moving,1.49,16.38,True,True
78,2.6,70,person,0.437,239,484,266,533,252.5,508.5,multiline,none,-1,False,recently_moving,1.83,20.07,True,True
78,2.6,136,person,0.4813,54,589,90,632,72.0,610.5,multiline,none,-1,False,recently_moving,0.99,4.89,True,True
78,2.6,59,bus,0.4924,0,503,160,642,80.0,572.5,multiline,none,-1,False,recently_moving,0.52,5.56,True,True
79,2.6333,37,car,0.8803,1175,583,1362,662,1268.5,622.5,multiline,none,-1,False,recently_moving,1.49,16.28,True,True
79,2.6333,81,car,0.9086,1730,609,1919,690,1824.5,649.5,multiline,none,-1,False,recently_moving,1.43,15.74,True,True
79,2.6333,70,person,0.4419,236,484,264,533,250.0,508.5,multiline,none,-1,False,recently_moving,1.83,20.02,True,True
79,2.6333,136,person,0.6262,58,590,94,633,76.0,611.5,multiline,none,-1,False,recently_moving,1.28,7.56,True,True
79,2.6333,59,bus,0.4379,0,504,161,642,80.5,573.0,multiline,none,-1,False,recently_moving,0.48,4.88,True,True
80,2.6667,37,car,0.8782,1173,583,1360,662,1266.5,622.5,multiline,none,-1,False,recently_moving,1.46,16.0,True,True
80,2.6667,81,car,0.9116,1727,609,1919,690,1823.0,649.5,multiline,none,-1,False,recently_moving,1.39,15.31,True,True
80,2.6667,70,person,0.6974,235,484,262,533,248.5,508.5,multiline,none,-1,False,recently_moving,1.8,19.65,True,True
80,2.6667,136,person,0.4782,63,590,98,633,80.5,611.5,multiline,none,-1,False,recently_moving,1.57,10.88,True,True
80,2.6667,59,bus,0.7122,0,505,161,642,80.5,573.5,multiline,none,-1,False,recently_moving,0.47,4.33,True,True
80,2.6667,148,person,0.4474,44,586,68,641,56.0,613.5,multiline,none,-1,False,insufficient_data,0.0,0.0,False,True
81,2.7,37,car,0.8899,1172,583,1357,662,1264.5,622.5,multiline,none,-1,False,recently_moving,1.44,15.81,True,True
81,2.7,81,car,0.9146,1725,609,1919,690,1822.0,649.5,multiline,none,-1,False,recently_moving,1.35,14.83,True,True
81,2.7,70,person,0.7484,234,484,261,533,247.5,508.5,multiline,none,-1,False,recently_moving,1.75,19.23,True,True
81,2.7,136,person,0.5289,68,591,103,633,85.5,612.0,multiline,none,-1,False,recently_moving,1.87,14.8,True,True
81,2.7,59,bus,0.6228,0,505,161,642,80.5,573.5,multiline,none,-1,False,recently_moving,0.45,3.89,True,True
81,2.7,148,person,0.6365,44,586,68,641,56.0,613.5,multiline,none,-1,False,insufficient_data,0.0,0.0,False,True
82,2.7333,37,car,0.8989,1170,583,1355,661,1262.5,622.0,multiline,none,-1,False,recently_moving,1.45,15.87,True,True
82,2.7333,81,car,0.9214,1723,609,1919,690,1821.0,649.5,multiline,none,-1,False,recently_moving,1.31,14.34,True,True
82,2.7333,70,person,0.6572,234,484,260,533,247.0,508.5,multiline,none,-1,False,recently_moving,1.7,18.6,True,True
82,2.7333,136,person,0.5197,74,591,107,633,90.5,612.0,multiline,none,-1,False,recently_moving,2.14,19.09,True,True
82,2.7333,59,truck,0.325,0,506,161,643,80.5,574.5,multiline,none,-1,False,recently_moving,0.44,3.2,True,True
82,2.7333,148,person,0.6708,44,586,70,640,57.0,613.0,multiline,none,-1,False,insufficient_data,0.0,0.0,False,True
83,2.7667,37,car,0.8942,1169,583,1353,661,1261.0,622.0,multiline,none,-1,False,recently_moving,1.45,15.9,True,True
83,2.7667,81,car,0.9126,1721,608,1918,690,1819.5,649.0,multiline,none,-1,False,recently_moving,1.29,14.19,True,True
83,2.7667,136,person,0.6316,79,591,112,634,95.5,612.5,multiline,none,-1,False,recently_moving,2.38,23.64,True,True
83,2.7667,148,person,0.4475,46,586,73,636,59.5,611.0,multiline,none,-1,False,insufficient_data,0.0,0.0,False,True
84,2.8,37,car,0.8902,1167,583,1351,661,1259.0,622.0,multiline,none,-1,False,recently_moving,1.47,16.1,True,True
84,2.8,81,car,0.9128,1719,608,1918,690,1818.5,649.0,multiline,none,-1,False,recently_moving,1.27,13.93,True,True
84,2.8,136,person,0.4055,83,592,117,634,100.0,613.0,multiline,none,-1,False,recently_moving,2.57,28.18,True,True
84,2.8,148,person,0.3569,48,587,76,632,62.0,609.5,multiline,none,-1,False,recently_moving,0.92,3.67,True,True
84,2.8,59,bus,0.3123,0,506,161,643,80.5,574.5,multiline,none,-1,False,recently_moving,0.42,2.71,True,True
85,2.8333,37,car,0.8982,1165,583,1349,661,1257.0,622.0,multiline,none,-1,False,recently_moving,1.5,16.41,True,True
85,2.8333,81,car,0.917,1717,608,1917,689,1817.0,648.5,multiline,none,-1,False,recently_moving,1.25,13.76,True,True
85,2.8333,136,person,0.2784,88,593,122,634,105.0,613.5,multiline,none,-1,False,recently_moving,2.98,32.73,True,True
85,2.8333,148,person,0.5445,51,588,80,629,65.5,608.5,multiline,none,-1,False,recently_moving,1.23,6.13,True,True
86,2.8667,37,car,0.8895,1164,583,1348,661,1256.0,622.0,multiline,none,-1,False,recently_moving,1.48,16.27,True,True
86,2.8667,81,car,0.9086,1715,608,1915,689,1815.0,648.5,multiline,none,-1,False,recently_moving,1.26,13.83,True,True
86,2.8667,148,person,0.5731,53,588,84,627,68.5,607.5,multiline,none,-1,False,recently_moving,1.48,8.83,True,True
86,2.8667,59,bus,0.3909,0,506,160,643,80.0,574.5,multiline,none,-1,False,recently_moving,0.37,2.2,True,True
87,2.9,37,car,0.8901,1162,583,1346,661,1254.0,622.0,multiline,none,-1,False,recently_moving,1.51,16.54,True,True
87,2.9,81,car,0.9135,1713,608,1914,689,1813.5,648.5,multiline,none,-1,False,recently_moving,1.28,14.07,True,True
87,2.9,148,person,0.5113,57,589,88,626,72.5,607.5,multiline,none,-1,False,recently_moving,1.71,11.85,True,True
88,2.9333,37,car,0.8731,1160,583,1344,661,1252.0,622.0,multiline,none,-1,False,recently_moving,1.57,17.23,True,True
88,2.9333,81,car,0.8652,1711,607,1912,689,1811.5,648.0,multiline,none,-1,False,recently_moving,1.31,14.41,True,True
88,2.9333,148,person,0.6376,61,589,92,625,76.5,607.0,multiline,none,-1,False,recently_moving,1.93,15.21,True,True
88,2.9333,70,person,0.5871,232,484,256,531,244.0,507.5,multiline,none,-1,False,recently_moving,1.71,18.72,True,True
88,2.9333,59,bus,0.4835,0,506,182,643,91.0,574.5,multiline,none,-1,False,recently_moving,0.66,5.53,True,True
89,2.9667,37,car,0.877,1159,582,1342,661,1250.5,621.5,multiline,none,-1,False,recently_moving,1.64,18.02,True,True
89,2.9667,81,car,0.9084,1709,607,1910,689,1809.5,648.0,multiline,none,-1,False,recently_moving,1.37,14.98,True,True
89,2.9667,148,person,0.5623,65,590,97,624,81.0,607.0,multiline,none,-1,False,recently_moving,2.13,18.91,True,True
89,2.9667,163,person,0.5146,798,381,809,416,803.5,398.5,multiline,none,-1,False,insufficient_data,0.0,0.0,False,True
89,2.9667,70,person,0.6068,230,484,253,530,241.5,507.0,multiline,none,-1,False,recently_moving,1.76,19.32,True,True
89,2.9667,59,bus,0.8266,0,505,205,643,102.5,574.0,multiline,none,-1,False,recently_moving,1.21,11.67,True,True
90,3.0,37,car,0.889,1157,582,1340,661,1248.5,621.5,multiline,none,-1,False,recently_moving,1.7,18.72,True,True
90,3.0,81,car,0.9073,1706,607,1908,689,1807.0,648.0,multiline,none,-1,False,recently_moving,1.45,15.88,True,True
90,3.0,148,person,0.5976,69,591,101,624,85.0,607.5,multiline,none,-1,False,recently_moving,2.31,22.63,True,True
90,3.0,163,person,0.5301,798,380,809,416,803.5,398.0,multiline,none,-1,False,insufficient_data,0.0,0.0,False,True
90,3.0,70,person,0.5543,229,484,250,530,239.5,507.0,multiline,none,-1,False,recently_moving,1.82,19.89,True,True
90,3.0,59,bus,0.7324,0,505,226,643,113.0,574.0,multiline,none,-1,False,recently_moving,1.88,19.18,True,True
91,3.0333,37,car,0.8781,1155,582,1338,661,1246.5,621.5,multiline,none,-1,False,stationary,1.74,19.17,False,True
91,3.0333,81,car,0.9124,1704,607,1906,689,1805.0,648.0,multiline,none,-1,False,stationary,1.52,16.64,False,True
91,3.0333,148,person,0.2995,73,591,106,624,89.5,607.5,multiline,none,-1,False,recently_moving,2.47,26.6,True,True
91,3.0333,163,person,0.5573,798,380,809,416,803.5,398.0,multiline,none,-1,False,insufficient_data,0.0,0.0,False,True
91,3.0333,70,person,0.6105,228,484,248,528,238.0,506.0,multiline,none,-1,False,stationary,1.86,20.28,False,True
91,3.0333,59,bus,0.7264,0,504,244,643,122.0,573.5,multiline,none,-1,False,stationary,2.6,27.19,False,True
92,3.0667,37,car,0.889,1153,582,1336,661,1244.5,621.5,multiline,none,-1,False,stationary,1.77,19.47,False,True
92,3.0667,81,car,0.8965,1701,607,1904,688,1802.5,647.5,multiline,none,-1,False,stationary,1.61,17.68,False,True
92,3.0667,148,person,0.4815,78,592,111,624,94.5,608.0,multiline,none,-1,False,recently_moving,2.87,30.88,True,True
92,3.0667,163,person,0.584,798,380,810,416,804.0,398.0,multiline,none,-1,False,insufficient_data,0.0,0.0,False,True
92,3.0667,70,person,0.5016,226,484,246,527,236.0,505.5,multiline,none,-1,False,stationary,1.9,20.74,False,True
92,3.0667,59,bus,0.792,0,504,260,644,130.0,574.0,multiline,none,-1,False,stationary,3.33,35.18,False,True
93,3.1,37,car,0.8866,1151,582,1334,661,1242.5,621.5,multiline,none,-1,False,stationary,1.79,19.65,False,True
93,3.1,81,car,0.9084,1699,607,1901,688,1800.0,647.5,multiline,none,-1,False,stationary,1.72,18.87,False,True
93,3.1,163,person,0.5909,798,380,810,416,804.0,398.0,multiline,none,-1,False,recently_moving,0.15,0.52,True,True
93,3.1,70,person,0.4521,224,484,244,526,234.0,505.0,multiline,none,-1,False,stationary,1.9,20.73,False,True
93,3.1,59,bus,0.8159,0,504,274,644,137.0,574.0,multiline,none,-1,False,stationary,4.0,42.66,False,True
94,3.1333,37,car,0.8809,1149,582,1332,661,1240.5,621.5,multiline,none,-1,False,stationary,1.81,19.94,False,True
94,3.1333,81,car,0.9154,1696,607,1899,688,1797.5,647.5,multiline,none,-1,False,stationary,1.82,19.97,False,True
94,3.1333,163,person,0.6409,798,380,810,416,804.0,398.0,multiline,none,-1,False,recently_moving,0.14,0.6,True,True
94,3.1333,70,person,0.5538,222,484,242,525,232.0,504.5,multiline,none,-1,False,stationary,1.9,20.76,False,True
94,3.1333,59,bus,0.7967,0,503,285,645,142.5,574.0,multiline,none,-1,False,stationary,4.6,49.43,False,True
94,3.1333,148,person,0.578,84,593,117,625,100.5,609.0,multiline,none,-1,False,recently_moving,3.28,35.33,True,True
95,3.1667,37,car,0.8913,1147,582,1330,661,1238.5,621.5,multiline,none,-1,False,stationary,1.83,20.12,False,True
95,3.1667,81,car,0.914,1694,607,1897,688,1795.5,647.5,multiline,none,-1,False,stationary,1.91,21.04,False,True
95,3.1667,163,person,0.5176,799,380,811,416,805.0,398.0,multiline,none,-1,False,recently_moving,0.19,0.92,True,True
95,3.1667,70,person,0.4378,220,484,241,525,230.5,504.5,multiline,none,-1,False,stationary,1.87,20.43,False,True
95,3.1667,59,bus,0.8326,0,503,294,645,147.0,574.0,multiline,none,-1,False,stationary,5.14,55.42,False,True
96,3.2,37,car,0.8841,1144,582,1327,661,1235.5,621.5,multiline,none,-1,False,stationary,1.87,20.58,False,True
96,3.2,81,car,0.9109,1692,607,1895,688,1793.5,647.5,multiline,none,-1,False,stationary,1.99,21.87,False,True
96,3.2,163,person,0.3734,799,380,811,416,805.0,398.0,multiline,none,-1,False,recently_moving,0.2,1.17,True,True
96,3.2,70,person,0.4973,219,484,240,525,229.5,504.5,multiline,none,-1,False,stationary,1.83,20.05,False,True
96,3.2,59,bus,0.8009,0,502,300,646,150.0,574.0,multiline,none,-1,False,stationary,5.55,60.38,False,True
97,3.2333,37,car,0.8783,1142,582,1325,661,1233.5,621.5,multiline,none,-1,False,stationary,1.93,21.25,False,True
97,3.2333,81,car,0.9032,1690,607,1893,688,1791.5,647.5,multiline,none,-1,False,stationary,2.04,22.45,False,True
97,3.2333,163,person,0.4884,799,380,812,416,805.5,398.0,multiline,none,-1,False,recently_moving,0.22,1.49,True,True
97,3.2333,70,person,0.6354,218,484,238,523,228.0,503.5,multiline,none,-1,False,stationary,1.83,20.07,False,True
97,3.2333,59,bus,0.7315,0,502,306,646,153.0,574.0,multiline,none,-1,False,stationary,5.91,64.62,False,True
98,3.2667,37,car,0.8866,1140,582,1323,661,1231.5,621.5,multiline,none,-1,False,stationary,1.97,21.69,False,True
98,3.2667,81,car,0.9012,1688,607,1891,688,1789.5,647.5,multiline,none,-1,False,stationary,2.09,23.0,False,True
98,3.2667,163,person,0.597,799,379,812,416,805.5,397.5,multiline,none,-1,False,recently_moving,0.22,1.76,True,True
98,3.2667,70,person,0.6256,216,484,237,520,226.5,502.0,multiline,none,-1,False,stationary,1.88,20.56,False,True
98,3.2667,59,bus,0.5761,1,503,310,647,155.5,575.0,multiline,none,-1,False,stationary,6.22,68.43,False,True
99,3.3,37,car,0.8824,1138,582,1321,661,1229.5,621.5,multiline,none,-1,False,stationary,2.0,21.96,False,True
99,3.3,81,car,0.9104,1686,607,1889,688,1787.5,647.5,multiline,none,-1,False,stationary,2.12,23.33,False,True
99,3.3,163,person,0.5612,799,379,813,416,806.0,397.5,multiline,none,-1,False,recently_moving,0.24,2.11,True,True
99,3.3,70,person,0.671,215,484,235,517,225.0,500.5,multiline,none,-1,False,stationary,1.88,20.42,False,True
99,3.3,59,bus,0.518,3,503,314,647,158.5,575.0,multiline,none,-1,False,stationary,6.2,68.12,False,True
100,3.3333,37,car,0.8908,1136,582,1319,661,1227.5,621.5,multiline,none,-1,False,stationary,2.03,22.3,False,True
100,3.3333,81,car,0.9117,1684,607,1887,688,1785.5,647.5,multiline,none,-1,False,stationary,2.14,23.55,False,True
100,3.3333,163,person,0.6454,799,379,814,416,806.5,397.5,multiline,none,-1,False,recently_moving,0.25,2.5,True,True
100,3.3333,70,person,0.6357,214,484,234,515,224.0,499.5,multiline,none,-1,False,stationary,1.84,19.89,False,True
100,3.3333,59,bus,0.5323,5,503,317,646,161.0,574.5,multiline,none,-1,False,stationary,5.89,64.77,False,True
101,3.3667,37,car,0.8796,1134,582,1317,661,1225.5,621.5,multiline,none,-1,False,stationary,2.05,22.54,False,True
101,3.3667,81,car,0.9197,1683,607,1885,688,1784.0,647.5,multiline,none,-1,False,stationary,2.12,23.36,False,True
101,3.3667,163,person,0.542,799,379,814,416,806.5,397.5,multiline,none,-1,False,recently_moving,0.26,2.69,True,True
101,3.3667,70,person,0.6049,213,484,233,513,223.0,498.5,multiline,none,-1,False,stationary,1.8,19.4,False,True
102,3.4,37,car,0.8967,1132,582,1315,661,1223.5,621.5,multiline,none,-1,False,stationary,2.06,22.69,False,True
102,3.4,81,car,0.9152,1681,607,1883,688,1782.0,647.5,multiline,none,-1,False,stationary,2.11,23.23,False,True
102,3.4,163,person,0.6295,799,379,815,416,807.0,397.5,multiline,none,-1,False,recently_moving,0.28,3.0,True,True
102,3.4,70,person,0.3977,212,484,232,512,222.0,498.0,multiline,none,-1,False,stationary,1.75,18.87,False,True
102,3.4,178,truck,0.3394,236,522,325,591,280.5,556.5,multiline,none,-1,False,insufficient_data,0.0,0.0,False,True
103,3.4333,37,car,0.8931,1130,582,1313,661,1221.5,621.5,multiline,none,-1,False,stationary,2.07,22.8,False,True
103,3.4333,81,car,0.9026,1680,607,1881,688,1780.5,647.5,multiline,none,-1,False,stationary,2.07,22.8,False,True
103,3.4333,163,person,0.6102,800,379,816,416,808.0,397.5,multiline,none,-1,False,recently_moving,0.31,3.36,True,True
103,3.4333,59,bus,0.312,12,504,322,644,167.0,574.0,multiline,none,-1,False,stationary,5.55,60.99,False,True
104,3.4667,37,car,0.8819,1128,582,1311,661,1219.5,621.5,multiline,none,-1,False,stationary,2.08,22.89,False,True
104,3.4667,81,car,0.9014,1678,607,1879,688,1778.5,647.5,multiline,none,-1,False,stationary,2.03,22.36,False,True
104,3.4667,163,person,0.67,800,379,817,416,808.5,397.5,multiline,none,-1,False,stationary,0.35,3.75,False,True
104,3.4667,59,bus,0.6082,18,504,324,643,171.0,573.5,multiline,none,-1,False,stationary,5.17,56.79,False,True
104,3.4667,70,person,0.2751,209,484,230,510,219.5,497.0,multiline,none,-1,False,stationary,1.74,18.79,False,True
105,3.5,37,car,0.8835,1126,582,1308,661,1217.0,621.5,multiline,none,-1,False,stationary,2.1,23.11,False,True
105,3.5,81,car,0.8965,1677,607,1877,688,1777.0,647.5,multiline,none,-1,False,stationary,1.97,21.71,False,True
105,3.5,163,person,0.7295,800,379,817,416,808.5,397.5,multiline,none,-1,False,stationary,0.37,4.02,False,True
105,3.5,59,bus,0.4412,24,505,326,641,175.0,573.0,multiline,none,-1,False,stationary,4.79,52.67,False,True
106,3.5333,37,car,0.907,1124,582,1306,661,1215.0,621.5,multiline,none,-1,False,stationary,2.11,23.26,False,True
106,3.5333,81,car,0.9065,1675,607,1875,688,1775.0,647.5,multiline,none,-1,False,stationary,1.94,21.3,False,True
106,3.5333,163,person,0.7862,801,379,817,416,809.0,397.5,multiline,none,-1,False,stationary,0.37,4.01,False,True
106,3.5333,59,bus,0.6858,31,505,326,640,178.5,572.5,multiline,none,-1,False,stationary,4.44,48.75,False,True
107,3.5667,37,car,0.8766,1123,582,1304,661,1213.5,621.5,multiline,none,-1,False,stationary,2.08,22.85,False,True
107,3.5667,81,car,0.903,1673,607,1873,688,1773.0,647.5,multiline,none,-1,False,stationary,1.91,21.05,False,True
107,3.5667,163,person,0.7699,802,379,818,416,810.0,397.5,multiline,none,-1,False,stationary,0.4,4.33,False,True
107,3.5667,59,bus,0.3869,37,505,326,639,181.5,572.0,multiline,none,-1,False,stationary,4.13,45.34,False,True
108,3.6,37,car,0.8921,1121,582,1301,661,1211.0,621.5,multiline,none,-1,False,stationary,2.07,22.73,False,True
108,3.6,81,car,0.9077,1671,607,1871,688,1771.0,647.5,multiline,none,-1,False,stationary,1.9,20.86,False,True
108,3.6,163,person,0.7786,802,379,819,416,810.5,397.5,multiline,none,-1,False,stationary,0.42,4.57,False,True
109,3.6333,37,car,0.8696,1119,582,1299,661,1209.0,621.5,multiline,none,-1,False,stationary,2.06,22.64,False,True
109,3.6333,81,car,0.9059,1669,607,1870,688,1769.5,647.5,multiline,none,-1,False,stationary,1.87,20.55,False,True
109,3.6333,163,person,0.7351,803,379,819,416,811.0,397.5,multiline,none,-1,False,stationary,0.45,4.9,False,True
110,3.6667,37,car,0.8544,1117,582,1297,661,1207.0,621.5,multiline,none,-1,False,stationary,2.06,22.61,False,True
110,3.6667,81,car,0.9082,1667,607,1868,688,1767.5,647.5,multiline,none,-1,False,stationary,1.85,20.37,False,True
110,3.6667,163,person,0.7185,804,378,819,415,811.5,396.5,multiline,none,-1,False,stationary,0.47,5.11,False,True
111,3.7,37,car,0.838,1115,582,1294,661,1204.5,621.5,multiline,none,-1,False,stationary,2.07,22.77,False,True
111,3.7,81,car,0.9121,1666,607,1866,688,1766.0,647.5,multiline,none,-1,False,stationary,1.83,20.1,False,True
111,3.7,163,person,0.734,804,378,820,415,812.0,396.5,multiline,none,-1,False,stationary,0.49,5.25,False,True
112,3.7333,37,car,0.8831,1112,582,1292,661,1202.0,621.5,multiline,none,-1,False,stationary,2.09,23.02,False,True
112,3.7333,81,car,0.906,1665,607,1865,688,1765.0,647.5,multiline,none,-1,False,stationary,1.79,19.7,False,True
112,3.7333,163,person,0.7412,805,378,820,415,812.5,396.5,multiline,none,-1,False,stationary,0.52,5.55,False,True
112,3.7333,59,bus,0.2851,48,509,339,638,193.5,573.5,multiline,none,-1,False,stationary,4.17,45.75,False,True
113,3.7667,37,car,0.8548,1110,582,1289,661,1199.5,621.5,multiline,none,-1,False,stationary,2.13,23.38,False,True
113,3.7667,81,car,0.8718,1664,607,1863,688,1763.5,647.5,multiline,none,-1,False,stationary,1.75,19.3,False,True
113,3.7667,163,person,0.6127,806,378,820,415,813.0,396.5,multiline,none,-1,False,stationary,0.53,5.71,False,True
114,3.8,37,car,0.8328,1108,582,1287,660,1197.5,621.0,multiline,none,-1,False,stationary,2.15,23.6,False,True
114,3.8,81,car,0.8434,1665,607,1861,688,1763.0,647.5,multiline,none,-1,False,stationary,1.7,18.67,False,True
114,3.8,163,person,0.7023,807,378,821,414,814.0,396.0,multiline,none,-1,False,stationary,0.55,5.87,False,True
115,3.8333,37,car,0.8011,1106,581,1284,660,1195.0,620.5,multiline,none,-1,False,stationary,2.17,23.9,False,True
115,3.8333,81,car,0.8559,1664,607,1859,688,1761.5,647.5,multiline,none,-1,False,stationary,1.64,18.07,False,True
115,3.8333,163,person,0.4562,808,378,822,414,815.0,396.0,multiline,none,-1,False,stationary,0.57,6.15,False,True
115,3.8333,59,car,0.4579,61,512,367,646,214.0,579.0,multiline,none,-1,False,stationary,4.76,52.12,False,True
116,3.8667,37,car,0.6838,1103,581,1282,660,1192.5,620.5,multiline,none,-1,False,stationary,2.19,24.12,False,True
116,3.8667,81,car,0.8706,1662,607,1858,688,1760.0,647.5,multiline,none,-1,False,stationary,1.61,17.7,False,True
117,3.9,37,car,0.5644,1108,581,1279,660,1193.5,620.5,multiline,none,-1,False,stationary,2.11,23.24,False,True
117,3.9,81,car,0.9031,1659,607,1856,688,1757.5,647.5,multiline,none,-1,False,stationary,1.61,17.66,False,True
117,3.9,201,car,0.432,0,577,27,626,13.5,601.5,multiline,none,-1,False,insufficient_data,0.0,0.0,False,True
117,3.9,59,car,0.5534,73,516,396,654,234.5,585.0,multiline,none,-1,False,stationary,5.73,62.54,False,True
118,3.9333,37,car,0.652,1106,581,1277,660,1191.5,620.5,multiline,none,-1,False,stationary,2.08,22.81,False,True
118,3.9333,81,car,0.8981,1657,607,1855,688,1756.0,647.5,multiline,none,-1,False,stationary,1.58,17.43,False,True
118,3.9333,201,truck,0.4744,0,576,28,626,14.0,601.0,multiline,none,-1,False,insufficient_data,0.0,0.0,False,True
118,3.9333,202,truck,0.4646,636,507,838,644,737.0,575.5,multiline,none,-1,False,insufficient_data,0.0,0.0,False,True
118,3.9333,59,car,0.2717,84,519,417,660,250.5,589.5,multiline,none,-1,False,stationary,6.81,74.24,False,True
119,3.9667,37,car,0.7393,1102,581,1274,660,1188.0,620.5,multiline,none,-1,False,stationary,2.08,22.89,False,True
119,3.9667,81,car,0.8563,1657,607,1853,688,1755.0,647.5,multiline,none,-1,False,stationary,1.54,16.93,False,True
119,3.9667,201,truck,0.3793,0,576,30,627,15.0,601.5,multiline,none,-1,False,insufficient_data,0.0,0.0,False,True
119,3.9667,202,truck,0.4565,636,506,837,644,736.5,575.0,multiline,none,-1,False,insufficient_data,0.0,0.0,False,True
119,3.9667,205,car,0.3749,413,619,476,682,444.5,650.5,multiline,none,-1,False,insufficient_data,0.0,0.0,False,True
120,4.0,37,car,0.7601,1098,580,1272,660,1185.0,620.0,multiline,none,-1,False,stationary,2.12,23.3,False,True
120,4.0,81,car,0.888,1655,607,1851,688,1753.0,647.5,multiline,none,-1,False,stationary,1.53,16.79,False,True
120,4.0,201,car,0.2605,0,575,32,628,16.0,601.5,multiline,none,-1,False,insufficient_data,0.0,0.0,False,True
120,4.0,202,truck,0.3658,636,506,837,644,736.5,575.0,multiline,none,-1,False,insufficient_data,0.0,0.0,False,True
120,4.0,205,car,0.4743,413,619,477,682,445.0,650.5,multiline,none,-1,False,insufficient_data,0.0,0.0,False,True
121,4.0333,37,car,0.7916,1096,580,1270,660,1183.0,620.0,multiline,none,-1,False,stationary,2.14,23.56,False,True
121,4.0333,81,car,0.9007,1653,607,1850,688,1751.5,647.5,multiline,none,-1,False,stationary,1.5,16.51,False,True
121,4.0333,201,car,0.4965,0,574,34,629,17.0,601.5,multiline,none,-1,False,recently_moving,0.55,2.13,True,True
121,4.0333,202,truck,0.2765,629,506,837,644,733.0,575.0,multiline,none,-1,False,insufficient_data,0.0,0.0,False,True
121,4.0333,205,car,0.541,413,621,479,682,446.0,651.5,multiline,none,-1,False,insufficient_data,0.0,0.0,False,True
121,4.0333,163,person,0.4743,809,378,823,413,816.0,395.5,multiline,none,-1,False,stationary,0.62,6.7,False,True
122,4.0667,37,car,0.7771,1093,580,1267,660,1180.0,620.0,multiline,none,-1,False,stationary,2.17,23.91,False,True
122,4.0667,81,car,0.9073,1651,607,1848,688,1749.5,647.5,multiline,none,-1,False,stationary,1.5,16.52,False,True
122,4.0667,201,car,0.8489,0,573,38,629,19.0,601.0,multiline,none,-1,False,recently_moving,0.68,3.33,True,True
122,4.0667,202,truck,0.5281,628,506,838,644,733.0,575.0,multiline,none,-1,False,recently_moving,0.64,2.48,True,True
122,4.0667,163,person,0.3374,811,378,825,413,818.0,395.5,multiline,none,-1,False,stationary,0.7,7.57,False,True
123,4.1,37,car,0.8283,1091,580,1264,659,1177.5,619.5,multiline,none,-1,False,stationary,2.2,24.17,False,True
123,4.1,81,car,0.9186,1649,607,1847,688,1748.0,647.5,multiline,none,-1,False,stationary,1.52,16.71,False,True
123,4.1,201,car,0.9006,0,572,43,631,21.5,601.5,multiline,none,-1,False,recently_moving,0.84,4.98,True,True
123,4.1,163,person,0.6996,812,377,826,412,819.0,394.5,multiline,none,-1,False,stationary,0.76,8.21,False,True
124,4.1333,37,car,0.8422,1089,580,1262,659,1175.5,619.5,multiline,none,-1,False,stationary,2.19,24.13,False,True
124,4.1333,81,car,0.9098,1648,607,1845,688,1746.5,647.5,multiline,none,-1,False,stationary,1.53,16.81,False,True
124,4.1333,201,car,0.903,0,571,48,633,24.0,602.0,multiline,none,-1,False,recently_moving,1.0,6.94,True,True
124,4.1333,163,person,0.5588,813,377,827,412,820.0,394.5,multiline,none,-1,False,stationary,0.81,8.81,False,True
124,4.1333,202,truck,0.4287,617,505,838,644,727.5,574.5,multiline,none,-1,False,recently_moving,1.01,4.96,True,True
125,4.1667,37,car,0.8292,1088,580,1259,659,1173.5,619.5,multiline,none,-1,False,stationary,2.19,24.09,False,True
125,4.1667,81,car,0.8986,1646,607,1844,688,1745.0,647.5,multiline,none,-1,False,stationary,1.57,17.22,False,True
125,4.1667,201,car,0.8321,0,569,53,635,26.5,602.0,multiline,none,-1,False,recently_moving,1.15,9.09,True,True
125,4.1667,163,person,0.6321,814,377,828,412,821.0,394.5,multiline,none,-1,False,stationary,0.86,9.35,False,True
125,4.1667,202,truck,0.5302,606,504,838,644,722.0,574.0,multiline,none,-1,False,recently_moving,1.43,8.5,True,True
126,4.2,37,car,0.7635,1087,580,1257,659,1172.0,619.5,multiline,none,-1,False,stationary,2.16,23.72,False,True
126,4.2,81,car,0.9003,1645,607,1843,688,1744.0,647.5,multiline,none,-1,False,stationary,1.58,17.33,False,True
126,4.2,201,car,0.9098,0,568,58,636,29.0,602.0,multiline,none,-1,False,recently_moving,1.27,11.36,True,True
126,4.2,163,person,0.4921,814,377,829,411,821.5,394.0,multiline,none,-1,False,stationary,0.88,9.67,False,True
126,4.2,202,truck,0.559,597,503,838,644,717.5,573.5,multiline,none,-1,False,recently_moving,1.78,12.39,True,True
127,4.2333,37,car,0.7593,1087,579,1254,659,1170.5,619.0,multiline,none,-1,False,stationary,2.1,23.14,False,True
127,4.2333,81,car,0.8963,1644,607,1842,687,1743.0,647.0,multiline,none,-1,False,stationary,1.57,17.22,False,True
127,4.2333,201,car,0.9062,0,567,64,637,32.0,602.0,multiline,none,-1,False,recently_moving,1.4,13.89,True,True
127,4.2333,163,person,0.4396,815,377,829,411,822.0,394.0,multiline,none,-1,False,stationary,0.9,9.87,False,True
127,4.2333,202,truck,0.3029,591,502,838,644,714.5,573.0,multiline,none,-1,False,recently_moving,2.01,15.98,True,True
128,4.2667,37,car,0.6921,1088,578,1251,659,1169.5,618.5,multiline,none,-1,False,stationary,2.13,23.44,False,True
128,4.2667,81,car,0.8835,1643,607,1841,687,1742.0,647.0,multiline,none,-1,False,stationary,1.51,16.59,False,True
128,4.2667,201,car,0.8977,0,566,69,638,34.5,602.0,multiline,none,-1,False,recently_moving,1.5,16.41,True,True
128,4.2667,163,person,0.3349,815,376,829,411,822.0,393.5,multiline,none,-1,False,stationary,0.9,9.85,False,True
128,4.2667,202,truck,0.4975,584,502,838,644,711.0,573.0,multiline,none,-1,False,recently_moving,2.18,19.53,True,True
129,4.3,37,car,0.5587,1083,578,1248,660,1165.5,619.0,multiline,none,-1,False,stationary,2.22,24.36,False,True
129,4.3,81,car,0.9005,1641,606,1839,687,1740.0,646.5,multiline,none,-1,False,stationary,1.49,16.4,False,True
129,4.3,201,car,0.9085,0,565,75,639,37.5,602.0,multiline,none,-1,False,recently_moving,1.72,18.89,True,True
129,4.3,202,truck,0.5777,579,502,838,644,708.5,573.0,multiline,none,-1,False,recently_moving,2.28,22.71,True,True
130,4.3333,37,car,0.4875,1077,577,1245,660,1161.0,618.5,multiline,none,-1,False,stationary,2.3,25.33,False,True
130,4.3333,81,car,0.8997,1639,606,1838,687,1738.5,646.5,multiline,none,-1,False,stationary,1.5,16.47,False,True
130,4.3333,201,car,0.9115,0,564,80,640,40.0,602.0,multiline,none,-1,False,recently_moving,1.91,21.01,True,True
130,4.3333,202,truck,0.5165,575,502,838,644,706.5,573.0,multiline,none,-1,False,recently_moving,2.33,25.5,True,True
130,4.3333,163,person,0.2715,816,376,830,410,823.0,393.0,multiline,none,-1,False,stationary,0.92,10.06,False,True
131,4.3667,37,car,0.4032,1078,577,1242,660,1160.0,618.5,multiline,none,-1,False,stationary,2.3,25.24,False,True
131,4.3667,81,car,0.8636,1639,606,1836,687,1737.5,646.5,multiline,none,-1,False,stationary,1.47,16.15,False,True
131,4.3667,201,car,0.9145,0,564,86,641,43.0,602.5,multiline,none,-1,False,recently_moving,2.1,23.1,True,True
131,4.3667,202,truck,0.5218,572,501,839,644,705.5,572.5,multiline,none,-1,False,recently_moving,2.5,27.47,True,True
131,4.3667,212,car,0.3635,236,519,505,594,370.5,556.5,multiline,none,-1,False,insufficient_data,0.0,0.0,False,True
131,4.3667,163,person,0.5143,817,375,831,410,824.0,392.5,multiline,none,-1,False,stationary,0.94,10.22,False,True
132,4.4,37,car,0.4003,1074,576,1239,660,1156.5,618.0,multiline,none,-1,False,stationary,2.34,25.73,False,True
132,4.4,81,car,0.8919,1638,606,1834,686,1736.0,646.0,multiline,none,-1,False,stationary,1.45,15.97,False,True
132,4.4,201,car,0.9122,0,563,91,641,45.5,602.0,multiline,none,-1,False,stationary,2.27,24.96,False,True
132,4.4,202,truck,0.498,568,500,840,643,704.0,571.5,multiline,none,-1,False,recently_moving,2.67,29.31,True,True
132,4.4,212,car,0.3105,236,519,507,594,371.5,556.5,multiline,none,-1,False,insufficient_data,0.0,0.0,False,True
133,4.4333,37,car,0.4735,1069,576,1236,661,1152.5,618.5,multiline,none,-1,False,stationary,2.4,26.38,False,True
133,4.4333,81,car,0.8667,1636,606,1833,686,1734.5,646.0,multiline,none,-1,False,stationary,1.43,15.67,False,True
133,4.4333,201,car,0.9094,0,563,97,641,48.5,602.0,multiline,none,-1,False,stationary,2.41,26.54,False,True
133,4.4333,202,truck,0.462,566,500,841,643,703.5,571.5,multiline,none,-1,False,recently_moving,2.68,29.47,True,True
134,4.4667,37,car,0.5807,1063,575,1233,661,1148.0,618.0,multiline,none,-1,False,stationary,2.5,27.51,False,True
134,4.4667,81,car,0.8683,1634,606,1831,686,1732.5,646.0,multiline,none,-1,False,stationary,1.43,15.65,False,True
134,4.4667,201,car,0.9149,0,564,103,642,51.5,603.0,multiline,none,-1,False,stationary,2.52,27.74,False,True
134,4.4667,202,truck,0.563,561,500,843,643,702.0,571.5,multiline,none,-1,False,stationary,2.74,30.1,False,True
135,4.5,37,car,0.5585,1058,575,1230,661,1144.0,618.0,multiline,none,-1,False,stationary,2.63,28.93,False,True
135,4.5,81,car,0.8972,1631,606,1829,686,1730.0,646.0,multiline,none,-1,False,stationary,1.46,15.99,False,True
135,4.5,201,car,0.8927,0,564,108,642,54.0,603.0,multiline,none,-1,False,stationary,2.59,28.52,False,True
135,4.5,202,truck,0.6287,556,499,844,643,700.0,571.0,multiline,none,-1,False,stationary,2.67,29.28,False,True
135,4.5,163,person,0.4549,818,375,831,410,824.5,392.5,multiline,none,-1,False,stationary,0.93,10.15,False,True
135,4.5,212,car,0.2844,237,522,510,594,373.5,558.0,multiline,none,-1,False,insufficient_data,0.0,0.0,False,True
136,4.5333,37,car,0.5493,1056,575,1228,662,1142.0,618.5,multiline,none,-1,False,stationary,2.72,29.86,False,True
136,4.5333,81,car,0.8937,1629,605,1828,685,1728.5,645.0,multiline,none,-1,False,stationary,1.48,16.25,False,True
136,4.5333,201,car,0.8875,0,564,114,643,57.0,603.5,multiline,none,-1,False,stationary,2.66,29.2,False,True
136,4.5333,202,truck,0.6231,551,499,845,643,698.0,571.0,multiline,none,-1,False,stationary,2.51,27.52,False,True
136,4.5333,163,person,0.3916,819,374,832,410,825.5,392.0,multiline,none,-1,False,stationary,0.93,10.11,False,True
137,4.5667,37,car,0.5551,1055,575,1225,662,1140.0,618.5,multiline,none,-1,False,stationary,2.79,30.62,False,True
137,4.5667,81,car,0.8754,1626,605,1826,685,1726.0,645.0,multiline,none,-1,False,stationary,1.54,16.93,False,True
137,4.5667,201,car,0.8931,0,565,119,644,59.5,604.5,multiline,none,-1,False,stationary,2.7,29.68,False,True
137,4.5667,202,truck,0.4262,501,498,845,643,673.0,570.5,multiline,none,-1,False,stationary,3.05,33.5,False,True
137,4.5667,163,person,0.3374,819,374,832,410,825.5,392.0,multiline,none,-1,False,stationary,0.86,9.45,False,True
138,4.6,37,car,0.4147,1051,575,1222,662,1136.5,618.5,multiline,none,-1,False,stationary,2.9,31.84,False,True
138,4.6,81,car,0.9006,1625,605,1825,685,1725.0,645.0,multiline,none,-1,False,stationary,1.58,17.38,False,True
138,4.6,201,car,0.8874,0,565,124,645,62.0,605.0,multiline,none,-1,False,stationary,2.72,29.8,False,True
138,4.6,202,truck,0.5536,487,497,845,643,666.0,570.0,multiline,none,-1,False,stationary,3.54,38.81,False,True
138,4.6,163,person,0.4014,820,373,833,410,826.5,391.5,multiline,none,-1,False,stationary,0.82,8.93,False,True
138,4.6,212,car,0.2605,241,526,514,595,377.5,560.5,multiline,none,-1,False,insufficient_data,0.0,0.0,False,True
139,4.6333,37,car,0.4379,1043,575,1219,661,1131.0,618.0,multiline,none,-1,False,stationary,3.11,34.18,False,True
139,4.6333,81,car,0.9049,1624,605,1823,685,1723.5,645.0,multiline,none,-1,False,stationary,1.62,17.83,False,True
139,4.6333,201,car,0.9082,0,566,129,646,64.5,606.0,multiline,none,-1,False,stationary,2.73,29.93,False,True
139,4.6333,202,truck,0.5028,444,496,845,643,644.5,569.5,multiline,none,-1,False,stationary,4.42,48.55,False,True
139,4.6333,163,person,0.4019,821,372,833,410,827.0,391.0,multiline,none,-1,False,stationary,0.78,8.52,False,True
140,4.6667,37,car,0.3552,1035,575,1216,661,1125.5,618.0,multiline,none,-1,False,stationary,3.3,36.23,False,True
140,4.6667,81,car,0.9053,1624,605,1821,685,1722.5,645.0,multiline,none,-1,False,stationary,1.62,17.74,False,True
140,4.6667,201,car,0.8915,0,566,133,647,66.5,606.5,multiline,none,-1,False,stationary,2.71,29.7,False,True
140,4.6667,202,truck,0.5229,400,496,845,643,622.5,569.5,multiline,none,-1,False,stationary,5.62,61.68,False,True
140,4.6667,163,person,0.3942,821,371,834,410,827.5,390.5,multiline,none,-1,False,stationary,0.75,8.18,False,True
141,4.7,37,car,0.3311,1030,574,1213,660,1121.5,617.0,multiline,none,-1,False,stationary,3.4,37.39,False,True
141,4.7,81,car,0.8992,1624,605,1820,685,1722.0,645.0,multiline,none,-1,False,stationary,1.58,17.34,False,True
141,4.7,201,car,0.8851,0,567,136,648,68.0,607.5,multiline,none,-1,False,stationary,2.68,29.26,False,True
141,4.7,202,truck,0.4286,365,495,844,643,604.5,569.0,multiline,none,-1,False,stationary,6.9,75.83,False,True
141,4.7,163,person,0.4092,822,370,834,410,828.0,390.0,multiline,none,-1,False,stationary,0.73,7.95,False,True
142,4.7333,81,car,0.896,1623,605,1819,685,1721.0,645.0,multiline,none,-1,False,stationary,1.55,17.07,False,True
142,4.7333,201,car,0.9015,0,567,139,648,69.5,607.5,multiline,none,-1,False,stationary,2.6,28.46,False,True
142,4.7333,202,truck,0.527,338,495,843,643,590.5,569.0,multiline,none,-1,False,stationary,8.15,89.55,False,True
142,4.7333,163,person,0.2665,823,369,835,410,829.0,389.5,multiline,none,-1,False,stationary,0.74,8.07,False,True
143,4.7667,81,car,0.898,1622,604,1817,685,1719.5,644.5,multiline,none,-1,False,stationary,1.54,16.87,False,True
143,4.7667,201,car,0.9103,0,567,141,649,70.5,608.0,multiline,none,-1,False,stationary,2.51,27.49,False,True
144,4.8,81,car,0.8919,1621,604,1815,685,1718.0,644.5,multiline,none,-1,False,stationary,1.53,16.75,False,True
144,4.8,201,car,0.8864,2,568,144,650,73.0,609.0,multiline,none,-1,False,stationary,2.45,26.78,False,True
144,4.8,202,truck,0.3479,321,494,840,643,580.5,568.5,multiline,none,-1,False,stationary,9.23,101.43,False,True
145,4.8333,81,car,0.8972,1619,604,1813,685,1716.0,644.5,multiline,none,-1,False,stationary,1.52,16.67,False,True
145,4.8333,201,car,0.7401,4,568,146,650,75.0,609.0,multiline,none,-1,False,stationary,2.36,25.91,False,True
145,4.8333,202,truck,0.6918,336,493,837,643,586.5,568.0,multiline,none,-1,False,stationary,9.72,106.88,False,True
146,4.8667,81,car,0.8998,1617,604,1811,685,1714.0,644.5,multiline,none,-1,False,stationary,1.5,16.44,False,True
146,4.8667,201,car,0.8562,8,569,147,651,77.5,610.0,multiline,none,-1,False,stationary,2.32,25.43,False,True
146,4.8667,202,truck,0.3424,372,493,835,643,603.5,568.0,multiline,none,-1,False,stationary,9.72,103.94,False,True
146,4.8667,37,car,0.5767,1032,574,1207,659,1119.5,616.5,multiline,none,-1,False,stationary,3.5,38.48,False,True
147,4.9,81,car,0.8801,1615,604,1810,684,1712.5,644.0,multiline,none,-1,False,stationary,1.48,16.29,False,True
147,4.9,201,car,0.816,12,569,149,651,80.5,610.0,multiline,none,-1,False,stationary,2.28,25.07,False,True
147,4.9,202,truck,0.5502,366,493,832,643,599.0,568.0,multiline,none,-1,False,stationary,9.63,102.93,False,True
147,4.9,37,car,0.5834,1034,573,1201,658,1117.5,615.5,multiline,none,-1,False,stationary,3.52,38.68,False,True
148,4.9333,81,car,0.8703,1614,604,1808,684,1711.0,644.0,multiline,none,-1,False,stationary,1.44,15.84,False,True
148,4.9333,201,car,0.8087,18,570,151,651,84.5,610.5,multiline,none,-1,False,stationary,2.31,25.3,False,True
148,4.9333,202,truck,0.4943,353,494,830,643,591.5,568.5,multiline,none,-1,False,stationary,9.74,104.17,False,True
148,4.9333,37,car,0.5298,1029,573,1195,657,1112.0,615.0,multiline,none,-1,False,stationary,3.59,39.35,False,True
149,4.9667,81,car,0.8518,1612,604,1806,683,1709.0,643.5,multiline,none,-1,False,stationary,1.45,15.9,False,True
149,4.9667,201,car,0.8273,24,571,152,650,88.0,610.5,multiline,none,-1,False,stationary,2.35,25.76,False,True
149,4.9667,202,truck,0.4164,342,493,827,642,584.5,567.5,multiline,none,-1,False,stationary,9.25,98.7,False,True
149,4.9667,37,car,0.4595,1030,573,1191,656,1110.5,614.5,multiline,none,-1,False,stationary,3.53,38.74,False,True
150,5.0,81,car,0.8482,1609,603,1804,682,1706.5,642.5,multiline,none,-1,False,stationary,1.49,16.33,False,True
150,5.0,201,car,0.8458,30,571,153,649,91.5,610.0,multiline,none,-1,False,stationary,2.4,26.29,False,True
150,5.0,202,truck,0.6495,337,494,824,642,580.5,568.0,multiline,none,-1,False,stationary,8.83,94.06,False,True
150,5.0,37,car,0.4956,1024,573,1187,656,1105.5,614.5,multiline,none,-1,False,stationary,3.53,38.7,False,True
151,5.0333,81,car,0.8289,1610,603,1802,682,1706.0,642.5,multiline,none,-1,False,stationary,1.5,16.47,False,True
151,5.0333,201,car,0.8685,36,572,154,649,95.0,610.5,multiline,none,-1,False,stationary,2.48,27.13,False,True
151,5.0333,202,truck,0.6908,337,494,822,642,579.5,568.0,multiline,none,-1,False,stationary,7.9,83.91,False,True
151,5.0333,37,car,0.6371,1017,573,1183,656,1100.0,614.5,multiline,none,-1,False,stationary,3.64,39.92,False,True
152,5.0667,81,car,0.8214,1611,603,1800,682,1705.5,642.5,multiline,none,-1,False,stationary,1.51,16.53,False,True
152,5.0667,201,car,0.8332,41,573,154,649,97.5,611.0,multiline,none,-1,False,stationary,2.56,28.04,False,True
152,5.0667,202,truck,0.5992,334,495,819,642,576.5,568.5,multiline,none,-1,False,stationary,6.7,70.64,False,True
152,5.0667,37,car,0.6189,1011,573,1179,656,1095.0,614.5,multiline,none,-1,False,stationary,3.8,41.76,False,True
153,5.1,81,car,0.8423,1612,603,1797,682,1704.5,642.5,multiline,none,-1,False,stationary,1.51,16.59,False,True
153,5.1,201,car,0.8427,47,573,154,649,100.5,611.0,multiline,none,-1,False,stationary,2.66,29.13,False,True
153,5.1,202,truck,0.5642,358,494,817,642,587.5,568.0,multiline,none,-1,False,stationary,5.32,51.86,False,True
153,5.1,37,car,0.4864,1005,573,1175,656,1090.0,614.5,multiline,none,-1,False,stationary,3.96,43.46,False,True
154,5.1333,81,car,0.8554,1612,603,1795,682,1703.5,642.5,multiline,none,-1,False,stationary,1.5,16.44,False,True
154,5.1333,201,car,0.8263,53,574,155,649,104.0,611.5,multiline,none,-1,False,stationary,2.8,30.7,False,True
154,5.1333,202,truck,0.6355,354,494,814,642,584.0,568.0,multiline,none,-1,False,stationary,3.89,36.0,False,True
154,5.1333,37,car,0.6269,999,573,1171,657,1085.0,615.0,multiline,none,-1,False,stationary,4.04,44.39,False,True
155,5.1667,81,car,0.8602,1612,604,1793,682,1702.5,643.0,multiline,none,-1,False,stationary,1.47,16.15,False,True
155,5.1667,201,car,0.4502,60,575,155,649,107.5,612.0,multiline,none,-1,False,stationary,2.92,32.06,False,True
155,5.1667,202,truck,0.76,354,495,811,642,582.5,568.5,multiline,none,-1,False,stationary,2.68,22.71,False,True
155,5.1667,37,car,0.2906,994,573,1167,658,1080.5,615.5,multiline,none,-1,False,stationary,4.07,44.63,False,True
156,5.2,81,car,0.8557,1612,604,1790,682,1701.0,643.0,multiline,none,-1,False,stationary,1.44,15.77,False,True
156,5.2,201,car,0.4337,66,575,156,649,111.0,612.0,multiline,none,-1,False,stationary,3.05,33.49,False,True
156,5.2,202,truck,0.8533,357,495,809,642,583.0,568.5,multiline,none,-1,False,stationary,2.07,15.97,False,True
156,5.2,37,car,0.5401,989,572,1164,659,1076.5,615.5,multiline,none,-1,False,stationary,4.08,44.73,False,True
157,5.2333,81,car,0.8172,1611,604,1788,682,1699.5,643.0,multiline,none,-1,False,stationary,1.41,15.36,False,True
157,5.2333,37,car,0.3688,985,572,1160,658,1072.5,615.0,multiline,none,-1,False,stationary,4.15,45.54,False,True
158,5.2667,81,car,0.8126,1610,604,1786,682,1698.0,643.0,multiline,none,-1,False,stationary,1.38,15.06,False,True
158,5.2667,37,car,0.2859,981,572,1157,658,1069.0,615.0,multiline,none,-1,False,stationary,4.24,46.56,False,True
159,5.3,81,car,0.779,1609,605,1784,682,1696.5,643.5,multiline,none,-1,False,stationary,1.36,14.86,False,True
160,5.3333,81,car,0.8383,1608,605,1782,682,1695.0,643.5,multiline,none,-1,False,stationary,1.34,14.54,False,True
161,5.3667,81,car,0.6311,1607,605,1781,682,1694.0,643.5,multiline,none,-1,False,stationary,1.27,13.81,False,True
161,5.3667,289,car,0.5281,745,615,796,684,770.5,649.5,multiline,none,-1,False,insufficient_data,0.0,0.0,False,True
161,5.3667,290,car,0.5081,962,589,1011,630,986.5,609.5,multiline,none,-1,False,insufficient_data,0.0,0.0,False,True
162,5.4,81,car,0.8134,1604,605,1782,682,1693.0,643.5,multiline,none,-1,False,stationary,1.23,13.51,False,True
162,5.4,289,truck,0.4285,746,614,797,686,771.5,650.0,multiline,none,-1,False,insufficient_data,0.0,0.0,False,True
162,5.4,290,car,0.4479,961,589,1011,630,986.0,609.5,multiline,none,-1,False,insufficient_data,0.0,0.0,False,True
163,5.4333,81,car,0.6127,1603,605,1785,682,1694.0,643.5,multiline,none,-1,False,stationary,1.17,12.8,False,True
163,5.4333,289,truck,0.4722,747,614,800,688,773.5,651.0,multiline,none,-1,False,insufficient_data,0.0,0.0,False,True
163,5.4333,290,car,0.3354,959,589,1011,630,985.0,609.5,multiline,none,-1,False,insufficient_data,0.0,0.0,False,True
164,5.4667,81,car,0.3884,1601,605,1783,681,1692.0,643.0,multiline,none,-1,False,stationary,1.16,12.68,False,True
164,5.4667,289,truck,0.5206,749,614,803,689,776.0,651.5,multiline,none,-1,False,insufficient_data,0.0,0.0,False,True
165,5.5,81,car,0.5415,1600,604,1779,681,1689.5,642.5,multiline,none,-1,False,stationary,1.2,13.12,False,True
165,5.5,290,car,0.3887,956,588,1011,631,983.5,609.5,multiline,none,-1,False,insufficient_data,0.0,0.0,False,True
167,5.5667,290,car,0.2758,952,588,1011,633,981.5,610.5,multiline,none,-1,False,recently_moving,0.69,2.74,True,True
168,5.6,290,car,0.2648,948,588,1011,635,979.5,611.5,multiline,none,-1,False,recently_moving,0.87,4.31,True,True
168,5.6,202,truck,0.7828,382,509,810,657,596.0,583.0,multiline,none,-1,False,stationary,2.55,13.91,False,True
169,5.6333,306,person,0.7594,138,477,165,524,151.5,500.5,multiline,none,-1,False,insufficient_data,0.0,0.0,False,True
169,5.6333,202,truck,0.873,401,520,812,669,606.5,594.5,multiline,none,-1,False,stationary,3.38,13.72,False,True
170,5.6667,306,person,0.7063,137,477,165,523,151.0,500.0,multiline,none,-1,False,insufficient_data,0.0,0.0,False,True
170,5.6667,202,truck,0.8176,418,528,814,679,616.0,603.5,multiline,none,-1,False,stationary,4.11,20.86,False,True
170,5.6667,290,car,0.3725,943,588,1010,636,976.5,612.0,multiline,none,-1,False,recently_moving,1.08,6.41,True,True
171,5.7,306,person,0.6835,137,477,165,523,151.0,500.0,multiline,none,-1,False,insufficient_data,0.0,0.0,False,True
171,5.7,202,bus,0.3046,433,534,815,686,624.0,610.0,multiline,none,-1,False,stationary,4.68,32.77,False,True
171,5.7,290,car,0.2566,938,587,1010,637,974.0,612.0,multiline,none,-1,False,recently_moving,1.25,8.67,True,True
172,5.7333,306,person,0.7133,136,477,165,523,150.5,500.0,multiline,none,-1,False,insufficient_data,0.0,0.0,False,True
172,5.7333,202,bus,0.5631,447,539,817,690,632.0,614.5,multiline,none,-1,False,stationary,5.21,45.08,False,True
173,5.7667,306,person,0.7477,136,477,165,523,150.5,500.0,multiline,none,-1,False,recently_moving,0.2,0.8,True,True
173,5.7667,202,bus,0.7941,460,543,818,692,639.0,617.5,multiline,none,-1,False,stationary,5.76,56.19,False,True
174,5.8,306,person,0.824,135,477,165,522,150.0,499.5,multiline,none,-1,False,recently_moving,0.24,1.16,True,True
174,5.8,202,bus,0.4476,471,546,821,694,646.0,620.0,multiline,none,-1,False,stationary,6.25,66.61,False,True
174,5.8,81,car,0.4105,1600,605,1768,679,1684.0,642.0,multiline,none,-1,False,stationary,1.37,15.03,False,True
175,5.8333,306,person,0.8195,135,476,164,522,149.5,499.0,multiline,none,-1,False,recently_moving,0.28,1.65,True,True
175,5.8333,202,bus,0.6281,483,548,823,696,653.0,622.0,multiline,none,-1,False,stationary,6.81,72.98,False,True
176,5.8667,306,person,0.4558,134,476,163,522,148.5,499.0,multiline,none,-1,False,recently_moving,0.33,2.25,True,True
177,5.9,306,person,0.6703,133,476,161,522,147.0,499.0,multiline,none,-1,False,recently_moving,0.4,3.11,True,True
178,5.9333,306,person,0.7698,132,476,158,522,145.0,499.0,multiline,none,-1,False,recently_moving,0.5,4.35,True,True
178,5.9333,202,bus,0.6539,497,550,825,697,661.0,623.5,multiline,none,-1,False,stationary,7.53,80.59,False,True
179,5.9667,306,person,0.6737,131,476,155,522,143.0,499.0,multiline,none,-1,False,recently_moving,0.6,5.84,True,True
179,5.9667,202,bus,0.8403,509,551,827,698,668.0,624.5,multiline,none,-1,False,stationary,8.18,88.05,False,True
180,6.0,306,person,0.7268,130,476,153,522,141.5,499.0,multiline,none,-1,False,recently_moving,0.69,7.36,True,True
180,6.0,202,bus,0.8491,519,552,828,698,673.5,625.0,multiline,none,-1,False,stationary,8.78,94.48,False,True
180,6.0,81,car,0.4095,1583,604,1756,677,1669.5,640.5,multiline,none,-1,False,stationary,1.91,20.86,False,True
181,6.0333,306,person,0.6373,129,475,151,522,140.0,498.5,multiline,none,-1,False,recently_moving,0.8,8.69,True,True
181,6.0333,202,bus,0.4499,530,553,829,699,679.5,626.0,multiline,none,-1,False,stationary,8.76,94.08,False,True
181,6.0333,81,car,0.5486,1569,603,1746,674,1657.5,638.5,multiline,none,-1,False,stationary,2.59,28.36,False,True
182,6.0667,306,person,0.8121,128,475,150,522,139.0,498.5,multiline,none,-1,False,recently_moving,0.91,9.85,True,True
183,6.1,306,person,0.7052,127,475,149,522,138.0,498.5,multiline,none,-1,False,recently_moving,1.0,10.82,True,True
183,6.1,338,truck,0.4193,268,489,715,607,491.5,548.0,multiline,none,-1,False,insufficient_data,0.0,0.0,False,True
184,6.1333,306,person,0.8221,126,475,148,522,137.0,498.5,multiline,none,-1,False,stationary,1.09,11.82,False,True
184,6.1333,342,car,0.5983,920,646,971,709,945.5,677.5,multiline,none,-1,False,insufficient_data,0.0,0.0,False,True
185,6.1667,306,person,0.688,125,475,147,522,136.0,498.5,multiline,none,-1,False,stationary,1.15,12.57,False,True
185,6.1667,342,car,0.4065,920,649,972,709,946.0,679.0,multiline,none,-1,False,insufficient_data,0.0,0.0,False,True
186,6.2,306,person,0.4411,124,475,146,522,135.0,498.5,multiline,none,-1,False,stationary,1.2,13.19,False,True
186,6.2,342,car,0.5512,920,651,976,710,948.0,680.5,multiline,none,-1,False,insufficient_data,0.0,0.0,False,True
186,6.2,81,car,0.4877,1558,603,1732,674,1645.0,638.5,multiline,none,-1,False,stationary,3.38,37.04,False,True
187,6.2333,306,person,0.8093,123,475,146,522,134.5,498.5,multiline,none,-1,False,stationary,1.22,13.45,False,True
187,6.2333,351,car,0.4402,293,600,466,682,379.5,641.0,multiline,none,-1,False,insufficient_data,0.0,0.0,False,True
187,6.2333,81,car,0.4788,1550,602,1722,675,1636.0,638.5,multiline,none,-1,False,stationary,4.13,45.32,False,True
188,6.2667,306,person,0.7487,122,475,146,522,134.0,498.5,multiline,none,-1,False,stationary,1.21,13.28,False,True
188,6.2667,342,car,0.5065,919,653,983,711,951.0,682.0,multiline,none,-1,False,insufficient_data,0.0,0.0,False,True
189,6.3,306,person,0.7549,121,475,145,521,133.0,498.0,multiline,none,-1,False,stationary,1.17,12.82,False,True
189,6.3,342,car,0.5936,918,655,990,712,954.0,683.5,multiline,none,-1,False,recently_moving,1.53,6.0,True,True
189,6.3,351,car,0.662,310,600,469,682,389.5,641.0,multiline,none,-1,False,insufficient_data,0.0,0.0,False,True
190,6.3333,306,person,0.7835,120,475,144,521,132.0,498.0,multiline,none,-1,False,stationary,1.11,12.18,False,True
190,6.3333,342,car,0.672,919,655,997,712,958.0,683.5,multiline,none,-1,False,recently_moving,1.8,8.73,True,True
190,6.3333,351,car,0.7452,325,600,472,683,398.5,641.5,multiline,none,-1,False,insufficient_data,0.0,0.0,False,True
191,6.3667,306,person,0.7855,118,475,143,521,130.5,498.0,multiline,none,-1,False,stationary,1.07,11.74,False,True
191,6.3667,351,car,0.8019,337,600,476,683,406.5,641.5,multiline,none,-1,False,insufficient_data,0.0,0.0,False,True
191,6.3667,202,bus,0.5956,558,555,830,700,694.0,627.5,multiline,none,-1,False,stationary,8.72,93.47,False,True
192,6.4,306,person,0.727,117,475,142,521,129.5,498.0,multiline,none,-1,False,stationary,1.03,11.28,False,True
192,6.4,351,car,0.4668,346,600,481,684,413.5,642.0,multiline,none,-1,False,recently_moving,5.46,21.83,True,True
192,6.4,342,car,0.4508,920,648,1007,713,963.5,680.5,multiline,line_crossed,1,True,recently_moving,2.13,11.88,True,True
193,6.4333,306,person,0.7463,116,475,140,520,128.0,497.5,multiline,none,-1,False,stationary,1.02,11.19,False,True
193,6.4333,351,car,0.6251,353,601,487,685,420.0,643.0,multiline,none,-1,False,recently_moving,5.68,28.38,True,True
193,6.4333,365,bus,0.4899,688,560,1037,711,862.5,635.5,multiline,none,-1,False,insufficient_data,0.0,0.0,False,True
194,6.4667,306,person,0.7215,115,475,138,520,126.5,497.5,multiline,none,-1,False,stationary,1.03,11.3,False,True
194,6.4667,351,car,0.4852,344,601,493,685,418.5,643.0,multiline,none,-1,False,recently_moving,5.36,32.12,True,True
194,6.4667,365,bus,0.2818,688,559,1037,711,862.5,635.0,multiline,none,-1,False,insufficient_data,0.0,0.0,False,True
195,6.5,306,person,0.7591,114,474,136,520,125.0,497.0,multiline,none,-1,False,stationary,1.05,11.54,False,True
195,6.5,351,car,0.5763,332,602,500,686,416.0,644.0,multiline,none,-1,False,recently_moving,4.83,33.69,True,True
195,6.5,365,bus,0.5248,689,559,1035,710,862.0,634.5,multiline,none,-1,False,insufficient_data,0.0,0.0,False,True
196,6.5333,306,person,0.589,113,474,135,520,124.0,497.0,multiline,none,-1,False,stationary,1.07,11.72,False,True
196,6.5333,351,car,0.8282,335,602,508,686,421.5,644.0,multiline,none,-1,False,recently_moving,4.59,36.64,True,True
197,6.5667,306,person,0.5927,111,474,134,520,122.5,497.0,multiline,none,-1,False,stationary,1.1,12.03,False,True
197,6.5667,351,car,0.7805,342,603,514,686,428.0,644.5,multiline,none,-1,False,recently_moving,4.55,40.83,True,True
198,6.6,306,person,0.4151,110,474,133,520,121.5,497.0,multiline,none,-1,False,stationary,1.13,12.4,False,True
198,6.6,351,car,0.7731,350,603,519,687,434.5,645.0,multiline,none,-1,False,recently_moving,4.59,45.84,True,True
199,6.6333,306,person,0.3589,109,474,132,520,120.5,497.0,multiline,none,-1,False,stationary,1.17,12.81,False,True
199,6.6333,351,car,0.7256,358,604,524,688,441.0,646.0,multiline,none,-1,False,recently_moving,4.68,51.4,True,True
200,6.6667,306,person,0.7202,108,474,132,520,120.0,497.0,multiline,none,-1,False,stationary,1.17,12.9,False,True
200,6.6667,351,car,0.7957,367,604,528,688,447.5,646.0,multiline,none,-1,False,recently_moving,4.9,53.77,True,True
200,6.6667,81,car,0.4766,1528,605,1699,674,1613.5,639.5,multiline,none,-1,False,stationary,5.28,58.02,False,True
200,6.6667,202,bus,0.7102,599,556,830,699,714.5,627.5,multiline,none,-1,False,stationary,8.93,95.52,False,True
201,6.7,306,person,0.5525,107,474,131,520,119.0,497.0,multiline,none,-1,False,stationary,1.18,12.95,False,True
201,6.7,351,car,0.7386,375,605,536,688,455.5,646.5,multiline,none,-1,False,recently_moving,5.01,54.97,True,True
201,6.7,81,car,0.5704,1509,608,1680,674,1594.5,641.0,multiline,none,-1,False,stationary,6.61,72.53,False,True
201,6.7,202,bus,0.6743,633,557,831,699,732.0,628.0,multiline,none,-1,False,stationary,9.29,99.8,False,True
202,6.7333,306,person,0.7133,106,474,131,520,118.5,497.0,multiline,none,-1,False,stationary,1.15,12.63,False,True
202,6.7333,351,car,0.8172,383,605,544,688,463.5,646.5,multiline,none,-1,False,recently_moving,5.08,55.76,True,True
203,6.7667,306,person,0.7978,105,474,131,520,118.0,497.0,multiline,none,-1,False,stationary,1.12,12.26,False,True
203,6.7667,351,car,0.8753,390,605,551,688,470.5,646.5,multiline,none,-1,False,stationary,5.12,56.25,False,True
203,6.7667,397,person,0.3467,911,369,918,390,914.5,379.5,multiline,none,-1,False,insufficient_data,0.0,0.0,False,True
204,6.8,306,person,0.3844,103,474,131,520,117.0,497.0,multiline,none,-1,False,stationary,1.08,11.83,False,True
204,6.8,351,car,0.8767,396,606,560,690,478.0,648.0,multiline,none,-1,False,stationary,5.18,56.93,False,True
204,6.8,398,person,0.4029,836,359,848,393,842.0,376.0,multiline,none,-1,False,insufficient_data,0.0,0.0,False,True
205,6.8333,306,person,0.4341,102,474,128,519,115.0,496.5,multiline,none,-1,False,stationary,1.07,11.73,False,True
205,6.8333,351,car,0.7436,403,606,568,690,485.5,648.0,multiline,none,-1,False,stationary,5.51,60.51,False,True
205,6.8333,398,person,0.2952,836,359,848,392,842.0,375.5,multiline,none,-1,False,insufficient_data,0.0,0.0,False,True
205,6.8333,202,bus,0.3816,667,558,831,698,749.0,628.0,multiline,none,-1,False,stationary,9.78,105.61,False,True
206,6.8667,306,person,0.5452,101,474,125,519,113.0,496.5,multiline,none,-1,False,stationary,1.08,11.83,False,True
206,6.8667,351,car,0.5198,410,606,576,690,493.0,648.0,multiline,none,-1,False,stationary,6.03,66.31,False,True
206,6.8667,398,person,0.3955,836,359,848,392,842.0,375.5,multiline,none,-1,False,insufficient_data,0.0,0.0,False,True
207,6.9,306,person,0.6913,100,474,123,519,111.5,496.5,multiline,none,-1,False,stationary,1.1,12.06,False,True
207,6.9,398,person,0.2735,837,359,848,392,842.5,375.5,multiline,none,-1,False,insufficient_data,0.0,0.0,False,True
208,6.9333,306,person,0.48,99,474,121,519,110.0,496.5,multiline,none,-1,False,stationary,1.11,12.22,False,True
208,6.9333,398,person,0.3571,837,359,848,392,842.5,375.5,multiline,none,-1,False,recently_moving,0.15,0.49,True,True
209,6.9667,306,person,0.5284,97,474,119,519,108.0,496.5,multiline,none,-1,False,stationary,1.15,12.69,False,True
209,6.9667,398,person,0.2676,837,359,848,392,842.5,375.5,multiline,none,-1,False,recently_moving,0.13,0.55,True,True
210,7.0,306,person,0.6516,96,474,118,519,107.0,496.5,multiline,none,-1,False,stationary,1.18,12.99,False,True
210,7.0,398,person,0.388,837,359,848,392,842.5,375.5,multiline,none,-1,False,recently_moving,0.12,0.6,True,True
210,7.0,351,car,0.3084,423,607,589,690,506.0,648.5,multiline,none,-1,False,stationary,6.61,72.71,False,True
211,7.0333,306,person,0.7172,95,474,116,519,105.5,496.5,multiline,none,-1,False,stationary,1.23,13.53,False,True
211,7.0333,398,person,0.2887,837,359,849,392,843.0,375.5,multiline,none,-1,False,recently_moving,0.13,0.75,True,True
211,7.0333,408,car,0.6093,0,581,23,624,11.5,602.5,multiline,none,-1,False,insufficient_data,0.0,0.0,False,True
211,7.0333,409,car,0.4977,788,582,831,634,809.5,608.0,multiline,none,-1,False,insufficient_data,0.0,0.0,False,True
211,7.0333,351,car,0.3135,435,608,602,691,518.5,649.5,multiline,none,-1,False,stationary,7.18,78.97,False,True
212,7.0667,306,person,0.4359,94,474,115,519,104.5,496.5,multiline,none,-1,False,stationary,1.26,13.89,False,True
212,7.0667,398,person,0.5657,837,359,849,392,843.0,375.5,multiline,none,-1,False,recently_moving,0.13,0.86,True,True
212,7.0667,408,car,0.4867,0,581,24,624,12.0,602.5,multiline,none,-1,False,insufficient_data,0.0,0.0,False,True
212,7.0667,409,car,0.3289,787,582,831,634,809.0,608.0,multiline,none,-1,False,insufficient_data,0.0,0.0,False,True
212,7.0667,351,car,0.4169,446,609,612,692,529.0,650.5,multiline,none,-1,False,stationary,7.68,84.45,False,True
212,7.0667,414,truck,0.324,222,491,323,599,272.5,545.0,multiline,none,-1,False,insufficient_data,0.0,0.0,False,True
213,7.1,306,person,0.572,92,474,114,520,103.0,497.0,multiline,none,-1,False,stationary,1.32,14.47,False,True
213,7.1,398,person,0.2738,838,358,849,392,843.5,375.0,multiline,none,-1,False,recently_moving,0.15,1.18,True,True
213,7.1,408,car,0.6005,0,580,26,625,13.0,602.5,multiline,none,-1,False,insufficient_data,0.0,0.0,False,True
213,7.1,351,car,0.2884,456,610,620,693,538.0,651.5,multiline,none,-1,False,stationary,8.08,88.87,False,True
213,7.1,417,car,0.4597,780,566,1182,636,981.0,601.0,multiline,none,-1,False,insufficient_data,0.0,0.0,False,True
214,7.1333,306,person,0.7716,91,474,113,520,102.0,497.0,multiline,none,-1,False,stationary,1.37,15.0,False,True
214,7.1333,398,person,0.3757,838,358,850,392,844.0,375.0,multiline,none,-1,False,recently_moving,0.17,1.54,True,True
214,7.1333,408,car,0.4298,0,579,30,626,15.0,602.5,multiline,none,-1,False,insufficient_data,0.0,0.0,False,True
214,7.1333,351,car,0.7463,466,610,626,694,546.0,652.0,multiline,none,-1,False,stationary,8.39,92.31,False,True
214,7.1333,417,car,0.45,779,566,1184,635,981.5,600.5,multiline,none,-1,False,insufficient_data,0.0,0.0,False,True
215,7.1667,306,person,0.6632,90,474,113,520,101.5,497.0,multiline,none,-1,False,stationary,1.38,15.18,False,True
215,7.1667,398,person,0.6027,838,358,850,392,844.0,375.0,multiline,none,-1,False,recently_moving,0.18,1.77,True,True
215,7.1667,408,car,0.8008,0,578,34,628,17.0,603.0,multiline,none,-1,False,recently_moving,0.75,3.0,True,True
215,7.1667,351,car,0.5874,475,611,631,696,553.0,653.5,multiline,none,-1,False,stationary,8.57,94.2,False,True
216,7.2,306,person,0.6341,89,474,112,520,100.5,497.0,multiline,none,-1,False,stationary,1.36,14.95,False,True
216,7.2,398,person,0.6875,838,357,851,392,844.5,374.5,multiline,none,-1,False,recently_moving,0.2,2.08,True,True
216,7.2,408,car,0.8997,0,576,39,629,19.5,602.5,multiline,none,-1,False,recently_moving,0.95,4.75,True,True
216,7.2,426,bus,0.5053,771,569,1284,729,1027.5,649.0,multiline,none,-1,False,insufficient_data,0.0,0.0,False,True
216,7.2,409,car,0.5393,782,581,831,634,806.5,607.5,multiline,none,-1,False,insufficient_data,0.0,0.0,False,True
217,7.2333,306,person,0.5268,88,474,112,520,100.0,497.0,multiline,none,-1,False,stationary,1.3,14.3,False,True
217,7.2333,398,person,0.5604,838,357,851,392,844.5,374.5,multiline,none,-1,False,recently_moving,0.21,2.28,True,True
217,7.2333,408,car,0.9111,0,575,45,631,22.5,603.0,multiline,none,-1,False,recently_moving,1.16,6.93,True,True
217,7.2333,426,truck,0.4103,770,568,1287,730,1028.5,649.0,multiline,none,-1,False,insufficient_data,0.0,0.0,False,True
217,7.2333,409,car,0.4606,778,580,830,634,804.0,607.0,multiline,none,-1,False,insufficient_data,0.0,0.0,False,True
218,7.2667,306,person,0.3516,87,474,111,520,99.0,497.0,multiline,none,-1,False,stationary,1.25,13.69,False,True
218,7.2667,398,person,0.6027,838,357,851,392,844.5,374.5,multiline,none,-1,False,recently_moving,0.21,2.24,True,True
218,7.2667,408,car,0.914,0,573,52,632,26.0,602.5,multiline,none,-1,False,recently_moving,1.37,9.57,True,True
218,7.2667,426,truck,0.338,768,567,1291,732,1029.5,649.5,multiline,none,-1,False,insufficient_data,0.0,0.0,False,True
218,7.2667,409,car,0.4208,775,579,830,633,802.5,606.0,multiline,none,-1,False,recently_moving,1.09,4.33,True,True
218,7.2667,81,car,0.462,1472,607,1643,673,1557.5,640.0,multiline,none,-1,False,stationary,8.62,94.6,False,True
219,7.3,306,person,0.2529,86,475,111,520,98.5,497.5,multiline,none,-1,False,stationary,1.18,12.97,False,True
219,7.3,398,person,0.6227,839,357,852,392,845.5,374.5,multiline,none,-1,False,stationary,0.24,2.53,False,True
219,7.3,408,car,0.9161,0,572,59,634,29.5,603.0,multiline,none,-1,False,recently_moving,1.56,12.5,True,True
219,7.3,426,bus,0.5774,767,566,1296,732,1031.5,649.0,multiline,none,-1,False,insufficient_data,0.0,0.0,False,True
219,7.3,409,car,0.3132,771,578,830,633,800.5,605.5,multiline,none,-1,False,recently_moving,1.22,6.1,True,True
219,7.3,81,car,0.6264,1445,607,1613,672,1529.0,639.5,multiline,none,-1,False,stationary,10.86,119.29,False,True
220,7.3333,306,person,0.7365,84,475,111,520,97.5,497.5,multiline,none,-1,False,stationary,1.1,12.12,False,True
220,7.3333,398,person,0.659,839,357,852,392,845.5,374.5,multiline,none,-1,False,stationary,0.26,2.75,False,True
220,7.3333,408,car,0.9034,0,571,66,635,33.0,603.0,multiline,none,-1,False,recently_moving,1.74,15.64,True,True
220,7.3333,426,bus,0.6669,765,565,1303,734,1034.0,649.5,multiline,none,-1,False,recently_moving,0.89,3.55,True,True
220,7.3333,409,car,0.6074,767,577,830,633,798.5,605.0,multiline,none,-1,False,recently_moving,1.33,7.97,True,True
220,7.3333,81,car,0.5332,1423,607,1589,671,1506.0,639.0,multiline,none,-1,False,stationary,12.99,142.68,False,True
221,7.3667,306,person,0.5908,83,476,110,520,96.5,498.0,multiline,none,-1,False,stationary,1.06,11.6,False,True
221,7.3667,398,person,0.5974,839,357,853,392,846.0,374.5,multiline,none,-1,False,stationary,0.28,3.05,False,True
221,7.3667,408,car,0.9094,0,571,73,637,36.5,604.0,multiline,none,-1,False,recently_moving,1.89,18.92,True,True
221,7.3667,426,bus,0.6338,763,565,1310,735,1036.5,650.0,multiline,none,-1,False,recently_moving,1.1,5.46,True,True
221,7.3667,409,car,0.4197,763,577,830,633,796.5,605.0,multiline,none,-1,False,recently_moving,1.41,9.87,True,True
221,7.3667,81,car,0.4157,1404,607,1571,671,1487.5,639.0,multiline,none,-1,False,stationary,14.88,163.48,False,True
222,7.4,398,person,0.6354,839,357,853,392,846.0,374.5,multiline,none,-1,False,stationary,0.29,3.1,False,True
222,7.4,408,car,0.9124,0,570,81,638,40.5,604.0,multiline,none,-1,False,recently_moving,2.04,22.46,True,True
222,7.4,426,bus,0.55,761,564,1319,737,1040.0,650.5,multiline,none,-1,False,recently_moving,1.33,7.95,True,True
222,7.4,409,car,0.4589,760,576,830,633,795.0,604.5,multiline,none,-1,False,recently_moving,1.46,11.64,True,True
222,7.4,81,car,0.4758,1388,607,1556,670,1472.0,638.5,multiline,none,-1,False,moving,16.42,180.44,True,True
223,7.4333,398,person,0.6299,840,357,853,392,846.5,374.5,multiline,none,-1,False,stationary,0.31,3.3,False,True
223,7.4333,408,car,0.9117,0,570,88,639,44.0,604.5,multiline,none,-1,False,recently_moving,2.35,25.84,True,True
223,7.4333,426,bus,0.4964,758,564,1327,738,1042.5,651.0,multiline,none,-1,False,recently_moving,1.5,10.48,True,True
223,7.4333,409,car,0.6976,757,576,830,633,793.5,604.5,multiline,none,-1,False,recently_moving,1.48,13.28,True,True
223,7.4333,351,car,0.3563,500,614,641,696,570.5,655.0,multiline,none,-1,False,stationary,8.98,98.8,False,True
223,7.4333,306,person,0.3085,82,476,109,520,95.5,498.0,multiline,none,-1,False,stationary,1.01,11.06,False,True
224,7.4667,398,person,0.6487,840,357,853,391,846.5,374.0,multiline,none,-1,False,stationary,0.31,3.27,False,True
224,7.4667,408,car,0.8968,0,570,95,640,47.5,605.0,multiline,none,-1,False,recently_moving,2.63,28.91,True,True
224,7.4667,409,car,0.7086,753,575,831,633,792.0,604.0,multiline,none,-1,False,recently_moving,1.49,14.91,True,True
224,7.4667,351,car,0.4223,520,616,649,697,584.5,656.5,multiline,none,-1,False,stationary,9.48,104.27,False,True
224,7.4667,81,car,0.4616,1373,607,1542,670,1457.5,638.5,multiline,none,-1,False,moving,17.42,191.45,True,True
225,7.5,398,person,0.5099,840,356,853,391,846.5,373.5,multiline,none,-1,False,stationary,0.3,3.13,False,True
225,7.5,408,car,0.9068,0,570,102,641,51.0,605.5,multiline,none,-1,False,recently_moving,2.86,31.42,True,True
225,7.5,409,car,0.5825,750,575,831,633,790.5,604.0,multiline,none,-1,False,recently_moving,1.5,16.5,True,True
225,7.5,351,car,0.3234,536,617,655,698,595.5,657.5,multiline,none,-1,False,stationary,9.91,109.02,False,True
225,7.5,426,bus,0.2697,755,563,1338,739,1046.5,651.0,multiline,none,-1,False,recently_moving,1.69,13.49,True,True
225,7.5,306,person,0.7026,80,476,106,520,93.0,498.0,multiline,none,-1,False,stationary,1.02,11.25,False,True
226,7.5333,398,person,0.5762,840,356,854,391,847.0,373.5,multiline,none,-1,False,stationary,0.31,3.22,False,True
226,7.5333,408,car,0.9296,0,571,109,642,54.5,606.5,multiline,none,-1,False,stationary,3.06,33.61,False,True
226,7.5333,409,car,0.4242,746,574,831,633,788.5,603.5,multiline,none,-1,False,recently_moving,1.64,18.06,True,True
226,7.5333,351,car,0.2616,548,618,660,699,604.0,658.5,multiline,none,-1,False,stationary,10.23,112.5,False,True
226,7.5333,426,bus,0.4075,786,564,1349,739,1067.5,651.5,multiline,none,-1,False,recently_moving,2.54,22.79,True,True
226,7.5333,306,person,0.6989,78,475,104,520,91.0,497.5,multiline,none,-1,False,stationary,1.05,11.49,False,True
227,7.5667,398,person,0.5954,840,356,854,390,847.0,373.0,multiline,none,-1,False,stationary,0.31,3.12,False,True
227,7.5667,408,car,0.9389,0,572,117,643,58.5,607.5,multiline,none,-1,False,stationary,3.24,35.61,False,True
227,7.5667,409,car,0.3978,743,572,831,632,787.0,602.0,multiline,none,-1,False,recently_moving,1.72,18.81,True,True
227,7.5667,426,bus,0.3153,786,564,1360,740,1073.0,652.0,multiline,none,-1,False,recently_moving,3.08,30.78,True,True
227,7.5667,306,person,0.6122,76,475,101,520,88.5,497.5,multiline,none,-1,False,stationary,1.11,12.19,False,True
227,7.5667,81,car,0.6543,1363,606,1527,668,1445.0,637.0,multiline,none,-1,False,moving,18.08,198.79,True,True
228,7.6,398,person,0.6745,841,356,854,390,847.5,373.0,multiline,none,-1,False,stationary,0.32,3.22,False,True
228,7.6,408,car,0.9184,0,573,124,644,62.0,608.5,multiline,none,-1,False,stationary,3.38,37.12,False,True
228,7.6,409,car,0.6444,740,570,831,632,785.5,601.0,multiline,none,-1,False,recently_moving,1.74,19.0,True,True
228,7.6,306,person,0.679,75,474,99,520,87.0,497.0,multiline,none,-1,False,stationary,1.19,12.98,False,True
228,7.6,81,car,0.506,1359,606,1514,667,1436.5,636.5,multiline,line_crossed,2,True,moving,18.38,202.19,True,True
229,7.6333,398,person,0.7108,841,355,854,389,847.5,372.0,multiline,none,-1,False,stationary,0.35,3.47,False,True
229,7.6333,408,car,0.91,0,574,130,645,65.0,609.5,multiline,none,-1,False,stationary,3.46,37.99,False,True
229,7.6333,409,car,0.6282,737,569,831,632,784.0,600.5,multiline,none,-1,False,stationary,1.75,19.1,False,True
229,7.6333,306,person,0.7332,74,474,97,520,85.5,497.0,multiline,none,-1,False,stationary,1.25,13.68,False,True
229,7.6333,81,car,0.4559,1357,606,1504,666,1430.5,636.0,multiline,none,-1,False,moving,18.49,203.36,True,True
230,7.6667,398,person,0.6778,841,355,854,389,847.5,372.0,multiline,none,-1,False,stationary,0.34,3.36,False,True
230,7.6667,408,car,0.9041,0,575,136,646,68.0,610.5,multiline,none,-1,False,stationary,3.5,38.43,False,True
230,7.6667,409,car,0.7354,734,568,831,632,782.5,600.0,multiline,none,-1,False,stationary,1.74,18.98,False,True
230,7.6667,306,person,0.7426,72,474,96,520,84.0,497.0,multiline,none,-1,False,stationary,1.33,14.47,False,True
231,7.7,398,person,0.679,841,355,855,389,848.0,372.0,multiline,none,-1,False,stationary,0.34,3.44,False,True
231,7.7,408,car,0.913,0,575,140,647,70.0,611.0,multiline,none,-1,False,stationary,3.48,38.23,False,True
231,7.7,409,car,0.7897,732,566,830,632,781.0,599.0,multiline,none,-1,False,stationary,1.72,18.79,False,True
231,7.7,306,person,0.7363,71,473,95,520,83.0,496.5,multiline,none,-1,False,stationary,1.37,14.99,False,True
231,7.7,454,car,0.6239,754,641,802,709,778.0,675.0,multiline,none,-1,False,insufficient_data,0.0,0.0,False,True
231,7.7,456,truck,0.4669,89,475,513,606,301.0,540.5,multiline,none,-1,False,insufficient_data,0.0,0.0,False,True
232,7.7333,398,person,0.7211,842,355,855,389,848.5,372.0,multiline,none,-1,False,stationary,0.34,3.46,False,True
232,7.7333,408,car,0.9025,0,576,143,648,71.5,612.0,multiline,none,-1,False,stationary,3.41,37.42,False,True
232,7.7333,409,car,0.7968,729,566,830,631,779.5,598.5,multiline,none,-1,False,stationary,1.7,18.56,False,True
232,7.7333,306,person,0.7554,70,472,95,520,82.5,496.0,multiline,none,-1,False,stationary,1.41,15.33,False,True
232,7.7333,454,car,0.6767,753,640,803,709,778.0,674.5,multiline,none,-1,False,insufficient_data,0.0,0.0,False,True
232,7.7333,456,truck,0.3022,88,474,509,606,298.5,540.0,multiline,none,-1,False,insufficient_data,0.0,0.0,False,True
233,7.7667,398,person,0.6348,842,355,855,389,848.5,372.0,multiline,none,-1,False,stationary,0.34,3.48,False,True
233,7.7667,408,car,0.8923,1,577,145,649,73.0,613.0,multiline,none,-1,False,stationary,3.29,36.08,False,True
233,7.7667,409,car,0.8004,727,565,831,631,779.0,598.0,multiline,none,-1,False,stationary,1.66,18.12,False,True
233,7.7667,306,person,0.7046,68,472,94,521,81.0,496.5,multiline,none,-1,False,stationary,1.44,15.75,False,True
233,7.7667,454,car,0.7584,751,638,806,709,778.5,673.5,multiline,none,-1,False,insufficient_data,0.0,0.0,False,True
233,7.7667,456,truck,0.6372,86,473,503,606,294.5,539.5,multiline,none,-1,False,insufficient_data,0.0,0.0,False,True
234,7.8,398,person,0.6863,842,354,855,388,848.5,371.0,multiline,none,-1,False,stationary,0.35,3.65,False,True
234,7.8,408,car,0.8822,4,577,146,649,75.0,613.0,multiline,none,-1,False,stationary,3.16,34.69,False,True
234,7.8,409,car,0.7835,725,564,830,631,777.5,597.5,multiline,none,-1,False,stationary,1.64,17.89,False,True
234,7.8,306,person,0.5876,67,471,93,521,80.0,496.0,multiline,none,-1,False,stationary,1.46,16.02,False,True
234,7.8,454,car,0.7861,749,635,809,710,779.0,672.5,multiline,none,-1,False,insufficient_data,0.0,0.0,False,True
234,7.8,456,truck,0.4215,84,473,498,606,291.0,539.5,multiline,none,-1,False,insufficient_data,0.0,0.0,False,True
235,7.8333,398,person,0.6295,842,354,856,388,849.0,371.0,multiline,none,-1,False,stationary,0.36,3.73,False,True
235,7.8333,408,car,0.8636,9,578,148,650,78.5,614.0,multiline,none,-1,False,stationary,3.09,33.85,False,True
235,7.8333,409,car,0.7215,723,563,830,631,776.5,597.0,multiline,none,-1,False,stationary,1.61,17.56,False,True
235,7.8333,306,person,0.6245,65,471,93,521,79.0,496.0,multiline,none,-1,False,stationary,1.48,16.22,False,True
235,7.8333,454,car,0.811,747,633,812,711,779.5,672.0,multiline,none,-1,False,recently_moving,0.52,2.05,True,True
235,7.8333,456,truck,0.3473,82,473,494,605,288.0,539.0,multiline,none,-1,False,recently_moving,2.02,8.08,True,True
236,7.8667,398,person,0.6929,843,353,856,388,849.5,370.5,multiline,none,-1,False,stationary,0.37,3.92,False,True
236,7.8667,408,car,0.8679,14,579,148,650,81.0,614.5,multiline,none,-1,False,stationary,3.0,32.97,False,True
236,7.8667,409,car,0.6141,723,564,830,632,776.5,598.0,multiline,none,-1,False,stationary,1.53,16.73,False,True
236,7.8667,306,person,0.6799,64,472,92,521,78.0,496.5,multiline,none,-1,False,stationary,1.44,15.81,False,True
236,7.8667,454,car,0.8488,746,632,814,712,780.0,672.0,multiline,none,-1,False,recently_moving,0.53,2.6,True,True
236,7.8667,456,truck,0.4362,80,473,492,604,286.0,538.5,multiline,none,-1,False,recently_moving,2.11,10.55,True,True
237,7.9,398,person,0.7332,843,353,856,388,849.5,370.5,multiline,none,-1,False,stationary,0.37,3.91,False,True
237,7.9,408,car,0.7641,21,580,149,650,85.0,615.0,multiline,none,-1,False,stationary,2.96,32.52,False,True
237,7.9,409,car,0.5464,723,564,830,632,776.5,598.0,multiline,none,-1,False,stationary,1.42,15.48,False,True
237,7.9,306,person,0.5711,63,472,92,521,77.5,496.5,multiline,none,-1,False,stationary,1.37,15.01,False,True
237,7.9,454,car,0.8195,745,630,816,713,780.5,671.5,multiline,none,-1,False,recently_moving,0.54,3.17,True,True
238,7.9333,398,person,0.6907,843,353,856,388,849.5,370.5,multiline,none,-1,False,stationary,0.36,3.79,False,True
238,7.9333,408,car,0.8198,27,581,149,649,88.0,615.0,multiline,none,-1,False,stationary,2.9,31.78,False,True
238,7.9333,409,car,0.6358,723,564,830,633,776.5,598.5,multiline,none,-1,False,stationary,1.29,13.95,False,True
238,7.9333,306,person,0.5421,62,471,91,521,76.5,496.0,multiline,none,-1,False,stationary,1.28,14.0,False,True
238,7.9333,454,car,0.8375,744,629,817,713,780.5,671.0,multiline,none,-1,False,recently_moving,0.54,3.72,True,True
238,7.9333,456,truck,0.3396,76,473,489,603,282.5,538.0,multiline,none,-1,False,recently_moving,2.23,13.4,True,True
239,7.9667,398,person,0.704,843,353,857,387,850.0,370.0,multiline,none,-1,False,stationary,0.36,3.83,False,True
239,7.9667,408,car,0.7563,34,582,149,649,91.5,615.5,multiline,none,-1,False,stationary,2.85,31.26,False,True
239,7.9667,409,car,0.6721,722,563,829,633,775.5,598.0,multiline,none,-1,False,stationary,1.18,12.71,False,True
239,7.9667,306,person,0.664,61,471,89,520,75.0,495.5,multiline,none,-1,False,stationary,1.22,13.33,False,True
239,7.9667,454,car,0.8357,743,628,819,712,781.0,670.0,multiline,none,-1,False,recently_moving,0.57,4.45,True,True
239,7.9667,463,car,0.6513,1874,607,1919,682,1896.5,644.5,multiline,none,-1,False,insufficient_data,0.0,0.0,False,True
240,8.0,398,person,0.7256,844,353,857,387,850.5,370.0,multiline,none,-1,False,stationary,0.35,3.7,False,True
240,8.0,408,car,0.6955,41,583,149,649,95.0,616.0,multiline,none,-1,False,stationary,2.84,31.08,False,True
240,8.0,409,car,0.6828,721,564,829,633,775.0,598.5,multiline,none,-1,False,stationary,1.07,11.44,False,True
240,8.0,454,car,0.8131,743,628,820,711,781.5,669.5,multiline,none,-1,False,recently_moving,0.58,5.16,True,True
240,8.0,463,car,0.6717,1872,606,1919,682,1895.5,644.0,multiline,none,-1,False,insufficient_data,0.0,0.0,False,True
240,8.0,426,truck,0.4324,866,566,1394,739,1130.0,652.5,multiline,none,-1,False,recently_moving,5.09,55.91,True,True
240,8.0,456,truck,0.2679,71,473,486,600,278.5,536.5,multiline,none,-1,False,recently_moving,2.39,16.69,True,True
241,8.0333,398,person,0.741,844,353,857,387,850.5,370.0,multiline,none,-1,False,stationary,0.34,3.66,False,True
241,8.0333,408,car,0.748,49,585,149,649,99.0,617.0,multiline,none,-1,False,stationary,2.86,31.29,False,True
241,8.0333,409,car,0.8306,720,567,829,633,774.5,600.0,multiline,none,-1,False,stationary,0.99,10.13,False,True
241,8.0333,454,car,0.8492,743,628,820,711,781.5,669.5,multiline,none,-1,False,recently_moving,0.57,5.63,True,True
241,8.0333,463,car,0.5548,1870,606,1919,684,1894.5,645.0,multiline,none,-1,False,insufficient_data,0.0,0.0,False,True
241,8.0333,456,truck,0.4192,66,474,483,598,274.5,536.0,multiline,none,-1,False,recently_moving,2.53,20.25,True,True
241,8.0333,306,person,0.4432,59,471,86,520,72.5,495.5,multiline,none,-1,False,stationary,1.21,13.23,False,True
242,8.0667,398,person,0.633,844,353,857,387,850.5,370.0,multiline,none,-1,False,stationary,0.33,3.52,False,True
242,8.0667,408,car,0.7728,57,587,149,649,103.0,618.0,multiline,none,-1,False,stationary,2.93,32.14,False,True
242,8.0667,409,car,0.769,719,569,828,633,773.5,601.0,multiline,none,-1,False,stationary,0.93,9.07,False,True
242,8.0667,454,car,0.8207,742,629,821,710,781.5,669.5,multiline,none,-1,False,recently_moving,0.55,5.97,True,True
242,8.0667,456,truck,0.6125,62,474,480,597,271.0,535.5,multiline,none,-1,False,recently_moving,2.65,23.81,True,True
242,8.0667,306,person,0.2651,58,471,83,520,70.5,495.5,multiline,none,-1,False,stationary,1.22,13.35,False,True
242,8.0667,426,truck,0.319,932,568,1424,739,1178.0,653.5,multiline,none,-1,False,recently_moving,8.07,88.71,True,True
243,8.1,398,person,0.6196,844,353,857,386,850.5,369.5,multiline,none,-1,False,stationary,0.32,3.4,False,True
243,8.1,408,car,0.7313,65,589,149,650,107.0,619.5,multiline,none,-1,False,stationary,3.06,33.61,False,True
243,8.1,409,car,0.8203,717,568,828,632,772.5,600.0,multiline,none,-1,False,stationary,0.85,8.31,False,True
243,8.1,454,car,0.8241,742,629,821,710,781.5,669.5,multiline,none,-1,False,recently_moving,0.55,6.01,True,True
243,8.1,456,truck,0.3878,58,474,453,595,255.5,534.5,multiline,none,-1,False,recently_moving,3.16,31.53,True,True
243,8.1,306,person,0.5046,56,471,80,520,68.0,495.5,multiline,none,-1,False,stationary,1.27,13.93,False,True
243,8.1,463,car,0.6762,1867,605,1919,687,1893.0,646.0,multiline,none,-1,False,insufficient_data,0.0,0.0,False,True
244,8.1333,398,person,0.6475,845,353,858,386,851.5,369.5,multiline,none,-1,False,stationary,0.34,3.59,False,True
244,8.1333,408,car,0.4525,73,590,149,650,111.0,620.0,multiline,none,-1,False,stationary,3.22,35.39,False,True
244,8.1333,409,car,0.6755,716,568,827,632,771.5,600.0,multiline,none,-1,False,stationary,0.81,8.03,False,True
244,8.1333,454,car,0.8518,744,629,822,710,783.0,669.5,multiline,none,-1,False,recently_moving,0.56,5.98,True,True
244,8.1333,306,person,0.7496,55,471,78,520,66.5,495.5,multiline,none,-1,False,stationary,1.34,14.64,False,True
244,8.1333,463,car,0.821,1863,605,1918,689,1890.5,647.0,multiline,none,-1,False,recently_moving,0.91,3.5,True,True
245,8.1667,398,person,0.7046,845,352,858,386,851.5,369.0,multiline,none,-1,False,stationary,0.33,3.59,False,True
245,8.1667,409,car,0.7197,716,566,827,632,771.5,599.0,multiline,none,-1,False,stationary,0.74,7.36,False,True
245,8.1667,454,car,0.8431,747,630,822,711,784.5,670.5,multiline,none,-1,False,recently_moving,0.58,5.74,True,True
245,8.1667,306,person,0.6089,54,471,76,519,65.0,495.0,multiline,none,-1,False,stationary,1.38,15.11,False,True
245,8.1667,463,car,0.707,1859,603,1918,692,1888.5,647.5,multiline,none,-1,False,recently_moving,1.08,5.25,True,True
245,8.1667,456,truck,0.3252,52,474,421,593,236.5,533.5,multiline,none,-1,False,recently_moving,3.93,43.18,True,True
246,8.2,398,person,0.6442,845,352,858,386,851.5,369.0,multiline,none,-1,False,stationary,0.32,3.48,False,True
246,8.2,409,car,0.5028,716,565,827,632,771.5,598.5,multiline,none,-1,False,stationary,0.67,6.59,False,True
246,8.2,454,car,0.8229,751,630,822,712,786.5,671.0,multiline,none,-1,False,stationary,0.64,5.99,False,True
246,8.2,306,person,0.703,53,471,74,518,63.5,494.5,multiline,none,-1,False,stationary,1.43,15.62,False,True
246,8.2,463,car,0.847,1855,599,1918,694,1886.5,646.5,multiline,none,-1,False,recently_moving,1.19,6.95,True,True
246,8.2,456,truck,0.3794,46,473,420,591,233.0,532.0,multiline,none,-1,False,recently_moving,4.66,51.15,True,True
247,8.2333,398,person,0.7364,845,352,859,386,852.0,369.0,multiline,none,-1,False,stationary,0.31,3.27,False,True
247,8.2333,409,car,0.7966,715,564,826,633,770.5,598.5,multiline,none,-1,False,stationary,0.66,6.38,False,True
247,8.2333,454,car,0.4665,754,631,822,713,788.0,672.0,multiline,none,-1,False,stationary,0.73,6.5,False,True
247,8.2333,306,person,0.5977,52,471,72,517,62.0,494.0,multiline,none,-1,False,stationary,1.47,16.14,False,True
247,8.2333,463,car,0.8738,1851,595,1918,696,1884.5,645.5,multiline,none,-1,False,recently_moving,1.29,8.69,True,True
247,8.2333,456,truck,0.4864,41,472,426,590,233.5,531.0,multiline,none,-1,False,recently_moving,4.99,54.77,True,True
248,8.2667,398,person,0.7408,845,352,859,385,852.0,368.5,multiline,none,-1,False,stationary,0.3,3.25,False,True
248,8.2667,409,car,0.8213,714,563,825,633,769.5,598.0,multiline,none,-1,False,stationary,0.69,6.58,False,True
248,8.2667,454,car,0.2971,759,631,822,713,790.5,672.0,multiline,none,-1,False,stationary,0.84,7.63,False,True
248,8.2667,463,car,0.8815,1847,590,1918,697,1882.5,643.5,multiline,none,-1,False,recently_moving,1.39,10.47,True,True
248,8.2667,456,truck,0.6931,37,471,433,590,235.0,530.5,multiline,none,-1,False,recently_moving,5.05,55.45,True,True
248,8.2667,480,car,0.8041,774,632,958,719,866.0,675.5,multiline,none,-1,False,insufficient_data,0.0,0.0,False,True
249,8.3,398,person,0.7674,846,351,859,385,852.5,368.0,multiline,none,-1,False,stationary,0.33,3.49,False,True
249,8.3,409,car,0.7283,701,562,823,634,762.0,598.0,multiline,none,-1,False,stationary,0.94,9.32,False,True
249,8.3,463,car,0.8694,1842,586,1918,698,1880.0,642.0,multiline,none,-1,False,recently_moving,1.5,12.57,True,True
249,8.3,456,truck,0.5574,32,471,439,589,235.5,530.0,multiline,none,-1,False,stationary,4.98,54.68,False,True
249,8.3,480,car,0.6196,777,631,960,720,868.5,675.5,multiline,none,-1,False,insufficient_data,0.0,0.0,False,True
250,8.3333,398,person,0.7263,846,351,859,385,852.5,368.0,multiline,none,-1,False,stationary,0.32,3.39,False,True
250,8.3333,409,car,0.6422,697,561,821,634,759.0,597.5,multiline,none,-1,False,stationary,1.16,11.83,False,True
250,8.3333,463,car,0.8631,1837,583,1918,698,1877.5,640.5,multiline,none,-1,False,recently_moving,1.61,14.91,True,True
250,8.3333,456,truck,0.4347,28,471,443,588,235.5,529.5,multiline,none,-1,False,stationary,4.88,53.48,False,True
251,8.3667,398,person,0.7259,846,351,860,385,853.0,368.0,multiline,none,-1,False,stationary,0.31,3.33,False,True
251,8.3667,409,car,0.7633,685,561,818,635,751.5,598.0,multiline,none,-1,False,stationary,1.53,15.9,False,True
251,8.3667,463,car,0.8984,1833,581,1918,699,1875.5,640.0,multiline,none,-1,False,recently_moving,1.68,17.17,True,True
251,8.3667,456,truck,0.4131,23,470,425,587,224.0,528.5,multiline,none,-1,False,stationary,5.06,55.47,False,True
251,8.3667,306,person,0.6394,50,472,69,513,59.5,492.5,multiline,none,-1,False,stationary,1.56,17.07,False,True
252,8.4,398,person,0.7116,846,351,860,385,853.0,368.0,multiline,none,-1,False,stationary,0.31,3.29,False,True
252,8.4,409,car,0.7047,683,560,815,635,749.0,597.5,multiline,none,-1,False,stationary,1.81,19.28,False,True
252,8.4,463,car,0.8938,1828,579,1918,699,1873.0,639.0,multiline,none,-1,False,recently_moving,1.87,19.21,True,True
252,8.4,456,truck,0.5498,19,470,405,586,212.0,528.0,multiline,none,-1,False,stationary,5.43,59.51,False,True
252,8.4,486,car,0.7422,1195,595,1255,656,1225.0,625.5,multiline,none,-1,False,insufficient_data,0.0,0.0,False,True
252,8.4,306,person,0.641,48,472,67,510,57.5,491.0,multiline,none,-1,False,stationary,1.68,18.31,False,True
253,8.4333,398,person,0.7793,846,351,860,385,853.0,368.0,multiline,none,-1,False,stationary,0.3,3.24,False,True
253,8.4333,409,car,0.8646,673,560,811,635,742.0,597.5,multiline,none,-1,False,stationary,2.17,23.6,False,True
253,8.4333,463,car,0.882,1824,578,1918,699,1871.0,638.5,multiline,none,-1,False,recently_moving,2.02,20.99,True,True
253,8.4333,456,truck,0.3849,15,469,394,586,204.5,527.5,multiline,none,-1,False,stationary,5.78,63.34,False,True
253,8.4333,486,car,0.552,1194,593,1257,656,1225.5,624.5,multiline,none,-1,False,insufficient_data,0.0,0.0,False,True
253,8.4333,306,person,0.6547,47,472,65,507,56.0,489.5,multiline,none,-1,False,stationary,1.79,19.37,False,True
254,8.4667,398,person,0.7394,846,350,860,385,853.0,367.5,multiline,none,-1,False,stationary,0.3,3.21,False,True
254,8.4667,409,car,0.8736,662,560,808,634,735.0,597.0,multiline,none,-1,False,stationary,2.62,28.49,False,True
254,8.4667,463,car,0.8237,1820,577,1918,699,1869.0,638.0,multiline,none,-1,False,recently_moving,2.13,22.45,True,True
254,8.4667,456,truck,0.3336,11,469,387,585,199.0,527.0,multiline,none,-1,False,stationary,6.07,66.53,False,True
254,8.4667,486,car,0.7627,1192,591,1261,656,1226.5,623.5,multiline,none,-1,False,insufficient_data,0.0,0.0,False,True
254,8.4667,306,person,0.4217,46,472,64,505,55.0,488.5,multiline,none,-1,False,stationary,1.86,19.97,False,True
254,8.4667,426,bus,0.3368,1016,573,1483,741,1249.5,657.0,multiline,none,-1,False,recently_moving,12.25,134.74,True,True
255,8.5,398,person,0.7522,846,350,860,385,853.0,367.5,multiline,none,-1,False,stationary,0.27,2.9,False,True
255,8.5,409,car,0.8472,653,559,804,633,728.5,596.0,multiline,none,-1,False,stationary,3.08,33.63,False,True
255,8.5,463,car,0.8413,1815,576,1918,699,1866.5,637.5,multiline,none,-1,False,stationary,2.2,23.57,False,True
255,8.5,486,car,0.7781,1190,590,1268,656,1229.0,623.0,multiline,none,-1,False,insufficient_data,0.0,0.0,False,True
255,8.5,306,person,0.5685,44,472,62,502,53.0,487.0,multiline,none,-1,False,stationary,1.9,20.36,False,True
256,8.5333,398,person,0.7467,846,350,861,385,853.5,367.5,multiline,none,-1,False,stationary,0.26,2.73,False,True
256,8.5333,409,car,0.8402,646,559,800,632,723.0,595.5,multiline,none,-1,False,stationary,3.55,38.87,False,True
256,8.5333,463,car,0.8332,1810,576,1918,698,1864.0,637.0,multiline,none,-1,False,stationary,2.26,24.6,False,True
256,8.5333,486,car,0.8481,1186,589,1276,656,1231.0,622.5,multiline,none,-1,False,recently_moving,0.99,3.81,True,True
256,8.5333,306,person,0.5426,43,472,61,500,52.0,486.0,multiline,none,-1,False,stationary,1.91,20.43,False,True
256,8.5333,456,truck,0.4445,8,469,384,585,196.0,527.0,multiline,none,-1,False,stationary,5.86,64.22,False,True
256,8.5333,426,truck,0.2719,1083,576,1535,742,1309.0,659.0,multiline,none,-1,False,moving,16.81,184.81,True,True
257,8.5667,398,person,0.7271,846,350,861,385,853.5,367.5,multiline,none,-1,False,stationary,0.25,2.6,False,True
257,8.5667,409,car,0.8319,638,559,796,631,717.0,595.0,multiline,none,-1,False,stationary,4.04,44.37,False,True
257,8.5667,463,car,0.7811,1806,575,1918,698,1862.0,636.5,multiline,none,-1,False,stationary,2.3,25.21,False,True
257,8.5667,486,car,0.8672,1183,588,1284,656,1233.5,622.0,multiline,none,-1,False,recently_moving,1.17,5.66,True,True
257,8.5667,426,truck,0.4591,1134,578,1585,750,1359.5,664.0,multiline,none,-1,False,moving,21.3,234.2,True,True
258,8.6,398,person,0.664,846,350,861,385,853.5,367.5,multiline,none,-1,False,stationary,0.23,2.38,False,True
258,8.6,409,car,0.7666,631,558,791,630,711.0,594.0,multiline,none,-1,False,stationary,4.53,49.71,False,True
258,8.6,463,car,0.8612,1801,574,1918,697,1859.5,635.5,multiline,none,-1,False,stationary,2.35,25.77,False,True
258,8.6,486,car,0.8557,1179,587,1293,656,1236.0,621.5,multiline,none,-1,False,recently_moving,1.33,7.73,True,True
258,8.6,456,truck,0.5321,6,468,379,587,192.5,527.5,multiline,none,-1,False,stationary,5.23,57.27,False,True
259,8.6333,398,person,0.6437,846,350,861,385,853.5,367.5,multiline,none,-1,False,stationary,0.21,2.15,False,True
259,8.6333,409,car,0.6187,625,558,787,630,706.0,594.0,multiline,none,-1,False,stationary,4.96,54.58,False,True
259,8.6333,463,car,0.8709,1796,574,1918,697,1857.0,635.5,multiline,none,-1,False,stationary,2.38,26.08,False,True
259,8.6333,486,car,0.8886,1175,586,1301,657,1238.0,621.5,multiline,none,-1,False,recently_moving,1.43,9.76,True,True
259,8.6333,456,truck,0.6037,5,467,377,588,191.0,527.5,multiline,none,-1,False,stationary,4.75,52.0,False,True
259,8.6333,306,person,0.3032,41,472,59,498,50.0,485.0,multiline,none,-1,False,stationary,1.91,20.49,False,True
259,8.6333,426,truck,0.4526,1179,581,1631,756,1405.0,668.5,multiline,none,-1,False,moving,25.59,281.39,True,True
260,8.6667,398,person,0.654,846,349,861,385,853.5,367.0,multiline,none,-1,False,stationary,0.18,1.86,False,True
260,8.6667,409,car,0.5207,619,558,783,629,701.0,593.5,multiline,none,-1,False,stationary,5.17,56.88,False,True
260,8.6667,463,car,0.859,1792,573,1918,697,1855.0,635.0,multiline,none,-1,False,stationary,2.38,26.01,False,True
260,8.6667,486,car,0.8799,1170,585,1307,658,1238.5,621.5,multiline,none,-1,False,recently_moving,1.44,11.26,True,True
260,8.6667,456,truck,0.5078,3,467,379,589,191.0,528.0,multiline,none,-1,False,stationary,4.45,48.69,False,True
261,8.7,398,person,0.6845,847,349,861,384,854.0,366.5,multiline,none,-1,False,stationary,0.19,1.9,False,True
261,8.7,409,car,0.8175,613,558,778,628,695.5,593.0,multiline,none,-1,False,stationary,5.39,59.26,False,True
261,8.7,463,car,0.8148,1787,573,1918,697,1852.5,635.0,multiline,none,-1,False,stationary,2.36,25.84,False,True
261,8.7,486,car,0.9096,1166,585,1311,658,1238.5,621.5,multiline,none,-1,False,recently_moving,1.39,12.21,True,True
261,8.7,456,truck,0.6226,2,466,379,590,190.5,528.0,multiline,none,-1,False,stationary,4.32,47.24,False,True
262,8.7333,398,person,0.5545,847,349,861,384,854.0,366.5,multiline,none,-1,False,stationary,0.18,1.82,False,True
262,8.7333,409,car,0.6562,624,558,774,626,699.0,592.0,multiline,none,-1,False,stationary,5.19,57.04,False,True
262,8.7333,463,truck,0.7209,1783,563,1918,697,1850.5,630.0,multiline,none,-1,False,stationary,2.42,26.22,False,True
262,8.7333,486,car,0.9171,1163,584,1313,658,1238.0,621.0,multiline,none,-1,False,recently_moving,1.3,12.72,True,True
262,8.7333,456,truck,0.5843,2,466,382,594,192.0,530.0,multiline,none,-1,False,stationary,4.23,45.92,False,True
263,8.7667,398,person,0.4554,847,349,861,383,854.0,366.0,multiline,none,-1,False,stationary,0.19,1.92,False,True
263,8.7667,409,car,0.6648,638,558,770,623,704.0,590.5,multiline,none,-1,False,stationary,4.93,53.02,False,True
263,8.7667,463,truck,0.8359,1779,553,1918,697,1848.5,625.0,multiline,none,-1,False,stationary,2.53,26.81,False,True
263,8.7667,486,car,0.9165,1159,584,1314,658,1236.5,621.0,multiline,none,-1,False,recently_moving,1.21,12.55,True,True
263,8.7667,456,truck,0.6996,1,466,386,597,193.5,531.5,multiline,none,-1,False,stationary,4.2,44.54,False,True
264,8.8,398,person,0.3249,847,349,862,383,854.5,366.0,multiline,none,-1,False,stationary,0.21,2.1,False,True
264,8.8,409,car,0.6073,652,558,765,621,708.5,589.5,multiline,none,-1,False,stationary,4.66,46.47,False,True
264,8.8,463,truck,0.7695,1776,543,1918,696,1847.0,619.5,multiline,none,-1,False,stationary,2.71,27.91,False,True
264,8.8,486,car,0.9212,1156,583,1313,658,1234.5,620.5,multiline,none,-1,False,recently_moving,1.26,11.57,True,True
264,8.8,456,truck,0.6277,1,465,388,599,194.5,532.0,multiline,none,-1,False,stationary,3.84,39.31,False,True
265,8.8333,398,person,0.5697,847,348,862,382,854.5,365.0,multiline,none,-1,False,stationary,0.23,2.38,False,True
265,8.8333,409,car,0.4773,663,558,760,618,711.5,588.0,multiline,none,-1,False,stationary,4.37,38.87,False,True
265,8.8333,463,truck,0.8964,1774,536,1918,695,1846.0,615.5,multiline,none,-1,False,stationary,2.9,29.17,False,True
265,8.8333,486,car,0.9107,1152,583,1311,658,1231.5,620.5,multiline,none,-1,False,recently_moving,1.34,9.51,True,True
265,8.8333,456,truck,0.31,0,465,388,601,194.0,533.0,multiline,none,-1,False,stationary,3.25,31.95,False,True
266,8.8667,398,person,0.4944,847,348,862,382,854.5,365.0,multiline,none,-1,False,stationary,0.25,2.56,False,True
266,8.8667,463,truck,0.8607,1772,530,1918,693,1845.0,611.5,multiline,none,-1,False,stationary,3.07,30.52,False,True
266,8.8667,486,car,0.9094,1149,583,1309,658,1229.0,620.5,multiline,none,-1,False,recently_moving,1.4,6.56,True,True
266,8.8667,456,truck,0.301,0,465,379,602,189.5,533.5,multiline,none,-1,False,stationary,2.74,26.24,False,True
266,8.8667,426,truck,0.3466,1219,584,1697,765,1458.0,674.5,multiline,line_crossed,2,True,moving,29.96,329.43,True,True
267,8.9,398,person,0.3933,848,348,862,382,855.0,365.0,multiline,none,-1,False,stationary,0.26,2.69,False,True
267,8.9,463,truck,0.8832,1769,525,1918,690,1843.5,607.5,multiline,none,-1,False,stationary,3.23,32.2,False,True
267,8.9,486,car,0.8976,1146,583,1306,658,1226.0,620.5,multiline,none,-1,False,stationary,1.47,3.44,False,True
267,8.9,426,truck,0.3373,1251,586,1750,771,1500.5,678.5,multiline,none,-1,False,moving,34.07,374.69,True,True
268,8.9333,398,person,0.4698,848,348,862,381,855.0,364.5,multiline,none,-1,False,stationary,0.28,2.93,False,True
268,8.9333,463,truck,0.857,1766,522,1918,688,1842.0,605.0,multiline,none,-1,False,stationary,3.36,33.87,False,True
268,8.9333,486,car,0.8918,1144,583,1302,657,1223.0,620.0,multiline,none,-1,False,stationary,1.53,3.58,False,True
268,8.9333,426,truck,0.2596,1273,588,1792,776,1532.5,682.0,multiline,none,-1,False,moving,37.65,413.99,True,True
269,8.9667,398,person,0.5899,848,348,863,381,855.5,364.5,multiline,none,-1,False,stationary,0.3,3.18,False,True
269,8.9667,463,truck,0.7306,1771,519,1918,686,1844.5,602.5,multiline,none,-1,False,stationary,3.43,34.48,False,True
269,8.9667,486,car,0.8535,1143,583,1298,657,1220.5,620.0,multiline,none,-1,False,stationary,1.57,7.41,False,True
269,8.9667,426,truck,0.3316,1288,587,1824,778,1556.0,682.5,multiline,none,-1,False,moving,40.05,440.39,True,True
269,8.9667,504,car,0.6707,1014,652,1192,741,1103.0,696.5,multiline,none,-1,False,insufficient_data,0.0,0.0,False,True
270,9.0,398,person,0.5808,849,348,863,381,856.0,364.5,multiline,none,-1,False,stationary,0.33,3.43,False,True
270,9.0,463,truck,0.7685,1768,517,1918,683,1843.0,600.0,multiline,none,-1,False,stationary,3.47,35.6,False,True
270,9.0,486,car,0.8262,1142,583,1295,657,1218.5,620.0,multiline,none,-1,False,stationary,1.59,11.62,False,True
270,9.0,426,truck,0.2999,1319,589,1848,780,1583.5,684.5,multiline,none,-1,False,moving,42.31,465.27,True,True
270,9.0,456,truck,0.5448,0,464,366,601,183.0,532.5,multiline,none,-1,False,stationary,2.42,22.92,False,True
271,9.0333,398,person,0.5078,849,348,863,381,856.0,364.5,multiline,none,-1,False,stationary,0.33,3.42,False,True
271,9.0333,463,truck,0.5238,1770,516,1918,682,1844.0,599.0,multiline,none,-1,False,stationary,3.47,36.14,False,True
271,9.0333,486,car,0.7798,1142,583,1291,657,1216.5,620.0,multiline,none,-1,False,stationary,1.66,15.29,False,True
271,9.0333,426,truck,0.2574,1353,590,1866,781,1609.5,685.5,multiline,none,-1,False,moving,42.79,470.6,True,True
271,9.0333,456,truck,0.2767,0,464,356,600,178.0,532.0,multiline,none,-1,False,stationary,2.28,21.46,False,True
272,9.0667,398,person,0.5911,849,348,863,380,856.0,364.0,multiline,none,-1,False,stationary,0.33,3.36,False,True
272,9.0667,463,truck,0.4559,1772,514,1918,683,1845.0,598.5,multiline,none,-1,False,stationary,3.4,36.34,False,True
272,9.0667,486,car,0.6981,1142,583,1287,657,1214.5,620.0,multiline,none,-1,False,stationary,1.76,18.37,False,True
272,9.0667,426,truck,0.3126,1359,590,1879,782,1619.0,686.0,multiline,none,-1,False,moving,41.88,460.63,True,True
272,9.0667,456,truck,0.6544,0,464,348,601,174.0,532.5,multiline,none,-1,False,stationary,2.2,20.67,False,True
272,9.0667,504,car,0.3445,1022,650,1201,741,1111.5,695.5,multiline,none,-1,False,insufficient_data,0.0,0.0,False,True
273,9.1,398,person,0.6389,850,348,864,380,857.0,364.0,multiline,none,-1,False,stationary,0.34,3.49,False,True
273,9.1,463,truck,0.6694,1774,513,1918,679,1846.0,596.0,multiline,none,-1,False,stationary,3.31,35.42,False,True
273,9.1,486,car,0.6858,1139,583,1283,656,1211.0,619.5,multiline,none,-1,False,stationary,1.96,21.42,False,True
273,9.1,426,truck,0.4038,1382,590,1889,783,1635.5,686.5,multiline,none,-1,False,moving,39.54,434.85,True,True
273,9.1,456,truck,0.4362,7,464,344,602,175.5,533.0,multiline,none,-1,False,stationary,2.06,19.21,False,True
273,9.1,504,car,0.3624,1030,648,1212,742,1121.0,695.0,multiline,none,-1,False,insufficient_data,0.0,0.0,False,True
274,9.1333,398,person,0.6932,850,348,864,380,857.0,364.0,multiline,none,-1,False,stationary,0.34,3.5,False,True
274,9.1333,463,truck,0.3742,1774,513,1918,672,1846.0,592.5,multiline,none,-1,False,stationary,3.2,34.26,False,True
274,9.1333,486,car,0.8002,1137,583,1279,656,1208.0,619.5,multiline,none,-1,False,stationary,2.18,23.91,False,True
274,9.1333,426,truck,0.3996,1408,590,1897,783,1652.5,686.5,multiline,none,-1,False,moving,36.66,403.23,True,True
274,9.1333,456,truck,0.8104,8,463,339,603,173.5,533.0,multiline,none,-1,False,stationary,2.03,18.88,False,True
274,9.1333,504,car,0.4199,1037,647,1223,743,1130.0,695.0,multiline,none,-1,False,insufficient_data,0.0,0.0,False,True
275,9.1667,398,person,0.5613,851,348,864,380,857.5,364.0,multiline,none,-1,False,stationary,0.35,3.51,False,True
275,9.1667,463,truck,0.6919,1774,513,1918,663,1846.0,588.0,multiline,none,-1,False,stationary,3.1,33.17,False,True
275,9.1667,486,car,0.7724,1132,582,1275,656,1203.5,619.0,multiline,none,-1,False,stationary,2.4,26.41,False,True
275,9.1667,426,truck,0.2678,1432,590,1903,782,1667.5,686.0,multiline,none,-1,False,moving,33.65,370.14,True,True
275,9.1667,456,truck,0.6753,7,462,336,604,171.5,533.0,multiline,none,-1,False,stationary,2.05,19.16,False,True
275,9.1667,504,car,0.8033,1043,647,1234,743,1138.5,695.0,multiline,none,-1,False,recently_moving,5.52,22.08,True,True
276,9.2,398,person,0.3219,851,347,864,380,857.5,363.5,multiline,none,-1,False,stationary,0.33,3.44,False,True
276,9.2,463,truck,0.3455,1769,512,1918,654,1843.5,583.0,multiline,none,-1,False,stationary,3.07,32.94,False,True
276,9.2,486,car,0.7941,1127,582,1271,655,1199.0,618.5,multiline,none,-1,False,stationary,2.6,28.56,False,True
276,9.2,426,bus,0.3173,1456,592,1907,780,1681.5,686.0,multiline,none,-1,False,moving,30.69,337.53,True,True
276,9.2,456,truck,0.4029,7,462,335,604,171.0,533.0,multiline,none,-1,False,stationary,2.1,19.84,False,True
276,9.2,504,car,0.8617,1050,646,1245,743,1147.5,694.5,multiline,none,-1,False,recently_moving,5.99,29.96,True,True
277,9.2333,463,truck,0.3398,1760,512,1918,647,1839.0,579.5,multiline,none,-1,False,stationary,3.07,32.79,False,True
277,9.2333,486,car,0.8877,1121,582,1267,655,1194.0,618.5,multiline,none,-1,False,stationary,2.8,30.81,False,True
277,9.2333,456,truck,0.4048,6,461,333,603,169.5,532.0,multiline,none,-1,False,stationary,2.15,21.19,False,True
277,9.2333,504,car,0.8875,1058,646,1257,743,1157.5,694.5,multiline,none,-1,False,recently_moving,6.43,38.59,True,True
278,9.2667,463,truck,0.6194,1755,512,1918,640,1836.5,576.0,multiline,none,-1,False,stationary,3.07,32.58,False,True
278,9.2667,486,car,0.8728,1115,582,1263,655,1189.0,618.5,multiline,none,-1,False,stationary,3.0,32.98,False,True
278,9.2667,456,truck,0.7633,4,460,331,603,167.5,531.5,multiline,none,-1,False,stationary,2.21,23.14,False,True
278,9.2667,504,car,0.7971,1065,647,1269,744,1167.0,695.5,multiline,none,-1,False,recently_moving,6.79,47.5,True,True
278,9.2667,398,person,0.4141,851,347,864,380,857.5,363.5,multiline,none,-1,False,stationary,0.32,3.41,False,True
279,9.3,463,truck,0.7718,1752,512,1918,635,1835.0,573.5,multiline,none,-1,False,stationary,3.07,32.41,False,True
279,9.3,486,car,0.8739,1111,582,1259,655,1185.0,618.5,multiline,none,-1,False,stationary,3.16,34.74,False,True
279,9.3,456,truck,0.6089,3,460,330,603,166.5,531.5,multiline,none,-1,False,stationary,2.27,24.63,False,True
279,9.3,504,car,0.7185,1071,647,1281,744,1176.0,695.5,multiline,none,-1,False,recently_moving,7.06,56.44,True,True
279,9.3,398,person,0.6786,852,346,865,379,858.5,362.5,multiline,none,-1,False,stationary,0.35,3.7,False,True
279,9.3,426,bus,0.2877,1478,595,1910,778,1694.0,686.5,multiline,none,-1,False,moving,27.47,302.1,True,True
280,9.3333,463,truck,0.4347,1746,512,1918,631,1832.0,571.5,multiline,none,-1,False,stationary,3.12,32.63,False,True
280,9.3333,486,car,0.8833,1108,582,1255,655,1181.5,618.5,multiline,none,-1,False,stationary,3.29,36.21,False,True
280,9.3333,456,truck,0.4837,2,460,329,604,165.5,532.0,multiline,none,-1,False,stationary,2.23,24.38,False,True
280,9.3333,504,car,0.9182,1083,648,1293,745,1188.0,696.5,multiline,none,-1,False,recently_moving,7.39,66.47,True,True
280,9.3333,398,person,0.6918,852,346,865,379,858.5,362.5,multiline,none,-1,False,stationary,0.36,3.83,False,True
281,9.3667,463,truck,0.6629,1742,512,1918,627,1830.0,569.5,multiline,none,-1,False,stationary,3.16,32.7,False,True
281,9.3667,486,car,0.8594,1105,582,1251,654,1178.0,618.0,multiline,none,-1,False,stationary,3.43,37.71,False,True
281,9.3667,456,truck,0.4452,2,459,327,605,164.5,532.0,multiline,none,-1,False,stationary,2.04,22.3,False,True
281,9.3667,504,car,0.8931,1095,648,1305,746,1200.0,697.0,multiline,none,-1,False,recently_moving,7.73,77.18,True,True
281,9.3667,398,person,0.7201,852,345,865,379,858.5,362.0,multiline,none,-1,False,stationary,0.37,3.87,False,True
282,9.4,486,car,0.8623,1103,582,1246,654,1174.5,618.0,multiline,none,-1,False,stationary,3.56,39.19,False,True
282,9.4,456,truck,0.3792,1,459,326,603,163.5,531.0,multiline,none,-1,False,stationary,1.79,19.54,False,True
282,9.4,504,car,0.867,1105,649,1317,747,1211.0,698.0,multiline,none,-1,False,recently_moving,8.01,88.0,True,True
282,9.4,398,person,0.7361,852,345,865,378,858.5,361.5,multiline,none,-1,False,stationary,0.37,3.85,False,True
283,9.4333,486,car,0.8029,1102,582,1242,653,1172.0,617.5,multiline,none,-1,False,stationary,3.67,40.37,False,True
283,9.4333,456,truck,0.3656,1,458,325,601,163.0,529.5,multiline,none,-1,False,stationary,1.54,16.59,False,True
283,9.4333,504,car,0.873,1118,649,1329,748,1223.5,698.5,multiline,none,-1,False,recently_moving,8.77,96.41,True,True
283,9.4333,398,person,0.7214,852,344,865,378,858.5,361.0,multiline,none,-1,False,stationary,0.39,3.98,False,True
284,9.4667,463,truck,0.4463,1737,511,1918,625,1827.5,568.0,multiline,none,-1,False,stationary,3.24,33.4,False,True
284,9.4667,486,car,0.8249,1101,582,1238,653,1169.5,617.5,multiline,none,-1,False,stationary,3.71,40.75,False,True
284,9.4667,456,truck,0.3114,0,458,323,599,161.5,528.5,multiline,none,-1,False,stationary,1.48,15.81,False,True
284,9.4667,504,car,0.8639,1132,650,1341,748,1236.5,699.0,multiline,none,-1,False,recently_moving,9.38,103.14,True,True
284,9.4667,398,person,0.695,852,344,865,378,858.5,361.0,multiline,none,-1,False,stationary,0.39,3.94,False,True
285,9.5,486,car,0.7767,1101,582,1234,653,1167.5,617.5,multiline,none,-1,False,stationary,3.7,40.67,False,True
285,9.5,456,truck,0.3091,0,457,320,597,160.0,527.0,multiline,none,-1,False,stationary,1.45,15.32,False,True
285,9.5,504,car,0.8432,1145,650,1353,749,1249.0,699.5,multiline,none,-1,False,recently_moving,9.89,108.73,True,True
285,9.5,398,person,0.6954,852,343,866,377,859.0,360.0,multiline,none,-1,False,stationary,0.4,4.12,False,True
286,9.5333,486,car,0.7225,1101,582,1230,653,1165.5,617.5,multiline,none,-1,False,stationary,3.61,39.75,False,True
286,9.5333,504,car,0.8976,1159,651,1365,750,1262.0,700.5,multiline,none,-1,False,stationary,10.36,113.93,False,True
286,9.5333,398,person,0.7056,852,343,866,377,859.0,360.0,multiline,none,-1,False,stationary,0.41,4.2,False,True
287,9.5667,486,car,0.7888,1101,582,1226,653,1163.5,617.5,multiline,none,-1,False,stationary,3.48,38.26,False,True
287,9.5667,504,car,0.8957,1174,652,1376,750,1275.0,701.0,multiline,none,-1,False,stationary,10.8,118.74,False,True
287,9.5667,398,person,0.6806,852,343,866,377,859.0,360.0,multiline,none,-1,False,stationary,0.4,4.21,False,True
288,9.6,486,car,0.7994,1101,582,1222,653,1161.5,617.5,multiline,none,-1,False,stationary,3.3,36.27,False,True
288,9.6,504,car,0.8783,1187,653,1387,751,1287.0,702.0,multiline,none,-1,False,stationary,11.14,122.56,False,True
288,9.6,398,person,0.6112,853,343,866,377,859.5,360.0,multiline,none,-1,False,stationary,0.39,4.14,False,True
289,9.6333,486,car,0.7105,1101,582,1219,653,1160.0,617.5,multiline,none,-1,False,stationary,3.07,33.74,False,True
289,9.6333,504,car,0.8119,1200,654,1399,751,1299.5,702.5,multiline,none,-1,False,stationary,11.46,126.09,False,True
289,9.6333,398,person,0.5649,853,343,866,377,859.5,360.0,multiline,none,-1,False,stationary,0.39,4.09,False,True
289,9.6333,463,truck,0.5192,1727,510,1918,631,1822.5,570.5,multiline,none,-1,False,stationary,3.39,33.9,False,True
290,9.6667,486,car,0.7782,1101,582,1216,653,1158.5,617.5,multiline,none,-1,False,stationary,2.84,31.21,False,True
290,9.6667,504,car,0.7988,1212,654,1404,750,1308.0,702.0,multiline,none,-1,False,stationary,11.66,128.22,False,True
290,9.6667,398,person,0.53,853,343,866,377,859.5,360.0,multiline,none,-1,False,stationary,0.34,3.63,False,True
290,9.6667,463,truck,0.435,1719,510,1918,639,1818.5,574.5,multiline,none,-1,False,stationary,3.54,33.55,False,True
291,9.7,486,car,0.5549,1094,580,1212,653,1153.0,616.5,multiline,none,-1,False,stationary,2.76,30.33,False,True
291,9.7,504,car,0.8228,1224,655,1413,749,1318.5,702.0,multiline,none,-1,False,stationary,11.73,129.01,False,True
291,9.7,398,person,0.4543,853,342,867,376,860.0,359.0,multiline,none,-1,False,stationary,0.34,3.64,False,True
291,9.7,463,truck,0.6498,1712,510,1918,646,1815.0,578.0,multiline,none,-1,False,stationary,3.68,32.83,False,True
292,9.7333,486,car,0.4998,1080,579,1208,653,1144.0,616.0,multiline,none,-1,False,stationary,2.88,31.65,False,True
292,9.7333,504,car,0.7833,1236,655,1425,749,1330.5,702.0,multiline,none,-1,False,stationary,11.78,129.55,False,True
292,9.7333,398,person,0.3957,854,342,867,376,860.5,359.0,multiline,none,-1,False,stationary,0.34,3.63,False,True
292,9.7333,463,truck,0.5212,1706,509,1918,645,1812.0,577.0,multiline,none,-1,False,stationary,3.7,33.05,False,True
293,9.7667,486,car,0.5081,1072,578,1203,652,1137.5,615.0,multiline,none,-1,False,stationary,3.05,33.57,False,True
293,9.7667,504,car,0.7594,1248,656,1437,750,1342.5,703.0,multiline,none,-1,False,stationary,11.84,130.26,False,True
293,9.7667,398,person,0.4919,854,342,867,376,860.5,359.0,multiline,none,-1,False,stationary,0.33,3.49,False,True
293,9.7667,463,truck,0.7991,1692,509,1918,652,1805.0,580.5,multiline,none,-1,False,stationary,3.79,33.81,False,True
293,9.7667,426,truck,0.4994,1543,597,1912,778,1727.5,687.5,multiline,none,-1,False,moving,25.09,275.88,True,True
294,9.8,486,car,0.4462,1068,577,1198,651,1133.0,614.0,multiline,none,-1,False,stationary,3.23,35.51,False,True
294,9.8,504,car,0.5769,1259,657,1451,752,1355.0,704.5,multiline,none,-1,False,stationary,11.89,130.75,False,True
294,9.8,398,person,0.5412,854,342,867,376,860.5,359.0,multiline,none,-1,False,stationary,0.31,3.27,False,True
294,9.8,463,truck,0.4742,1678,509,1918,658,1798.0,583.5,multiline,none,-1,False,stationary,3.94,35.36,False,True
294,9.8,426,truck,0.4206,1595,599,1914,778,1754.5,688.5,multiline,none,-1,False,moving,23.37,257.04,True,True
294,9.8,456,truck,0.2873,0,455,308,593,154.0,524.0,multiline,none,-1,False,stationary,1.58,16.73,False,True
295,9.8333,486,car,0.5952,1057,576,1194,650,1125.5,613.0,multiline,none,-1,False,stationary,3.51,38.56,False,True
295,9.8333,504,car,0.4484,1271,658,1459,753,1365.0,705.5,multiline,none,-1,False,stationary,11.82,130.02,False,True
295,9.8333,398,person,0.5412,854,341,868,376,861.0,358.5,multiline,none,-1,False,stationary,0.32,3.38,False,True
295,9.8333,463,truck,0.8828,1662,509,1918,678,1790.0,593.5,multiline,none,-1,False,stationary,4.29,38.84,False,True
296,9.8667,486,car,0.4698,1047,576,1190,650,1118.5,613.0,multiline,none,-1,False,stationary,3.85,42.31,False,True
296,9.8667,398,person,0.5313,854,341,868,376,861.0,358.5,multiline,none,-1,False,stationary,0.28,3.04,False,True
296,9.8667,463,truck,0.6628,1647,509,1918,698,1782.5,603.5,multiline,none,-1,False,stationary,4.82,45.1,False,True
297,9.9,486,car,0.3924,1040,576,1186,650,1113.0,613.0,multiline,none,-1,False,stationary,4.18,45.95,False,True
297,9.9,398,person,0.4049,854,341,868,375,861.0,358.0,multiline,none,-1,False,stationary,0.28,3.0,False,True
297,9.9,463,truck,0.5797,1635,509,1918,716,1776.5,612.5,multiline,none,-1,False,stationary,5.39,52.54,False,True
298,9.9333,486,car,0.4434,1034,576,1181,650,1107.5,613.0,multiline,none,-1,False,stationary,4.51,49.52,False,True
298,9.9333,398,person,0.4134,854,341,868,375,861.0,358.0,multiline,none,-1,False,stationary,0.28,2.96,False,True
298,9.9333,463,truck,0.4955,1631,509,1918,729,1774.5,619.0,multiline,none,-1,False,stationary,5.87,59.49,False,True
299,9.9667,398,person,0.4923,854,341,868,375,861.0,358.0,multiline,none,-1,False,stationary,0.26,2.83,False,True
299,9.9667,463,truck,0.3901,1627,508,1918,739,1772.5,623.5,multiline,none,-1,False,stationary,6.25,65.55,False,True
300,10.0,398,person,0.3267,854,341,868,375,861.0,358.0,multiline,none,-1,False,stationary,0.26,2.74,False,True
300,10.0,463,truck,0.6446,1622,508,1918,746,1770.0,627.0,multiline,none,-1,False,stationary,6.52,69.34,False,True
300,10.0,426,truck,0.4257,1653,602,1915,774,1784.0,688.0,multiline,none,-1,False,moving,22.45,246.89,True,True
301,10.0333,463,truck,0.7204,1620,508,1918,735,1769.0,621.5,multiline,none,-1,False,stationary,6.45,68.91,False,True
301,10.0333,550,car,0.4577,762,639,813,702,787.5,670.5,multiline,none,-1,False,insufficient_data,0.0,0.0,False,True
301,10.0333,551,car,0.5905,627,631,814,704,720.5,667.5,multiline,none,-1,False,insufficient_data,0.0,0.0,False,True
301,10.0333,426,truck,0.2501,1698,604,1916,771,1807.0,687.5,multiline,none,-1,False,moving,21.71,238.73,True,True
301,10.0333,456,truck,0.3159,0,455,291,592,145.5,523.5,multiline,none,-1,False,stationary,1.9,20.37,False,True
301,10.0333,486,car,0.5181,1029,575,1174,650,1101.5,612.5,multiline,none,-1,False,stationary,4.84,53.22,False,True
302,10.0667,463,truck,0.4733,1618,508,1918,722,1768.0,615.0,multiline,none,-1,False,stationary,6.3,65.62,False,True
302,10.0667,550,car,0.7663,760,637,814,702,787.0,669.5,multiline,none,-1,False,insufficient_data,0.0,0.0,False,True
302,10.0667,426,motorcycle,0.6563,1734,605,1917,769,1825.5,687.0,multiline,none,-1,False,moving,20.99,230.8,True,True
302,10.0667,456,truck,0.3421,0,455,276,592,138.0,523.5,multiline,none,-1,False,stationary,2.3,24.64,False,True
302,10.0667,486,car,0.4899,1021,575,1168,650,1094.5,612.5,multiline,none,-1,False,stationary,5.24,57.57,False,True
303,10.1,463,truck,0.373,1615,508,1918,709,1766.5,608.5,multiline,none,-1,False,stationary,6.32,61.91,False,True
303,10.1,550,car,0.6692,757,635,815,702,786.0,668.5,multiline,none,-1,False,insufficient_data,0.0,0.0,False,True
303,10.1,426,motorcycle,0.4035,1765,607,1918,769,1841.5,688.0,multiline,none,-1,False,moving,20.72,227.93,True,True
303,10.1,551,car,0.3586,629,630,815,704,722.0,667.0,multiline,none,-1,False,insufficient_data,0.0,0.0,False,True
304,10.1333,463,truck,0.3136,1616,508,1918,701,1767.0,604.5,multiline,none,-1,False,stationary,6.2,55.88,False,True
304,10.1333,550,car,0.7113,755,633,816,703,785.5,668.0,multiline,none,-1,False,insufficient_data,0.0,0.0,False,True
305,10.1667,463,truck,0.6164,1613,508,1918,695,1765.5,601.5,multiline,none,-1,False,stationary,5.98,49.2,False,True
305,10.1667,550,car,0.6526,753,632,817,703,785.0,667.5,multiline,none,-1,False,recently_moving,0.64,2.56,True,True
305,10.1667,456,truck,0.3163,0,456,261,592,130.5,524.0,multiline,none,-1,False,stationary,2.72,29.16,False,True
305,10.1667,486,car,0.2803,1011,577,1159,650,1085.0,613.5,multiline,none,-1,False,stationary,5.75,63.14,False,True
306,10.2,550,car,0.5865,752,630,818,704,785.0,667.0,multiline,none,-1,False,recently_moving,0.64,3.19,True,True
306,10.2,551,car,0.2977,631,629,816,704,723.5,666.5,multiline,none,-1,False,insufficient_data,0.0,0.0,False,True
307,10.2333,550,car,0.5636,751,630,819,704,785.0,667.0,multiline,none,-1,False,recently_moving,0.6,3.58,True,True
307,10.2333,463,truck,0.5744,1624,509,1918,695,1771.0,602.0,multiline,none,-1,False,stationary,5.45,39.14,False,True
307,10.2333,456,truck,0.3021,0,457,242,591,121.0,524.0,multiline,none,-1,False,stationary,3.27,35.05,False,True
307,10.2333,486,car,0.2532,1001,579,1152,651,1076.5,615.0,multiline,none,-1,False,stationary,6.17,67.75,False,True
308,10.2667,550,car,0.8015,751,629,820,704,785.5,666.5,multiline,none,-1,False,recently_moving,0.57,3.88,True,True
308,10.2667,463,truck,0.6267,1635,509,1918,696,1776.5,602.5,multiline,none,-1,False,stationary,4.85,26.98,False,True
308,10.2667,456,truck,0.2615,0,456,225,591,112.5,523.5,multiline,none,-1,False,stationary,3.87,41.52,False,True
308,10.2667,398,person,0.3354,855,341,868,374,861.5,357.5,multiline,none,-1,False,stationary,0.28,2.96,False,True
309,10.3,550,car,0.7498,751,629,820,704,785.5,666.5,multiline,none,-1,False,recently_moving,0.53,4.07,True,True
309,10.3,463,truck,0.687,1644,509,1918,697,1781.0,603.0,multiline,none,-1,False,stationary,4.25,14.62,False,True
309,10.3,456,truck,0.2852,0,456,212,591,106.0,523.5,multiline,none,-1,False,stationary,4.43,47.65,False,True
309,10.3,398,person,0.2724,855,341,868,374,861.5,357.5,multiline,none,-1,False,stationary,0.25,2.74,False,True
310,10.3333,550,car,0.8016,753,629,820,703,786.5,666.0,multiline,none,-1,False,recently_moving,0.53,4.22,True,True
310,10.3333,463,truck,0.6959,1650,509,1918,698,1784.0,603.5,multiline,none,-1,False,stationary,3.76,5.81,False,True
310,10.3333,456,truck,0.3473,0,456,202,591,101.0,523.5,multiline,none,-1,False,stationary,4.92,52.98,False,True
311,10.3667,550,car,0.7653,754,629,820,703,787.0,666.0,multiline,none,-1,False,recently_moving,0.52,4.28,True,True
311,10.3667,463,truck,0.4853,1645,509,1918,698,1781.5,603.5,multiline,none,-1,False,stationary,3.2,8.25,False,True
311,10.3667,456,truck,0.5684,0,457,195,591,97.5,524.0,multiline,none,-1,False,stationary,5.31,57.37,False,True
312,10.4,550,car,0.7781,755,630,819,704,787.0,667.0,multiline,none,-1,False,recently_moving,0.51,4.0,True,True
312,10.4,463,truck,0.5757,1642,509,1918,699,1780.0,604.0,multiline,none,-1,False,stationary,2.66,13.79,False,True
312,10.4,456,truck,0.5893,0,458,189,591,94.5,524.5,multiline,none,-1,False,stationary,5.6,60.71,False,True
313,10.4333,550,car,0.8006,757,631,819,704,788.0,667.5,multiline,none,-1,False,recently_moving,0.53,3.21,True,True
313,10.4333,463,truck,0.6581,1645,509,1918,699,1781.5,604.0,multiline,none,-1,False,stationary,2.45,16.19,False,True
313,10.4333,456,truck,0.474,0,459,185,591,92.5,525.0,multiline,none,-1,False,stationary,5.79,63.04,False,True
314,10.4667,550,car,0.8366,759,632,819,704,789.0,668.0,multiline,none,-1,False,recently_moving,0.53,2.41,True,True
314,10.4667,463,truck,0.6724,1648,509,1918,699,1783.0,604.0,multiline,none,-1,False,stationary,2.32,16.48,False,True
314,10.4667,456,truck,0.3649,0,459,183,591,91.5,525.0,multiline,none,-1,False,stationary,5.73,62.76,False,True
315,10.5,550,car,0.8072,762,634,818,704,790.0,669.0,multiline,none,-1,False,recently_moving,0.56,2.43,True,True
315,10.5,463,truck,0.674,1645,508,1918,699,1781.5,603.5,multiline,none,-1,False,stationary,2.01,15.53,False,True
315,10.5,456,truck,0.4334,0,460,180,590,90.0,525.0,multiline,none,-1,False,stationary,5.48,60.18,False,True
315,10.5,564,car,0.6546,775,638,964,710,869.5,674.0,multiline,none,-1,False,insufficient_data,0.0,0.0,False,True
315,10.5,486,car,0.4603,984,580,1135,649,1059.5,614.5,multiline,none,-1,False,stationary,6.7,73.57,False,True
316,10.5333,550,car,0.7657,767,636,818,704,792.5,670.0,multiline,none,-1,False,stationary,0.63,4.02,False,True
316,10.5333,463,truck,0.5742,1644,508,1918,698,1781.0,603.0,multiline,none,-1,False,stationary,1.72,14.36,False,True
316,10.5333,456,truck,0.5658,0,461,178,590,89.0,525.5,multiline,none,-1,False,stationary,5.12,56.25,False,True
316,10.5333,564,car,0.5979,777,638,967,711,872.0,674.5,multiline,none,-1,False,insufficient_data,0.0,0.0,False,True
316,10.5333,486,car,0.5487,971,580,1123,647,1047.0,613.5,multiline,none,-1,False,stationary,7.24,79.48,False,True
317,10.5667,550,car,0.5955,774,638,818,702,796.0,670.0,multiline,none,-1,False,stationary,0.77,6.58,False,True
317,10.5667,463,truck,0.6188,1643,508,1918,698,1780.5,603.0,multiline,none,-1,False,stationary,1.43,13.93,False,True
317,10.5667,456,truck,0.5735,0,462,174,590,87.0,526.0,multiline,none,-1,False,stationary,4.72,51.8,False,True
317,10.5667,564,car,0.6074,781,639,971,712,876.0,675.5,multiline,none,-1,False,insufficient_data,0.0,0.0,False,True
318,10.6,463,truck,0.5611,1628,508,1918,698,1773.0,603.0,multiline,none,-1,False,stationary,1.48,9.64,False,True
318,10.6,456,truck,0.6529,0,462,171,590,85.5,526.0,multiline,none,-1,False,stationary,4.2,46.09,False,True
319,10.6333,463,truck,0.5891,1620,508,1918,697,1769.0,602.5,multiline,none,-1,False,stationary,1.5,3.76,False,True
319,10.6333,456,truck,0.514,0,463,168,589,84.0,526.0,multiline,none,-1,False,stationary,3.64,39.98,False,True
320,10.6667,463,truck,0.4871,1619,508,1918,697,1768.5,602.5,multiline,none,-1,False,stationary,1.41,2.48,False,True
320,10.6667,456,truck,0.4273,0,463,165,589,82.5,526.0,multiline,none,-1,False,stationary,3.12,34.26,False,True
321,10.7,463,truck,0.5991,1617,508,1918,696,1767.5,602.0,multiline,none,-1,False,stationary,1.28,7.29,False,True
321,10.7,456,truck,0.7151,0,463,161,589,80.5,526.0,multiline,none,-1,False,stationary,2.68,29.48,False,True
321,10.7,567,car,0.4576,1632,677,1870,789,1751.0,733.0,multiline,none,-1,False,insufficient_data,0.0,0.0,False,True
322,10.7333,463,truck,0.5434,1603,508,1918,695,1760.5,601.5,multiline,none,-1,False,stationary,1.5,12.13,False,True
322,10.7333,456,truck,0.6728,0,463,158,588,79.0,525.5,multiline,none,-1,False,stationary,2.34,25.68,False,True
322,10.7333,567,car,0.5827,1633,676,1873,789,1753.0,732.5,multiline,none,-1,False,insufficient_data,0.0,0.0,False,True
323,10.7667,463,truck,0.5322,1599,508,1918,695,1758.5,601.5,multiline,none,-1,False,stationary,1.76,15.49,False,True
323,10.7667,456,truck,0.7568,0,464,155,588,77.5,526.0,multiline,none,-1,False,stationary,2.07,22.69,False,True
323,10.7667,567,car,0.6706,1642,677,1880,790,1761.0,733.5,multiline,none,-1,False,insufficient_data,0.0,0.0,False,True
324,10.8,463,truck,0.567,1593,507,1918,694,1755.5,600.5,multiline,none,-1,False,stationary,1.97,19.26,False,True
324,10.8,456,truck,0.7082,0,464,152,587,76.0,525.5,multiline,none,-1,False,stationary,1.87,20.53,False,True
324,10.8,567,car,0.5063,1653,677,1889,790,1771.0,733.5,multiline,none,-1,False,insufficient_data,0.0,0.0,False,True
325,10.8333,463,truck,0.4426,1589,507,1918,694,1753.5,600.5,multiline,none,-1,False,stationary,2.13,22.94,False,True
325,10.8333,456,truck,0.6915,0,464,148,587,74.0,525.5,multiline,none,-1,False,stationary,1.78,19.49,False,True
325,10.8333,567,car,0.8098,1665,678,1897,790,1781.0,734.0,multiline,none,-1,False,recently_moving,4.18,16.7,True,True
326,10.8667,463,truck,0.488,1581,507,1918,693,1749.5,600.0,multiline,none,-1,False,stationary,2.4,26.2,False,True
326,10.8667,456,truck,0.7877,0,464,145,586,72.5,525.0,multiline,none,-1,False,stationary,1.72,18.82,False,True
326,10.8667,567,car,0.7835,1674,678,1902,790,1788.0,734.0,multiline,none,-1,False,recently_moving,4.77,23.79,True,True
326,10.8667,579,car,0.8653,283,540,448,606,365.5,573.0,multiline,none,-1,False,insufficient_data,0.0,0.0,False,True
327,10.9,463,truck,0.4343,1576,506,1918,692,1747.0,599.0,multiline,none,-1,False,stationary,2.64,29.03,False,True
327,10.9,456,truck,0.6314,0,465,141,586,70.5,525.5,multiline,none,-1,False,stationary,1.71,18.71,False,True
327,10.9,567,car,0.6762,1683,678,1907,790,1795.0,734.0,multiline,none,-1,False,recently_moving,5.15,30.86,True,True
327,10.9,579,car,0.8306,282,539,447,606,364.5,572.5,multiline,none,-1,False,insufficient_data,0.0,0.0,False,True
328,10.9333,463,truck,0.3635,1574,506,1918,691,1746.0,598.5,multiline,none,-1,False,stationary,2.83,31.06,False,True
328,10.9333,456,truck,0.6784,0,465,137,586,68.5,525.5,multiline,none,-1,False,stationary,1.7,18.65,False,True
328,10.9333,567,car,0.5053,1693,678,1910,789,1801.5,733.5,multiline,none,-1,False,recently_moving,5.39,37.72,True,True
328,10.9333,579,car,0.8411,279,539,443,605,361.0,572.0,multiline,none,-1,False,insufficient_data,0.0,0.0,False,True
328,10.9333,564,car,0.6246,818,642,1007,716,912.5,679.0,multiline,none,-1,False,insufficient_data,0.0,0.0,False,True
329,10.9667,463,truck,0.5152,1572,506,1918,690,1745.0,598.0,multiline,none,-1,False,stationary,2.75,30.16,False,True
329,10.9667,456,truck,0.7691,0,465,132,585,66.0,525.0,multiline,none,-1,False,stationary,1.73,18.98,False,True
329,10.9667,567,car,0.7602,1705,679,1912,788,1808.5,733.5,multiline,none,-1,False,recently_moving,5.58,44.61,True,True
329,10.9667,579,car,0.8583,276,539,438,605,357.0,572.0,multiline,none,-1,False,insufficient_data,0.0,0.0,False,True
329,10.9667,564,car,0.6121,847,645,1036,720,941.5,682.5,multiline,none,-1,False,recently_moving,9.1,36.38,True,True
329,10.9667,486,car,0.6205,958,577,1095,645,1026.5,611.0,multiline,none,-1,False,stationary,8.1,88.95,False,True
330,11.0,463,truck,0.6861,1571,506,1918,689,1744.5,597.5,multiline,none,-1,False,stationary,2.59,28.36,False,True
330,11.0,456,truck,0.7501,0,465,128,584,64.0,524.5,multiline,none,-1,False,stationary,1.76,19.36,False,True
330,11.0,567,car,0.8903,1717,681,1914,788,1815.5,734.5,multiline,none,-1,False,recently_moving,5.73,51.56,True,True
330,11.0,579,car,0.8565,273,539,434,604,353.5,571.5,multiline,none,-1,False,recently_moving,1.75,6.97,True,True
330,11.0,564,car,0.8428,871,647,1062,722,966.5,684.5,multiline,line_crossed,1,True,recently_moving,11.56,57.77,True,True
330,11.0,486,car,0.3567,946,574,1074,644,1010.0,609.0,multiline,none,-1,False,stationary,8.94,98.26,False,True
331,11.0333,463,truck,0.6864,1568,506,1918,689,1743.0,597.5,multiline,none,-1,False,stationary,2.51,27.53,False,True
331,11.0333,456,truck,0.7111,0,464,124,584,62.0,524.0,multiline,none,-1,False,stationary,1.8,19.79,False,True
331,11.0333,567,car,0.6165,1733,681,1915,787,1824.0,734.0,multiline,none,-1,False,recently_moving,5.91,59.05,True,True
331,11.0333,579,car,0.6904,270,538,430,603,350.0,570.5,multiline,none,-1,False,recently_moving,2.01,10.03,True,True
331,11.0333,564,car,0.5895,891,649,1084,725,987.5,687.0,multiline,none,-1,False,recently_moving,13.18,79.07,True,True
331,11.0333,486,car,0.4222,935,573,1058,643,996.5,608.0,multiline,none,-1,False,stationary,9.7,106.57,False,True
332,11.0667,463,truck,0.3684,1566,506,1918,688,1742.0,597.0,multiline,none,-1,False,stationary,2.47,27.03,False,True
332,11.0667,456,truck,0.4164,0,463,119,583,59.5,523.0,multiline,none,-1,False,stationary,1.85,20.32,False,True
332,11.0667,567,car,0.595,1746,682,1916,787,1831.0,734.5,multiline,none,-1,False,recently_moving,6.03,66.34,True,True
332,11.0667,579,car,0.8503,267,538,426,602,346.5,570.0,multiline,none,-1,False,recently_moving,2.22,13.29,True,True
332,11.0667,564,car,0.7839,908,650,1104,727,1006.0,688.5,multiline,none,-1,False,recently_moving,14.2,99.38,True,True
332,11.0667,486,car,0.5294,927,572,1046,642,986.5,607.0,multiline,none,-1,False,stationary,10.34,113.59,False,True
333,11.1,463,truck,0.5891,1564,506,1918,688,1741.0,597.0,multiline,none,-1,False,stationary,2.24,24.59,False,True
333,11.1,456,truck,0.8188,0,462,114,583,57.0,522.5,multiline,none,-1,False,stationary,1.92,20.99,False,True
333,11.1,567,car,0.8055,1759,683,1917,787,1838.0,735.0,multiline,none,-1,False,recently_moving,6.63,72.86,True,True
333,11.1,579,car,0.8233,265,538,422,601,343.5,569.5,multiline,none,-1,False,recently_moving,2.35,16.45,True,True
333,11.1,564,car,0.8015,922,651,1121,729,1021.5,690.0,multiline,none,-1,False,recently_moving,14.76,118.04,True,True
333,11.1,486,car,0.3575,920,571,1037,641,978.5,606.0,multiline,none,-1,False,stationary,10.84,119.07,False,True
334,11.1333,463,truck,0.5155,1557,506,1918,688,1737.5,597.0,multiline,none,-1,False,stationary,2.14,23.52,False,True
334,11.1333,456,truck,0.8561,0,462,110,582,55.0,522.0,multiline,none,-1,False,stationary,1.98,21.65,False,True
334,11.1333,567,car,0.8815,1771,684,1918,787,1844.5,735.5,multiline,none,-1,False,recently_moving,6.96,76.57,True,True
334,11.1333,579,car,0.8912,263,538,418,600,340.5,569.0,multiline,none,-1,False,recently_moving,2.45,19.57,True,True
334,11.1333,564,car,0.6357,935,652,1138,731,1036.5,691.5,multiline,none,-1,False,moving,15.05,135.46,True,True
335,11.1667,463,truck,0.4996,1549,506,1918,686,1733.5,596.0,multiline,none,-1,False,stationary,2.11,23.17,False,True
335,11.1667,456,truck,0.8287,0,462,105,582,52.5,522.0,multiline,none,-1,False,stationary,2.05,22.41,False,True
335,11.1667,567,car,0.8849,1784,685,1918,787,1851.0,736.0,multiline,none,-1,False,recently_moving,7.07,77.76,True,True
335,11.1667,579,car,0.867,261,538,414,599,337.5,568.5,multiline,none,-1,False,recently_moving,2.52,22.67,True,True
335,11.1667,564,car,0.3494,947,653,1153,732,1050.0,692.5,multiline,none,-1,False,moving,15.15,151.51,True,True
336,11.2,463,truck,0.2829,1543,505,1918,684,1730.5,594.5,multiline,none,-1,False,stationary,2.13,23.39,False,True
336,11.2,456,truck,0.7036,0,462,100,581,50.0,521.5,multiline,none,-1,False,stationary,2.11,23.1,False,True
336,11.2,579,car,0.7599,259,538,410,598,334.5,568.0,multiline,none,-1,False,recently_moving,2.58,25.74,True,True
337,11.2333,463,truck,0.4037,1537,505,1918,683,1727.5,594.0,multiline,none,-1,False,stationary,2.11,23.18,False,True
337,11.2333,456,truck,0.8527,0,462,95,581,47.5,521.5,multiline,none,-1,False,stationary,2.18,23.85,False,True
337,11.2333,579,car,0.6579,258,537,405,598,331.5,567.5,multiline,none,-1,False,recently_moving,2.62,28.79,True,True
337,11.2333,486,car,0.7077,897,571,1020,641,958.5,606.0,multiline,none,-1,False,stationary,11.61,127.51,False,True
337,11.2333,564,car,0.4159,959,653,1171,733,1065.0,693.0,multiline,none,-1,False,moving,15.2,167.2,True,True
338,11.2667,456,truck,0.5721,0,463,90,581,45.0,522.0,multiline,none,-1,False,stationary,2.24,24.52,False,True
338,11.2667,579,car,0.6339,256,539,390,597,323.0,568.0,multiline,none,-1,False,recently_moving,3.03,33.32,True,True
338,11.2667,486,car,0.5412,876,570,1006,640,941.0,605.0,multiline,none,-1,False,stationary,12.44,136.68,False,True
338,11.2667,564,car,0.4237,979,652,1186,734,1082.5,693.0,multiline,none,-1,False,moving,16.61,182.62,True,True
339,11.3,579,car,0.584,255,539,375,597,315.0,568.0,multiline,none,-1,False,recently_moving,3.44,37.8,True,True
339,11.3,564,car,0.3919,987,652,1202,736,1094.5,694.0,multiline,none,-1,False,moving,17.77,195.44,True,True
339,11.3,609,car,0.492,810,591,832,629,821.0,610.0,multiline,none,-1,False,insufficient_data,0.0,0.0,False,True
339,11.3,463,truck,0.4206,1530,505,1918,681,1724.0,593.0,multiline,none,-1,False,stationary,2.13,23.38,False,True
340,11.3333,579,car,0.679,253,538,364,596,308.5,567.0,multiline,none,-1,False,recently_moving,3.79,41.62,True,True
340,11.3333,564,car,0.3308,990,652,1217,738,1103.5,695.0,multiline,none,-1,False,moving,17.65,194.12,True,True
340,11.3333,609,car,0.7082,808,591,832,629,820.0,610.0,multiline,none,-1,False,insufficient_data,0.0,0.0,False,True
340,11.3333,463,truck,0.6041,1525,504,1918,680,1721.5,592.0,multiline,none,-1,False,stationary,2.19,24.06,False,True
341,11.3667,579,car,0.6792,251,537,355,596,303.0,566.5,multiline,none,-1,False,stationary,4.08,44.81,False,True
341,11.3667,564,car,0.8413,1007,652,1231,738,1119.0,695.0,multiline,none,-1,False,moving,17.14,188.46,True,True
341,11.3667,486,car,0.6059,856,569,991,639,923.5,604.0,multiline,none,-1,False,stationary,13.24,145.49,False,True
342,11.4,579,car,0.5487,249,537,348,596,298.5,566.5,multiline,none,-1,False,stationary,4.3,47.2,False,True
342,11.4,564,car,0.8784,1025,652,1245,738,1135.0,695.0,multiline,none,-1,False,moving,16.51,181.59,True,True
342,11.4,609,car,0.6438,805,588,832,630,818.5,609.0,multiline,none,-1,False,insufficient_data,0.0,0.0,False,True
342,11.4,463,truck,0.258,1520,504,1916,680,1718.0,592.0,multiline,none,-1,False,stationary,2.31,25.31,False,True
343,11.4333,579,car,0.7724,248,536,343,597,295.5,566.5,multiline,none,-1,False,stationary,4.42,48.53,False,True
343,11.4333,564,car,0.898,1041,652,1258,738,1149.5,695.0,multiline,none,-1,False,moving,15.9,174.79,True,True
343,11.4333,609,car,0.5697,800,586,832,631,816.0,608.5,multiline,none,-1,False,insufficient_data,0.0,0.0,False,True
343,11.4333,463,bus,0.3089,1497,504,1913,679,1705.0,591.5,multiline,none,-1,False,stationary,2.77,30.4,False,True
344,11.4667,579,car,0.7783,247,535,339,597,293.0,566.0,multiline,none,-1,False,stationary,4.48,49.24,False,True
344,11.4667,564,car,0.8744,1053,652,1272,738,1162.5,695.0,multiline,none,-1,False,moving,15.32,168.46,True,True
344,11.4667,609,car,0.7012,796,584,832,632,814.0,608.0,multiline,none,-1,False,recently_moving,1.06,4.23,True,True
344,11.4667,463,truck,0.328,1470,503,1910,680,1690.0,591.5,multiline,none,-1,False,stationary,3.51,38.39,False,True
345,11.5,579,car,0.6898,246,535,336,598,291.0,566.5,multiline,none,-1,False,stationary,4.49,49.33,False,True
345,11.5,564,car,0.9135,1067,652,1285,738,1176.0,695.0,multiline,none,-1,False,recently_moving,14.88,163.61,True,True
345,11.5,609,car,0.8007,791,582,832,633,811.5,607.5,multiline,none,-1,False,recently_moving,1.24,6.19,True,True
345,11.5,463,truck,0.3746,1465,503,1906,680,1685.5,591.5,multiline,none,-1,False,stationary,4.09,44.77,False,True
346,11.5333,579,car,0.7424,245,534,334,599,289.5,566.5,multiline,none,-1,False,stationary,4.45,48.85,False,True
346,11.5333,564,car,0.911,1079,652,1298,738,1188.5,695.0,multiline,none,-1,False,recently_moving,14.51,159.57,True,True
346,11.5333,609,car,0.8795,785,580,833,633,809.0,606.5,multiline,none,-1,False,recently_moving,1.4,8.4,True,True
346,11.5333,463,truck,0.271,1445,503,1902,681,1673.5,592.0,multiline,none,-1,False,stationary,4.82,52.75,False,True
347,11.5667,579,car,0.7662,244,533,333,599,288.5,566.0,multiline,none,-1,False,stationary,4.35,47.85,False,True
347,11.5667,564,car,0.913,1092,653,1311,739,1201.5,696.0,multiline,none,-1,False,recently_moving,14.26,156.77,True,True
347,11.5667,609,car,0.7988,780,578,833,633,806.5,605.5,multiline,none,-1,False,recently_moving,1.54,10.77,True,True
347,11.5667,463,truck,0.3383,1445,502,1897,681,1671.0,591.5,multiline,none,-1,False,stationary,5.27,57.62,False,True
348,11.6,579,car,0.4655,243,534,332,599,287.5,566.5,multiline,none,-1,False,stationary,4.23,46.49,False,True
348,11.6,564,car,0.7759,1106,653,1324,739,1215.0,696.0,multiline,none,-1,False,recently_moving,14.04,154.41,True,True
348,11.6,609,car,0.6695,774,576,833,633,803.5,604.5,multiline,none,-1,False,recently_moving,1.68,13.42,True,True
348,11.6,463,truck,0.3276,1452,502,1892,680,1672.0,591.0,multiline,none,-1,False,stationary,5.39,59.02,False,True
349,11.6333,579,car,0.705,243,535,331,599,287.0,567.0,multiline,none,-1,False,stationary,3.89,42.79,False,True
349,11.6333,564,car,0.901,1118,653,1337,740,1227.5,696.5,multiline,none,-1,False,recently_moving,13.75,151.17,True,True
349,11.6333,609,car,0.7513,769,574,833,633,801.0,603.5,multiline,none,-1,False,recently_moving,1.79,16.05,True,True
349,11.6333,463,truck,0.2984,1438,502,1888,679,1663.0,590.5,multiline,none,-1,False,stationary,5.66,61.97,False,True
350,11.6667,579,car,0.6787,243,535,329,598,286.0,566.5,multiline,none,-1,False,stationary,3.46,37.97,False,True
350,11.6667,564,car,0.9079,1132,653,1349,740,1240.5,696.5,multiline,none,-1,False,recently_moving,13.58,149.37,True,True
350,11.6667,609,car,0.7821,763,571,833,633,798.0,602.0,multiline,none,-1,False,recently_moving,1.9,18.95,True,True
350,11.6667,463,truck,0.3069,1440,501,1883,678,1661.5,589.5,multiline,none,-1,False,stationary,5.78,63.43,False,True
351,11.7,579,car,0.6771,243,534,327,597,285.0,565.5,multiline,none,-1,False,stationary,3.0,32.92,False,True
351,11.7,564,car,0.9001,1144,653,1361,740,1252.5,696.5,multiline,none,-1,False,recently_moving,13.57,149.24,True,True
351,11.7,609,car,0.8058,757,569,833,633,795.0,601.0,multiline,none,-1,False,recently_moving,2.0,21.95,True,True
351,11.7,463,truck,0.5263,1426,501,1878,677,1652.0,589.0,multiline,none,-1,False,stationary,6.06,66.46,False,True
352,11.7333,579,car,0.6845,242,533,326,596,284.0,564.5,multiline,none,-1,False,stationary,2.57,28.07,False,True
352,11.7333,564,car,0.8812,1158,654,1373,741,1265.5,697.5,multiline,none,-1,False,recently_moving,13.48,148.3,True,True
352,11.7333,609,car,0.8695,752,568,833,632,792.5,600.0,multiline,none,-1,False,recently_moving,2.23,24.51,True,True
353,11.7667,579,car,0.7142,242,532,324,595,283.0,563.5,multiline,none,-1,False,stationary,2.19,23.73,False,True
353,11.7667,564,car,0.7954,1172,655,1381,742,1276.5,698.5,multiline,none,-1,False,recently_moving,13.27,145.94,True,True
353,11.7667,609,car,0.8871,748,567,833,632,790.5,599.5,multiline,none,-1,False,recently_moving,2.39,26.27,True,True
354,11.8,579,car,0.604,242,532,321,594,281.5,563.0,multiline,none,-1,False,stationary,1.9,20.43,False,True
354,11.8,564,car,0.8221,1187,656,1393,742,1290.0,699.0,multiline,none,-1,False,recently_moving,13.1,144.06,True,True
354,11.8,609,car,0.8701,744,567,833,631,788.5,599.0,multiline,none,-1,False,recently_moving,2.48,27.26,True,True
354,11.8,463,truck,0.4721,1405,500,1869,680,1637.0,590.0,multiline,none,-1,False,stationary,6.62,72.76,False,True
355,11.8333,579,car,0.5634,242,531,317,593,279.5,562.0,multiline,none,-1,False,stationary,1.7,18.16,False,True
355,11.8333,564,car,0.6653,1200,657,1405,743,1302.5,700.0,multiline,none,-1,False,recently_moving,12.97,142.67,True,True
355,11.8333,609,car,0.8533,740,566,833,631,786.5,598.5,multiline,none,-1,False,stationary,2.54,27.9,False,True
355,11.8333,463,truck,0.3541,1376,500,1860,681,1618.0,590.5,multiline,none,-1,False,stationary,7.49,82.29,False,True
356,11.8667,579,car,0.5575,243,531,313,592,278.0,561.5,multiline,none,-1,False,stationary,1.56,16.6,False,True
356,11.8667,564,car,0.8528,1213,658,1418,744,1315.5,701.0,multiline,none,-1,False,recently_moving,12.88,141.61,True,True
356,11.8667,609,car,0.8574,736,566,833,631,784.5,598.5,multiline,none,-1,False,stationary,2.56,28.09,False,True
356,11.8667,463,truck,0.7107,1360,499,1853,680,1606.5,589.5,multiline,none,-1,False,stationary,8.0,87.96,False,True
357,11.9,579,car,0.72,243,531,308,590,275.5,560.5,multiline,none,-1,False,stationary,1.5,16.06,False,True
357,11.9,564,car,0.845,1226,658,1432,746,1329.0,702.0,multiline,none,-1,False,recently_moving,12.85,141.29,True,True
357,11.9,609,car,0.8596,734,565,833,631,783.5,598.0,multiline,none,-1,False,stationary,2.52,27.66,False,True
357,11.9,463,truck,0.6345,1351,499,1846,678,1598.5,588.5,multiline,none,-1,False,stationary,8.12,89.2,False,True
358,11.9333,579,car,0.6818,243,531,304,589,273.5,560.0,multiline,none,-1,False,stationary,1.5,16.08,False,True
358,11.9333,564,car,0.7921,1238,658,1445,747,1341.5,702.5,multiline,none,-1,False,recently_moving,12.81,140.89,True,True
358,11.9333,609,car,0.8779,732,565,833,632,782.5,598.5,multiline,none,-1,False,stationary,2.44,26.72,False,True
358,11.9333,463,truck,0.3425,1344,499,1839,678,1591.5,588.5,multiline,none,-1,False,stationary,8.27,90.9,False,True
359,11.9667,579,car,0.2786,243,531,300,588,271.5,559.5,multiline,none,-1,False,stationary,1.53,16.54,False,True
359,11.9667,564,car,0.8206,1251,659,1456,748,1353.5,703.5,multiline,none,-1,False,recently_moving,12.74,140.13,True,True
359,11.9667,609,car,0.8661,729,565,833,632,781.0,598.5,multiline,none,-1,False,stationary,2.33,25.5,False,True
359,11.9667,463,truck,0.6424,1336,498,1833,677,1584.5,587.5,multiline,none,-1,False,stationary,8.21,90.26,False,True
360,12.0,579,car,0.3461,243,531,295,587,269.0,559.0,multiline,none,-1,False,stationary,1.62,17.66,False,True
360,12.0,564,car,0.7943,1264,660,1469,749,1366.5,704.5,multiline,none,-1,False,recently_moving,12.71,139.79,True,True
360,12.0,609,car,0.8345,725,565,832,633,778.5,599.0,multiline,none,-1,False,stationary,2.26,24.61,False,True
360,12.0,463,truck,0.7906,1331,498,1827,676,1579.0,587.0,multiline,none,-1,False,stationary,8.27,90.9,False,True
360,12.0,636,car,0.6472,118,531,283,585,200.5,558.0,multiline,none,-1,False,insufficient_data,0.0,0.0,False,True
361,12.0333,564,car,0.7504,1277,661,1482,750,1379.5,705.5,multiline,none,-1,False,recently_moving,12.69,139.61,True,True
361,12.0333,609,car,0.8484,722,565,831,633,776.5,599.0,multiline,none,-1,False,stationary,2.17,23.55,False,True
361,12.0333,463,truck,0.6944,1325,498,1821,676,1573.0,587.0,multiline,none,-1,False,stationary,8.53,93.76,False,True
361,12.0333,636,car,0.5059,117,531,281,584,199.0,557.5,multiline,none,-1,False,insufficient_data,0.0,0.0,False,True
362,12.0667,564,car,0.6471,1289,662,1491,750,1390.0,706.0,multiline,none,-1,False,recently_moving,12.64,138.99,True,True
362,12.0667,609,car,0.8796,720,565,829,633,774.5,599.0,multiline,none,-1,False,stationary,2.07,22.47,False,True
362,12.0667,463,truck,0.7163,1319,498,1815,677,1567.0,587.5,multiline,none,-1,False,stationary,8.6,94.58,False,True
362,12.0667,636,car,0.6192,115,531,279,584,197.0,557.5,multiline,none,-1,False,insufficient_data,0.0,0.0,False,True
363,12.1,564,car,0.5869,1300,663,1494,750,1397.0,706.5,multiline,none,-1,False,recently_moving,12.41,136.48,True,True
363,12.1,609,car,0.8824,719,564,826,633,772.5,598.5,multiline,none,-1,False,stationary,1.98,21.59,False,True
363,12.1,463,truck,0.6587,1312,498,1809,679,1560.5,588.5,multiline,none,-1,False,stationary,8.81,96.82,False,True
363,12.1,636,car,0.8029,112,532,276,585,194.0,558.5,multiline,none,-1,False,insufficient_data,0.0,0.0,False,True
364,12.1333,564,car,0.3696,1311,665,1495,750,1403.0,707.5,multiline,none,-1,False,recently_moving,12.1,133.1,True,True
364,12.1333,609,car,0.7636,718,564,822,633,770.0,598.5,multiline,none,-1,False,stationary,1.94,21.2,False,True
364,12.1333,463,truck,0.6729,1306,498,1805,682,1555.5,590.0,multiline,none,-1,False,stationary,8.8,96.69,False,True
364,12.1333,636,car,0.6485,108,534,255,585,181.5,559.5,multiline,none,-1,False,recently_moving,2.22,8.79,True,True
365,12.1667,609,car,0.6049,716,564,818,633,767.0,598.5,multiline,none,-1,False,stationary,1.95,21.29,False,True
365,12.1667,463,truck,0.704,1299,498,1800,694,1549.5,596.0,multiline,none,-1,False,stationary,8.56,93.47,False,True
365,12.1667,636,car,0.6846,105,534,232,586,168.5,560.0,multiline,none,-1,False,recently_moving,3.4,16.94,True,True
366,12.2,609,car,0.7386,716,563,813,632,764.5,597.5,multiline,none,-1,False,stationary,1.97,21.52,False,True
366,12.2,463,truck,0.7487,1295,498,1797,695,1546.0,596.5,multiline,none,-1,False,stationary,7.9,85.98,False,True
366,12.2,636,car,0.7086,101,535,214,586,157.5,560.5,multiline,none,-1,False,recently_moving,4.36,26.07,True,True
367,12.2333,463,truck,0.5117,1292,498,1794,692,1543.0,595.0,multiline,none,-1,False,stationary,7.19,78.18,False,True
367,12.2333,636,car,0.7329,96,535,200,586,148.0,560.5,multiline,none,-1,False,recently_moving,5.06,35.34,True,True
367,12.2333,486,car,0.7472,802,567,940,637,871.0,602.0,multiline,none,-1,False,moving,15.15,166.63,True,True
368,12.2667,463,truck,0.7894,1289,498,1788,689,1538.5,593.5,multiline,none,-1,False,stationary,6.62,71.89,False,True
368,12.2667,636,car,0.7271,92,535,189,586,140.5,560.5,multiline,none,-1,False,recently_moving,5.51,43.99,True,True
368,12.2667,486,car,0.846,760,565,901,635,830.5,600.0,multiline,none,-1,False,moving,17.15,188.64,True,True
369,12.3,463,truck,0.7445,1286,499,1781,685,1533.5,592.0,multiline,none,-1,False,stationary,6.18,67.07,False,True
369,12.3,636,car,0.732,87,535,182,586,134.5,560.5,multiline,none,-1,False,recently_moving,5.75,51.71,True,True
369,12.3,486,car,0.8422,728,564,870,633,799.0,598.5,multiline,none,-1,False,moving,19.06,209.59,True,True
370,12.3333,463,truck,0.8693,1283,499,1774,682,1528.5,590.5,multiline,none,-1,False,stationary,5.84,63.21,False,True
370,12.3333,636,car,0.7203,83,534,176,585,129.5,559.5,multiline,none,-1,False,recently_moving,5.85,58.45,True,True
370,12.3333,486,car,0.8174,703,563,846,632,774.5,597.5,multiline,none,-1,False,moving,20.41,224.52,True,True
371,12.3667,463,truck,0.8344,1279,499,1768,679,1523.5,589.0,multiline,none,-1,False,stationary,5.61,60.52,False,True
371,12.3667,636,car,0.5992,78,533,172,585,125.0,559.0,multiline,none,-1,False,recently_moving,5.87,64.41,True,True
371,12.3667,486,car,0.6204,684,562,826,630,755.0,596.0,multiline,none,-1,False,moving,21.39,235.29,True,True
372,12.4,463,truck,0.8841,1275,499,1762,677,1518.5,588.0,multiline,none,-1,False,stationary,5.43,58.41,False,True
372,12.4,636,car,0.6946,73,531,168,585,120.5,558.0,multiline,none,-1,False,recently_moving,6.32,69.34,True,True
372,12.4,486,car,0.6649,666,561,809,628,737.5,594.5,multiline,none,-1,False,moving,22.16,243.71,True,True
373,12.4333,463,truck,0.8689,1271,499,1756,676,1513.5,587.5,multiline,none,-1,False,stationary,5.28,56.7,False,True
373,12.4333,636,car,0.7041,68,529,165,585,116.5,557.0,multiline,none,-1,False,recently_moving,6.68,73.26,True,True
373,12.4333,486,car,0.8697,651,560,795,627,723.0,593.5,multiline,none,-1,False,moving,22.79,250.72,True,True
374,12.4667,463,truck,0.8032,1266,499,1751,675,1508.5,587.0,multiline,none,-1,False,stationary,5.13,55.03,False,True
374,12.4667,636,car,0.7181,64,527,163,585,113.5,556.0,multiline,none,-1,False,recently_moving,6.91,75.78,True,True
374,12.4667,486,car,0.7998,639,560,783,627,711.0,593.5,multiline,none,-1,False,moving,23.33,256.66,True,True
375,12.5,463,truck,0.7828,1262,499,1747,674,1504.5,586.5,multiline,none,-1,False,stationary,5.01,53.63,False,True
375,12.5,636,car,0.7204,59,526,161,584,110.0,555.0,multiline,none,-1,False,stationary,6.78,74.31,False,True
375,12.5,486,car,0.7328,628,560,772,627,700.0,593.5,multiline,none,-1,False,moving,23.4,257.4,True,True
376,12.5333,463,truck,0.7669,1258,499,1744,673,1501.0,586.0,multiline,none,-1,False,stationary,4.8,51.99,False,True
376,12.5333,636,car,0.7977,54,526,160,584,107.0,555.0,multiline,none,-1,False,stationary,6.38,69.87,False,True
377,12.5667,463,truck,0.5521,1254,499,1740,672,1497.0,585.5,multiline,none,-1,False,stationary,4.68,51.27,False,True
377,12.5667,636,car,0.6858,49,525,159,584,104.0,554.5,multiline,none,-1,False,stationary,5.86,64.25,False,True
377,12.5667,486,car,0.2627,619,560,761,627,690.0,593.5,multiline,none,-1,False,moving,23.2,255.24,True,True
378,12.6,463,truck,0.6452,1250,499,1735,673,1492.5,586.0,multiline,none,-1,False,stationary,4.67,51.26,False,True
378,12.6,636,car,0.8184,44,526,159,584,101.5,555.0,multiline,none,-1,False,stationary,5.3,58.12,False,True
379,12.6333,463,truck,0.7314,1246,499,1730,673,1488.0,586.0,multiline,none,-1,False,stationary,4.66,51.18,False,True
379,12.6333,636,car,0.6254,39,526,160,585,99.5,555.5,multiline,none,-1,False,stationary,4.76,52.22,False,True
380,12.6667,463,truck,0.6996,1242,499,1724,673,1483.0,586.0,multiline,none,-1,False,stationary,4.65,51.06,False,True
380,12.6667,636,car,0.7801,34,525,160,585,97.0,555.0,multiline,none,-1,False,stationary,4.3,47.2,False,True
381,12.7,463,truck,0.4226,1238,499,1752,673,1495.0,586.0,multiline,none,-1,False,stationary,4.33,45.04,False,True
381,12.7,636,car,0.8291,28,526,159,586,93.5,556.0,multiline,none,-1,False,stationary,3.95,43.35,False,True
382,12.7333,463,truck,0.5093,1235,499,1786,674,1510.5,586.5,multiline,none,-1,False,stationary,4.44,33.9,False,True
382,12.7333,636,car,0.7973,23,525,158,586,90.5,555.5,multiline,none,-1,False,stationary,3.68,40.32,False,True
382,12.7333,486,car,0.2994,603,559,743,627,673.0,593.0,multiline,none,-1,False,moving,23.06,253.66,True,True
383,12.7667,463,truck,0.5389,1230,499,1804,674,1517.0,586.5,multiline,none,-1,False,stationary,4.56,22.62,False,True
383,12.7667,636,car,0.86,18,524,158,586,88.0,555.0,multiline,none,-1,False,stationary,3.43,37.62,False,True
384,12.8,463,truck,0.5817,1226,499,1823,674,1524.5,586.5,multiline,none,-1,False,stationary,4.71,11.0,False,True
384,12.8,636,car,0.9001,13,523,157,585,85.0,554.0,multiline,none,-1,False,stationary,3.24,35.53,False,True
385,12.8333,463,truck,0.5031,1222,498,1840,675,1531.0,586.5,multiline,none,-1,False,stationary,4.86,2.1,False,True
385,12.8333,636,car,0.8913,10,519,156,585,83.0,552.0,multiline,none,-1,False,stationary,3.1,33.85,False,True
385,12.8333,486,car,0.3687,591,558,728,628,659.5,593.0,multiline,none,-1,False,moving,21.73,238.97,True,True
386,12.8667,463,truck,0.7278,1217,498,1819,675,1518.0,586.5,multiline,none,-1,False,stationary,4.46,5.46,False,True
386,12.8667,636,car,0.8756,7,518,154,585,80.5,551.5,multiline,none,-1,False,stationary,2.97,32.4,False,True
386,12.8667,667,car,0.5035,1660,696,1897,781,1778.5,738.5,multiline,none,-1,False,insufficient_data,0.0,0.0,False,True
387,12.9,463,truck,0.6277,1212,498,1830,674,1521.0,586.0,multiline,none,-1,False,stationary,4.16,10.54,False,True
387,12.9,636,car,0.9045,5,517,152,584,78.5,550.5,multiline,none,-1,False,stationary,2.86,31.11,False,True
387,12.9,667,car,0.7019,1667,697,1901,781,1784.0,739.0,multiline,none,-1,False,insufficient_data,0.0,0.0,False,True
388,12.9333,463,truck,0.5146,1208,497,1846,674,1527.0,585.5,multiline,none,-1,False,stationary,4.02,17.35,False,True
388,12.9333,636,car,0.9066,4,517,149,584,76.5,550.5,multiline,none,-1,False,stationary,2.75,29.94,False,True
388,12.9333,667,car,0.8538,1679,698,1905,781,1792.0,739.5,multiline,none,-1,False,insufficient_data,0.0,0.0,False,True
389,12.9667,463,truck,0.5901,1204,497,1861,673,1532.5,585.0,multiline,none,-1,False,stationary,3.97,25.29,False,True
389,12.9667,636,car,0.9197,3,516,146,584,74.5,550.0,multiline,none,-1,False,stationary,2.67,29.05,False,True
389,12.9667,667,car,0.7656,1688,701,1909,781,1798.5,741.0,multiline,none,-1,False,insufficient_data,0.0,0.0,False,True
390,13.0,463,truck,0.6357,1200,497,1873,675,1536.5,586.0,multiline,none,-1,False,stationary,3.92,33.43,False,True
390,13.0,636,car,0.9114,2,516,143,583,72.5,549.5,multiline,none,-1,False,stationary,2.62,28.53,False,True
390,13.0,667,car,0.7057,1697,703,1912,782,1804.5,742.5,multiline,none,-1,False,recently_moving,4.1,16.37,True,True
391,13.0333,463,truck,0.437,1197,497,1883,676,1540.0,586.5,multiline,none,-1,False,stationary,3.84,41.72,False,True
391,13.0333,636,car,0.9185,1,515,139,583,70.0,549.0,multiline,none,-1,False,stationary,2.59,28.17,False,True
391,13.0333,667,car,0.4383,1708,702,1914,781,1811.0,741.5,multiline,none,-1,False,recently_moving,4.43,22.1,True,True
392,13.0667,463,truck,0.4174,1194,497,1889,677,1541.5,587.0,multiline,none,-1,False,stationary,3.99,43.39,False,True
392,13.0667,636,car,0.9103,1,515,134,582,67.5,548.5,multiline,none,-1,False,stationary,2.54,27.76,False,True
392,13.0667,667,car,0.6949,1717,700,1915,781,1816.0,740.5,multiline,none,-1,False,recently_moving,4.6,27.49,True,True
393,13.1,463,truck,0.4613,1189,496,1869,676,1529.0,586.0,multiline,none,-1,False,stationary,3.66,34.68,False,True
393,13.1,636,car,0.9172,1,515,129,582,65.0,548.5,multiline,none,-1,False,stationary,2.49,27.28,False,True
393,13.1,667,car,0.8207,1725,697,1916,780,1820.5,738.5,multiline,none,-1,False,recently_moving,4.68,32.55,True,True
394,13.1333,463,truck,0.7737,1183,496,1822,675,1502.5,585.5,multiline,none,-1,False,stationary,4.07,17.46,False,True
394,13.1333,636,car,0.9118,0,514,124,581,62.0,547.5,multiline,none,-1,False,stationary,2.48,27.2,False,True
394,13.1333,667,car,0.8379,1733,695,1917,779,1825.0,737.0,multiline,none,-1,False,recently_moving,4.72,37.41,True,True
395,13.1667,463,truck,0.6895,1177,496,1776,674,1476.5,585.0,multiline,none,-1,False,stationary,4.93,5.52,False,True
395,13.1667,636,car,0.9176,0,514,119,580,59.5,547.0,multiline,none,-1,False,stationary,2.46,26.95,False,True
395,13.1667,667,car,0.8449,1743,693,1918,779,1830.5,736.0,multiline,none,-1,False,recently_moving,4.77,42.5,True,True
396,13.2,463,truck,0.3808,1171,496,1766,673,1468.5,584.5,multiline,none,-1,False,stationary,5.54,25.47,False,True
396,13.2,636,car,0.9009,0,513,114,579,57.0,546.0,multiline,none,-1,False,stationary,2.45,26.87,False,True
396,13.2,667,car,0.8683,1755,692,1918,779,1836.5,735.5,multiline,none,-1,False,recently_moving,4.84,47.94,True,True
397,13.2333,463,truck,0.2935,1170,496,1768,673,1469.0,584.5,multiline,none,-1,False,stationary,6.29,33.73,False,True
397,13.2333,636,car,0.8889,0,512,109,578,54.5,545.0,multiline,none,-1,False,stationary,2.45,26.85,False,True
397,13.2333,667,car,0.8589,1768,692,1918,780,1843.0,736.0,multiline,none,-1,False,recently_moving,4.93,53.74,True,True
398,13.2667,463,truck,0.5104,1168,496,1741,672,1454.5,584.0,multiline,none,-1,False,stationary,7.16,45.26,False,True
398,13.2667,636,car,0.8434,0,512,103,578,51.5,545.0,multiline,none,-1,False,stationary,2.47,27.14,False,True
398,13.2667,667,car,0.7965,1782,693,1919,780,1850.5,736.5,multiline,none,-1,False,recently_moving,5.33,58.17,True,True
399,13.3,463,truck,0.3209,1163,496,1710,672,1436.5,584.0,multiline,none,-1,False,stationary,8.12,61.13,False,True
399,13.3,636,car,0.8503,0,512,98,577,49.0,544.5,multiline,none,-1,False,stationary,2.51,27.53,False,True
399,13.3,667,car,0.7663,1797,693,1919,780,1858.0,736.5,multiline,none,-1,False,recently_moving,5.58,60.9,True,True
400,13.3333,636,car,0.8145,0,511,92,577,46.0,544.0,multiline,none,-1,False,stationary,2.56,28.11,False,True
400,13.3333,667,car,0.4173,1811,694,1919,779,1865.0,736.5,multiline,none,-1,False,recently_moving,5.75,62.88,True,True
401,13.3667,636,car,0.8691,0,511,87,577,43.5,544.0,multiline,none,-1,False,stationary,2.61,28.66,False,True
401,13.3667,672,car,0.7412,1873,626,1919,687,1896.0,656.5,multiline,none,-1,False,insufficient_data,0.0,0.0,False,True
402,13.4,636,car,0.87,0,511,81,576,40.5,543.5,multiline,none,-1,False,stationary,2.66,29.2,False,True
402,13.4,672,car,0.8099,1871,625,1919,686,1895.0,655.5,multiline,none,-1,False,insufficient_data,0.0,0.0,False,True
402,13.4,463,truck,0.2678,1153,495,1678,670,1415.5,582.5,multiline,none,-1,False,stationary,9.23,80.73,False,True
403,13.4333,636,car,0.8058,0,510,76,575,38.0,542.5,multiline,none,-1,False,stationary,2.69,29.53,False,True
403,13.4333,672,car,0.8951,1869,625,1919,688,1894.0,656.5,multiline,none,-1,False,insufficient_data,0.0,0.0,False,True
403,13.4333,463,truck,0.403,1145,495,1653,670,1399.0,582.5,multiline,none,-1,False,stationary,10.35,100.65,False,True
404,13.4667,636,car,0.7973,0,510,70,574,35.0,542.0,multiline,none,-1,False,stationary,2.73,29.96,False,True
404,13.4667,672,car,0.9026,1865,624,1919,689,1892.0,656.5,multiline,none,-1,False,insufficient_data,0.0,0.0,False,True
404,13.4667,463,truck,0.3676,1137,495,1630,669,1383.5,582.0,multiline,none,-1,False,stationary,11.46,120.28,False,True
405,13.5,636,car,0.8127,0,510,65,572,32.5,541.0,multiline,none,-1,False,stationary,2.74,30.06,False,True
405,13.5,672,car,0.8949,1862,623,1919,690,1890.5,656.5,multiline,none,-1,False,recently_moving,0.84,3.19,True,True
405,13.5,463,truck,0.455,1137,495,1612,669,1374.5,582.0,multiline,none,-1,False,stationary,12.42,136.67,False,True
406,13.5333,636,car,0.6333,0,510,59,570,29.5,540.0,multiline,none,-1,False,stationary,2.76,30.31,False,True
406,13.5333,672,car,0.8925,1857,621,1919,691,1888.0,656.0,multiline,none,-1,False,recently_moving,1.0,4.85,True,True
406,13.5333,463,truck,0.8359,1135,495,1597,670,1366.0,582.5,multiline,none,-1,False,stationary,13.26,145.9,False,True
407,13.5667,636,car,0.6728,0,510,53,569,26.5,539.5,multiline,none,-1,False,stationary,2.79,30.66,False,True
407,13.5667,672,car,0.9086,1853,620,1919,692,1886.0,656.0,multiline,none,-1,False,recently_moving,1.14,6.67,True,True
407,13.5667,463,truck,0.3256,1128,494,1584,669,1356.0,581.5,multiline,none,-1,False,stationary,13.29,146.19,False,True
408,13.6,636,car,0.6159,0,511,48,567,24.0,539.0,multiline,none,-1,False,stationary,2.81,30.83,False,True
408,13.6,672,car,0.9073,1848,618,1919,693,1883.5,655.5,multiline,none,-1,False,recently_moving,1.27,8.72,True,True
408,13.6,463,truck,0.5143,1122,494,1574,668,1348.0,581.0,multiline,none,-1,False,stationary,12.73,140.03,False,True
408,13.6,677,car,0.6227,367,536,538,617,452.5,576.5,multiline,none,-1,False,insufficient_data,0.0,0.0,False,True
409,13.6333,636,car,0.5721,0,511,42,566,21.0,538.5,multiline,none,-1,False,stationary,2.82,30.97,False,True
409,13.6333,672,car,0.914,1842,617,1919,693,1880.5,655.0,multiline,none,-1,False,recently_moving,1.41,11.11,True,True
409,13.6333,463,truck,0.7388,1117,494,1564,668,1340.5,581.0,multiline,none,-1,False,stationary,12.35,135.86,False,True
409,13.6333,677,car,0.7991,365,535,535,617,450.0,576.0,multiline,none,-1,False,insufficient_data,0.0,0.0,False,True
410,13.6667,636,car,0.5721,0,512,37,564,18.5,538.0,multiline,none,-1,False,stationary,2.83,31.06,False,True
410,13.6667,672,car,0.9103,1837,615,1919,693,1878.0,654.0,multiline,none,-1,False,recently_moving,1.53,13.58,True,True
410,13.6667,463,truck,0.624,1113,493,1555,668,1334.0,580.5,multiline,none,-1,False,stationary,12.33,135.61,False,True
410,13.6667,677,car,0.7818,364,534,531,617,447.5,575.5,multiline,none,-1,False,insufficient_data,0.0,0.0,False,True
411,13.7,672,car,0.9151,1831,613,1919,693,1875.0,653.0,multiline,none,-1,False,recently_moving,1.65,16.28,True,True
411,13.7,463,truck,0.839,1110,493,1547,668,1328.5,580.5,multiline,none,-1,False,stationary,12.03,132.31,False,True
411,13.7,677,car,0.8005,362,533,527,616,444.5,574.5,multiline,none,-1,False,insufficient_data,0.0,0.0,False,True
412,13.7333,672,car,0.9098,1825,612,1919,692,1872.0,652.0,multiline,none,-1,False,recently_moving,1.76,19.11,True,True
412,13.7333,463,truck,0.576,1120,493,1539,668,1329.5,580.5,multiline,none,-1,False,stationary,11.23,123.47,False,True
412,13.7333,677,car,0.7673,361,532,523,615,442.0,573.5,multiline,none,-1,False,recently_moving,1.68,6.7,True,True
413,13.7667,672,car,0.9191,1820,611,1919,692,1869.5,651.5,multiline,none,-1,False,recently_moving,1.97,21.46,True,True
413,13.7667,677,car,0.6436,361,532,518,614,439.5,573.0,multiline,none,-1,False,recently_moving,1.82,9.07,True,True
414,13.8,672,car,0.9197,1814,610,1919,691,1866.5,650.5,multiline,none,-1,False,recently_moving,2.18,23.81,True,True
414,13.8,677,car,0.7148,360,531,513,614,436.5,572.5,multiline,none,-1,False,recently_moving,1.95,11.67,True,True
415,13.8333,672,car,0.9206,1808,609,1919,691,1863.5,650.0,multiline,none,-1,False,recently_moving,2.35,25.72,True,True
415,13.8333,677,car,0.261,360,531,509,613,434.5,572.0,multiline,none,-1,False,recently_moving,2.01,14.09,True,True
416,13.8667,672,car,0.9134,1803,609,1919,690,1861.0,649.5,multiline,none,-1,False,stationary,2.49,27.35,False,True
416,13.8667,677,car,0.6714,360,531,508,612,434.0,571.5,multiline,none,-1,False,recently_moving,1.99,15.88,True,True
417,13.9,672,car,0.9169,1797,608,1919,690,1858.0,649.0,multiline,none,-1,False,stationary,2.61,28.59,False,True
417,13.9,677,car,0.3964,360,531,508,612,434.0,571.5,multiline,none,-1,False,recently_moving,1.89,17.04,True,True
418,13.9333,672,car,0.9101,1792,607,1919,689,1855.5,648.0,multiline,none,-1,False,stationary,2.69,29.6,False,True
419,13.9667,672,car,0.9114,1787,607,1919,689,1853.0,648.0,multiline,none,-1,False,stationary,2.75,30.24,False,True
420,14.0,672,car,0.9004,1781,606,1919,688,1850.0,647.0,multiline,none,-1,False,stationary,2.79,30.72,False,True
420,14.0,677,car,0.4102,361,531,508,611,434.5,571.0,multiline,none,-1,False,recently_moving,1.77,17.69,True,True
421,14.0333,672,car,0.9061,1775,606,1919,688,1847.0,647.0,multiline,none,-1,False,stationary,2.83,31.07,False,True
421,14.0333,677,car,0.2762,361,532,508,610,434.5,571.0,multiline,none,-1,False,recently_moving,1.65,18.08,True,True
421,14.0333,463,truck,0.3534,1115,493,1519,667,1317.0,580.0,multiline,none,-1,False,stationary,10.43,114.74,False,True
422,14.0667,672,car,0.9051,1770,606,1919,688,1844.5,647.0,multiline,none,-1,False,stationary,2.83,31.05,False,True
422,14.0667,463,truck,0.353,1112,492,1502,667,1307.0,579.5,multiline,none,-1,False,stationary,9.71,106.81,False,True
423,14.1,672,car,0.9046,1764,605,1919,688,1841.5,646.5,multiline,none,-1,False,stationary,2.83,31.04,False,True
423,14.1,463,truck,0.5789,1104,492,1488,667,1296.0,579.5,multiline,none,-1,False,stationary,9.1,100.08,False,True
424,14.1333,672,car,0.8968,1758,605,1919,689,1838.5,647.0,multiline,none,-1,False,stationary,2.84,31.13,False,True
424,14.1333,463,truck,0.6824,1093,491,1475,666,1284.0,578.5,multiline,none,-1,False,stationary,8.8,96.77,False,True
424,14.1333,693,car,0.5059,291,538,430,607,360.5,572.5,multiline,none,-1,False,insufficient_data,0.0,0.0,False,True
425,14.1667,672,car,0.8923,1753,605,1919,690,1836.0,647.5,multiline,none,-1,False,stationary,2.82,30.9,False,True
425,14.1667,463,truck,0.7379,1083,491,1464,666,1273.5,578.5,multiline,none,-1,False,stationary,8.66,95.3,False,True
425,14.1667,693,car,0.8139,289,536,430,606,359.5,571.0,multiline,none,-1,False,insufficient_data,0.0,0.0,False,True
426,14.2,672,car,0.9038,1748,605,1919,691,1833.5,648.0,multiline,none,-1,False,stationary,2.8,30.57,False,True
426,14.2,463,truck,0.8994,1076,491,1456,666,1266.0,578.5,multiline,none,-1,False,stationary,8.49,93.43,False,True
426,14.2,693,car,0.7127,286,535,430,605,358.0,570.0,multiline,none,-1,False,insufficient_data,0.0,0.0,False,True
427,14.2333,672,car,0.9012,1742,605,1919,691,1830.5,648.0,multiline,none,-1,False,stationary,2.8,30.53,False,True
427,14.2333,463,truck,0.642,1077,491,1449,666,1263.0,578.5,multiline,none,-1,False,stationary,8.23,90.49,False,True
427,14.2333,693,car,0.7959,283,536,427,605,355.0,570.5,multiline,none,-1,False,insufficient_data,0.0,0.0,False,True
428,14.2667,672,car,0.9118,1737,605,1919,691,1828.0,648.0,multiline,none,-1,False,stationary,2.78,30.32,False,True
428,14.2667,463,truck,0.6979,1078,491,1443,666,1260.5,578.5,multiline,none,-1,False,stationary,7.89,86.82,False,True
428,14.2667,693,car,0.8367,278,537,423,605,350.5,571.0,multiline,none,-1,False,recently_moving,1.44,5.4,True,True
429,14.3,672,car,0.9101,1731,605,1919,691,1825.0,648.0,multiline,none,-1,False,stationary,2.77,30.34,False,True
429,14.3,463,truck,0.6367,1078,491,1437,665,1257.5,578.0,multiline,none,-1,False,stationary,7.56,83.2,False,True
429,14.3,693,car,0.73,274,539,417,604,345.5,571.5,multiline,none,-1,False,recently_moving,1.84,8.7,True,True
430,14.3333,672,car,0.9181,1725,605,1919,692,1822.0,648.5,multiline,none,-1,False,stationary,2.79,30.53,False,True
430,14.3333,463,truck,0.7829,1078,491,1430,665,1254.0,578.0,multiline,none,-1,False,stationary,7.28,80.13,False,True
430,14.3333,693,car,0.6407,270,540,411,603,340.5,571.5,multiline,none,-1,False,recently_moving,2.19,12.62,True,True
431,14.3667,672,car,0.9207,1719,605,1919,692,1819.0,648.5,multiline,none,-1,False,stationary,2.8,30.64,False,True
431,14.3667,463,truck,0.763,1076,491,1424,664,1250.0,577.5,multiline,none,-1,False,stationary,7.27,79.91,False,True
431,14.3667,693,car,0.4282,268,541,396,602,332.0,571.5,multiline,none,-1,False,recently_moving,2.67,18.15,True,True
431,14.3667,677,car,0.3518,337,531,507,609,422.0,570.0,multiline,none,-1,False,recently_moving,1.99,21.75,True,True
432,14.4,672,car,0.9234,1714,605,1918,692,1816.0,648.5,multiline,none,-1,False,stationary,2.8,30.76,False,True
432,14.4,463,truck,0.8368,1075,491,1419,664,1247.0,577.5,multiline,none,-1,False,stationary,6.95,76.45,False,True
432,14.4,693,car,0.2988,265,541,381,602,323.0,571.5,multiline,none,-1,False,recently_moving,3.18,24.91,True,True
432,14.4,677,car,0.4054,317,531,506,608,411.5,569.5,multiline,none,-1,False,recently_moving,2.46,26.87,True,True
433,14.4333,672,car,0.901,1707,605,1916,692,1811.5,648.5,multiline,none,-1,False,stationary,2.87,31.54,False,True
433,14.4333,463,truck,0.7272,1072,490,1414,664,1243.0,577.0,multiline,none,-1,False,stationary,6.56,72.1,False,True
433,14.4333,693,car,0.624,263,541,369,602,316.0,571.5,multiline,none,-1,False,recently_moving,3.59,31.74,True,True
434,14.4667,672,car,0.9031,1701,604,1913,691,1807.0,647.5,multiline,none,-1,False,stationary,2.96,32.56,False,True
434,14.4667,463,truck,0.5404,1064,490,1414,663,1239.0,576.5,multiline,none,-1,False,stationary,6.08,66.82,False,True
434,14.4667,693,car,0.5399,261,541,360,601,310.5,571.0,multiline,none,-1,False,recently_moving,3.87,38.12,True,True
435,14.5,672,car,0.9107,1695,604,1909,690,1802.0,647.0,multiline,none,-1,False,stationary,3.09,33.91,False,True
435,14.5,463,truck,0.5089,1055,490,1411,663,1233.0,576.5,multiline,none,-1,False,stationary,5.57,61.27,False,True
435,14.5,693,car,0.3518,259,541,353,601,306.0,571.0,multiline,none,-1,False,recently_moving,4.04,43.84,True,True
436,14.5333,672,car,0.8978,1688,604,1904,690,1796.0,647.0,multiline,none,-1,False,stationary,3.29,36.07,False,True
436,14.5333,463,truck,0.7004,1035,490,1404,663,1219.5,576.5,multiline,none,-1,False,stationary,5.34,58.77,False,True
436,14.5333,693,car,0.7152,257,540,348,601,302.5,570.5,multiline,none,-1,False,recently_moving,4.43,48.47,True,True
437,14.5667,672,car,0.9107,1682,604,1899,690,1790.5,647.0,multiline,none,-1,False,stationary,3.5,38.47,False,True
437,14.5667,463,truck,0.673,1014,489,1395,662,1204.5,575.5,multiline,none,-1,False,stationary,5.43,59.73,False,True
437,14.5667,693,car,0.6161,256,540,344,601,300.0,570.5,multiline,none,-1,False,recently_moving,4.71,51.78,True,True
438,14.6,672,car,0.9199,1676,603,1893,689,1784.5,646.0,multiline,none,-1,False,stationary,3.74,41.09,False,True
438,14.6,463,truck,0.7692,997,489,1387,662,1192.0,575.5,multiline,none,-1,False,stationary,5.79,63.67,False,True
438,14.6,693,car,0.4093,254,540,342,602,298.0,571.0,multiline,none,-1,False,recently_moving,4.87,53.58,True,True
439,14.6333,672,car,0.9084,1670,603,1888,688,1779.0,645.5,multiline,none,-1,False,stationary,3.99,43.86,False,True
439,14.6333,463,truck,0.7775,980,489,1378,662,1179.0,575.5,multiline,none,-1,False,stationary,6.36,69.91,False,True
439,14.6333,693,car,0.7516,252,539,339,602,295.5,570.5,multiline,none,-1,False,stationary,4.92,54.06,False,True
440,14.6667,672,car,0.92,1665,603,1882,688,1773.5,645.5,multiline,none,-1,False,stationary,4.24,46.55,False,True
440,14.6667,463,truck,0.7237,968,489,1371,662,1169.5,575.5,multiline,none,-1,False,stationary,6.93,76.25,False,True
440,14.6667,693,car,0.6034,251,539,335,602,293.0,570.5,multiline,none,-1,False,stationary,4.87,53.51,False,True
441,14.7,672,car,0.912,1660,603,1876,688,1768.0,645.5,multiline,none,-1,False,stationary,4.47,49.17,False,True
441,14.7,463,truck,0.4137,959,489,1363,662,1161.0,575.5,multiline,none,-1,False,stationary,7.47,82.11,False,True
441,14.7,693,car,0.8168,250,538,331,601,290.5,569.5,multiline,none,-1,False,stationary,4.76,52.28,False,True
442,14.7333,672,car,0.9131,1655,603,1870,688,1762.5,645.5,multiline,none,-1,False,stationary,4.71,51.76,False,True
442,14.7333,463,truck,0.6856,954,489,1356,662,1155.0,575.5,multiline,none,-1,False,stationary,7.88,86.62,False,True
442,14.7333,693,car,0.8012,249,537,327,599,288.0,568.0,multiline,none,-1,False,stationary,4.5,49.4,False,True
443,14.7667,672,car,0.9095,1649,603,1863,687,1756.0,645.0,multiline,none,-1,False,stationary,4.97,54.66,False,True
443,14.7667,463,truck,0.6418,952,489,1349,661,1150.5,575.0,multiline,none,-1,False,stationary,8.19,90.07,False,True
443,14.7667,693,car,0.7839,248,537,323,597,285.5,567.0,multiline,none,-1,False,stationary,4.14,45.28,False,True
444,14.8,672,car,0.9014,1642,603,1857,687,1749.5,645.0,multiline,none,-1,False,stationary,5.21,57.25,False,True
444,14.8,693,car,0.7756,248,537,318,595,283.0,566.0,multiline,none,-1,False,stationary,3.76,41.09,False,True
445,14.8333,672,car,0.8888,1636,603,1851,687,1743.5,645.0,multiline,none,-1,False,stationary,5.4,59.41,False,True
445,14.8333,693,car,0.7765,248,537,312,594,280.0,565.5,multiline,none,-1,False,stationary,3.44,37.48,False,True
445,14.8333,463,truck,0.8223,946,488,1341,660,1143.5,574.0,multiline,none,-1,False,stationary,8.49,93.34,False,True
446,14.8667,672,car,0.8711,1630,603,1844,687,1737.0,645.0,multiline,none,-1,False,stationary,5.58,61.34,False,True
446,14.8667,693,car,0.6658,248,537,307,592,277.5,564.5,multiline,none,-1,False,stationary,3.17,34.52,False,True
446,14.8667,463,truck,0.8661,942,488,1334,661,1138.0,574.5,multiline,none,-1,False,stationary,8.73,95.99,False,True
447,14.9,672,car,0.8137,1625,603,1838,687,1731.5,645.0,multiline,none,-1,False,stationary,5.68,62.41,False,True
447,14.9,693,car,0.4675,247,537,301,590,274.0,563.5,multiline,none,-1,False,stationary,2.99,32.63,False,True
447,14.9,463,truck,0.8984,938,488,1327,661,1132.5,574.5,multiline,none,-1,False,stationary,8.87,97.56,False,True
448,14.9333,672,car,0.8624,1619,603,1832,687,1725.5,645.0,multiline,none,-1,False,stationary,5.76,63.32,False,True
448,14.9333,463,truck,0.8261,934,488,1320,662,1127.0,575.0,multiline,none,-1,False,stationary,8.71,95.75,False,True
449,14.9667,672,car,0.8416,1612,603,1825,687,1718.5,645.0,multiline,none,-1,False,stationary,5.84,64.22,False,True
449,14.9667,463,truck,0.7967,930,488,1313,662,1121.5,575.0,multiline,none,-1,False,stationary,8.3,91.25,False,True
450,15.0,672,car,0.7364,1607,603,1819,688,1713.0,645.5,multiline,none,-1,False,stationary,5.9,64.84,False,True
450,15.0,463,truck,0.8783,926,488,1307,663,1116.5,575.5,multiline,none,-1,False,stationary,7.8,85.73,False,True
451,15.0333,672,car,0.4905,1602,603,1812,688,1707.0,645.5,multiline,none,-1,False,stationary,5.95,65.39,False,True
451,15.0333,463,truck,0.857,922,488,1300,664,1111.0,576.0,multiline,none,-1,False,stationary,7.23,79.5,False,True
452,15.0667,672,car,0.7797,1598,603,1806,687,1702.0,645.0,multiline,none,-1,False,stationary,5.96,65.56,False,True
452,15.0667,463,truck,0.8229,918,487,1293,664,1105.5,575.5,multiline,none,-1,False,stationary,6.73,74.02,False,True
452,15.0667,741,car,0.45,105,542,161,591,133.0,566.5,multiline,none,-1,False,insufficient_data,0.0,0.0,False,True
453,15.1,672,car,0.5894,1591,603,1799,687,1695.0,645.0,multiline,none,-1,False,stationary,6.02,66.23,False,True
453,15.1,463,truck,0.6607,916,487,1286,665,1101.0,576.0,multiline,none,-1,False,stationary,6.29,69.1,False,True
453,15.1,741,car,0.7008,103,542,160,590,131.5,566.0,multiline,none,-1,False,insufficient_data,0.0,0.0,False,True
454,15.1333,672,car,0.4683,1586,603,1793,686,1689.5,644.5,multiline,none,-1,False,stationary,6.03,66.3,False,True
454,15.1333,463,truck,0.4661,915,487,1280,665,1097.5,576.0,multiline,none,-1,False,stationary,5.92,65.02,False,True
454,15.1333,741,car,0.7804,100,541,160,590,130.0,565.5,multiline,none,-1,False,insufficient_data,0.0,0.0,False,True
455,15.1667,672,car,0.411,1581,603,1786,686,1683.5,644.5,multiline,none,-1,False,stationary,6.02,66.18,False,True
455,15.1667,741,car,0.7717,97,541,160,589,128.5,565.0,multiline,none,-1,False,insufficient_data,0.0,0.0,False,True
456,15.2,672,car,0.4193,1574,603,1780,687,1677.0,645.0,multiline,none,-1,False,stationary,6.03,66.31,False,True
456,15.2,741,car,0.7666,92,540,160,589,126.0,564.5,multiline,none,-1,False,recently_moving,1.07,4.3,True,True
456,15.2,463,truck,0.5972,916,487,1272,666,1094.0,576.5,multiline,none,-1,False,stationary,5.64,62.02,False,True
457,15.2333,741,car,0.7598,87,538,160,588,123.5,563.0,multiline,none,-1,False,recently_moving,1.27,6.33,True,True
457,15.2333,463,truck,0.8746,917,487,1265,667,1091.0,577.0,multiline,none,-1,False,stationary,5.34,58.7,False,True
458,15.2667,741,car,0.7394,81,536,160,588,120.5,562.0,multiline,none,-1,False,recently_moving,1.46,8.77,True,True
458,15.2667,463,truck,0.8201,916,487,1257,668,1086.5,577.5,multiline,none,-1,False,stationary,5.11,56.19,False,True
458,15.2667,672,car,0.271,1565,602,1772,688,1668.5,645.0,multiline,none,-1,False,stationary,6.1,67.06,False,True
459,15.3,741,car,0.8041,75,534,160,587,117.5,560.5,multiline,none,-1,False,recently_moving,1.65,11.52,True,True
459,15.3,463,truck,0.7643,914,487,1250,668,1082.0,577.5,multiline,none,-1,False,stationary,4.93,54.18,False,True
460,15.3333,741,car,0.8406,69,533,161,588,115.0,560.5,multiline,none,-1,False,recently_moving,1.77,14.12,True,True
460,15.3333,463,truck,0.4134,912,487,1244,667,1078.0,577.0,multiline,none,-1,False,stationary,4.76,52.34,False,True
461,15.3667,741,car,0.8547,62,531,161,588,111.5,559.5,multiline,none,-1,False,recently_moving,1.9,17.1,True,True
461,15.3667,463,truck,0.46,894,487,1237,666,1065.5,576.5,multiline,none,-1,False,stationary,4.88,53.62,False,True
462,15.4,741,car,0.8432,56,530,161,588,108.5,559.0,multiline,none,-1,False,recently_moving,2.01,20.11,True,True
462,15.4,463,truck,0.6797,874,487,1230,666,1052.0,576.5,multiline,none,-1,False,stationary,5.22,57.4,False,True
462,15.4,749,car,0.5489,805,571,834,622,819.5,596.5,multiline,none,-1,False,insufficient_data,0.0,0.0,False,True
462,15.4,672,car,0.5719,1555,601,1759,684,1657.0,642.5,multiline,none,-1,False,stationary,6.34,69.65,False,True
463,15.4333,741,car,0.8803,50,529,161,588,105.5,558.5,multiline,none,-1,False,recently_moving,2.1,23.1,True,True
463,15.4333,463,truck,0.7208,855,487,1224,667,1039.5,577.0,multiline,none,-1,False,stationary,5.67,62.32,False,True
463,15.4333,749,car,0.3498,803,569,833,622,818.0,595.5,multiline,none,-1,False,insufficient_data,0.0,0.0,False,True
463,15.4333,672,car,0.5298,1546,600,1748,681,1647.0,640.5,multiline,none,-1,False,stationary,6.62,72.74,False,True
464,15.4667,741,car,0.8995,43,528,161,588,102.0,558.0,multiline,none,-1,False,recently_moving,2.34,25.7,True,True
464,15.4667,749,car,0.4568,801,567,833,623,817.0,595.0,multiline,none,-1,False,insufficient_data,0.0,0.0,False,True
464,15.4667,672,car,0.4019,1537,600,1739,679,1638.0,639.5,multiline,none,-1,False,stationary,6.88,75.52,False,True
465,15.5,741,car,0.909,37,527,160,588,98.5,557.5,multiline,none,-1,False,recently_moving,2.56,28.06,True,True
465,15.5,749,car,0.6569,798,565,833,626,815.5,595.5,multiline,none,-1,False,insufficient_data,0.0,0.0,False,True
465,15.5,672,car,0.4826,1532,600,1730,677,1631.0,638.5,multiline,none,-1,False,stationary,7.09,77.83,False,True
465,15.5,463,truck,0.7459,838,487,1215,663,1026.5,575.0,multiline,none,-1,False,stationary,6.2,68.15,False,True
466,15.5333,741,car,0.9266,30,526,158,588,94.0,557.0,multiline,none,-1,False,recently_moving,2.79,30.61,True,True
466,15.5333,749,car,0.7189,794,563,832,629,813.0,596.0,multiline,none,-1,False,recently_moving,0.97,3.73,True,True
466,15.5333,672,car,0.3328,1525,599,1722,677,1623.5,638.0,multiline,none,-1,False,stationary,7.28,79.91,False,True
466,15.5333,463,truck,0.7731,823,487,1208,663,1015.5,575.0,multiline,none,-1,False,stationary,6.75,74.19,False,True
467,15.5667,741,car,0.9273,23,526,156,588,89.5,557.0,multiline,none,-1,False,stationary,3.01,32.93,False,True
467,15.5667,749,car,0.7289,790,562,832,632,811.0,597.0,multiline,none,-1,False,recently_moving,1.13,5.37,True,True
467,15.5667,672,car,0.6365,1516,599,1714,677,1615.0,638.0,multiline,none,-1,False,stationary,7.51,82.51,False,True
468,15.6,741,car,0.9229,17,525,153,587,85.0,556.0,multiline,none,-1,False,stationary,3.21,35.1,False,True
468,15.6,749,car,0.5463,785,561,831,635,808.0,598.0,multiline,none,-1,False,recently_moving,1.31,7.52,True,True
468,15.6,672,car,0.5377,1507,598,1707,677,1607.0,637.5,multiline,none,-1,False,stationary,7.69,84.53,False,True
468,15.6,463,truck,0.487,809,487,1198,661,1003.5,574.0,multiline,none,-1,False,stationary,7.38,81.12,False,True
469,15.6333,741,car,0.9306,13,524,150,587,81.5,555.5,multiline,none,-1,False,stationary,3.34,36.66,False,True
469,15.6333,749,car,0.5302,780,561,831,637,805.5,599.0,multiline,none,-1,False,recently_moving,1.47,9.84,True,True
469,15.6333,672,car,0.3976,1500,598,1701,678,1600.5,638.0,multiline,none,-1,False,stationary,7.84,86.17,False,True
469,15.6333,463,truck,0.3534,798,487,1189,657,993.5,572.0,multiline,none,-1,False,stationary,8.0,87.92,False,True
470,15.6667,741,car,0.933,10,523,145,587,77.5,555.0,multiline,none,-1,False,stationary,3.46,37.96,False,True
470,15.6667,749,car,0.4057,775,560,831,638,803.0,599.0,multiline,none,-1,False,recently_moving,1.58,12.24,True,True
470,15.6667,672,car,0.6046,1493,599,1695,678,1594.0,638.5,multiline,none,-1,False,stationary,7.96,87.4,False,True
470,15.6667,463,truck,0.6114,788,487,1181,654,984.5,570.5,multiline,none,-1,False,stationary,8.6,94.49,False,True
471,15.7,741,car,0.9332,7,522,140,586,73.5,554.0,multiline,none,-1,False,stationary,3.59,39.4,False,True
471,15.7,672,car,0.6028,1487,600,1689,677,1588.0,638.5,multiline,none,-1,False,stationary,8.02,88.04,False,True
471,15.7,463,truck,0.6651,779,487,1173,651,976.0,569.0,multiline,none,-1,False,stationary,9.12,100.2,False,True
472,15.7333,741,car,0.9221,5,522,135,586,70.0,554.0,multiline,none,-1,False,stationary,3.66,40.27,False,True
472,15.7333,463,truck,0.6307,771,487,1166,649,968.5,568.0,multiline,none,-1,False,stationary,9.56,105.01,False,True
472,15.7333,763,person,0.369,1575,240,1585,256,1580.0,248.0,multiline,none,-1,False,insufficient_data,0.0,0.0,False,True
473,15.7667,741,car,0.9246,4,521,129,585,66.5,553.0,multiline,none,-1,False,stationary,3.73,41.02,False,True
473,15.7667,463,truck,0.7322,763,487,1159,647,961.0,567.0,multiline,none,-1,False,stationary,9.96,109.38,False,True
473,15.7667,763,person,0.3969,1575,240,1585,256,1580.0,248.0,multiline,none,-1,False,insufficient_data,0.0,0.0,False,True
474,15.8,741,car,0.9284,3,521,123,584,63.0,552.5,multiline,none,-1,False,stationary,3.79,41.69,False,True
474,15.8,463,truck,0.8615,757,487,1154,645,955.5,566.0,multiline,none,-1,False,stationary,9.99,109.77,False,True
474,15.8,763,person,0.4346,1575,240,1585,255,1580.0,247.5,multiline,none,-1,False,insufficient_data,0.0,0.0,False,True
474,15.8,749,truck,0.3411,766,554,830,639,798.0,596.5,multiline,none,-1,False,recently_moving,1.78,15.44,True,True
475,15.8333,741,car,0.9063,2,520,117,583,59.5,551.5,multiline,none,-1,False,stationary,3.83,42.15,False,True
475,15.8333,463,truck,0.88,751,486,1149,643,950.0,564.5,multiline,none,-1,False,stationary,9.77,107.28,False,True
475,15.8333,763,person,0.3733,1575,240,1585,255,1580.0,247.5,multiline,none,-1,False,insufficient_data,0.0,0.0,False,True
475,15.8333,672,car,0.5172,1475,600,1677,678,1576.0,639.0,multiline,none,-1,False,stationary,8.17,89.68,False,True
476,15.8667,741,car,0.9023,1,520,111,582,56.0,551.0,multiline,none,-1,False,stationary,3.86,42.47,False,True
476,15.8667,463,truck,0.9149,746,486,1146,642,946.0,564.0,multiline,none,-1,False,stationary,9.35,102.77,False,True
476,15.8667,763,person,0.2776,1576,240,1586,255,1581.0,247.5,multiline,none,-1,False,recently_moving,0.16,0.51,True,True
477,15.9,741,car,0.9079,1,519,104,581,52.5,550.0,multiline,none,-1,False,stationary,3.85,42.34,False,True
477,15.9,463,truck,0.8772,742,485,1143,642,942.5,563.5,multiline,none,-1,False,stationary,8.78,96.48,False,True
478,15.9333,741,car,0.9168,1,518,98,581,49.5,549.5,multiline,none,-1,False,stationary,3.8,41.77,False,True
478,15.9333,463,truck,0.8774,737,485,1141,641,939.0,563.0,multiline,none,-1,False,stationary,8.17,89.83,False,True
479,15.9667,741,car,0.9157,0,518,91,580,45.5,549.0,multiline,none,-1,False,stationary,3.75,41.21,False,True
479,15.9667,463,truck,0.7502,732,484,1138,639,935.0,561.5,multiline,none,-1,False,stationary,7.53,82.76,False,True
479,15.9667,672,car,0.3894,1458,599,1661,679,1559.5,639.0,multiline,none,-1,False,stationary,8.42,92.45,False,True
480,16.0,741,car,0.911,0,518,84,580,42.0,549.0,multiline,none,-1,False,stationary,3.71,40.82,False,True
480,16.0,463,truck,0.8126,730,484,1129,637,929.5,560.5,multiline,none,-1,False,stationary,6.96,76.56,False,True
481,16.0333,741,car,0.8971,0,517,78,580,39.0,548.5,multiline,none,-1,False,stationary,3.66,40.23,False,True
481,16.0333,463,truck,0.8721,729,483,1120,636,924.5,559.5,multiline,none,-1,False,stationary,6.47,71.14,False,True
482,16.0667,741,car,0.8517,0,517,71,578,35.5,547.5,multiline,none,-1,False,stationary,3.61,39.65,False,True
482,16.0667,463,truck,0.7859,729,483,1111,635,920.0,559.0,multiline,none,-1,False,stationary,6.02,66.16,False,True
483,16.1,741,car,0.8558,0,516,64,576,32.0,546.0,multiline,none,-1,False,stationary,3.58,39.38,False,True
483,16.1,463,truck,0.8135,727,483,1104,633,915.5,558.0,multiline,none,-1,False,stationary,5.63,61.9,False,True
484,16.1333,741,car,0.7858,0,516,58,575,29.0,545.5,multiline,none,-1,False,stationary,3.55,39.0,False,True
484,16.1333,463,truck,0.8115,724,483,1098,632,911.0,557.5,multiline,none,-1,False,stationary,5.28,58.07,False,True
485,16.1667,741,car,0.5775,0,517,51,573,25.5,545.0,multiline,none,-1,False,stationary,3.53,38.77,False,True
485,16.1667,463,truck,0.835,721,483,1098,631,909.5,557.0,multiline,none,-1,False,stationary,4.93,54.18,False,True
486,16.2,741,car,0.8005,0,518,44,570,22.0,544.0,multiline,none,-1,False,stationary,3.51,38.61,False,True
486,16.2,463,truck,0.8523,717,482,1090,630,903.5,556.0,multiline,none,-1,False,stationary,4.71,51.78,False,True
486,16.2,672,car,0.3535,1437,599,1638,678,1537.5,638.5,multiline,none,-1,False,stationary,8.96,98.44,False,True
487,16.2333,741,car,0.7034,0,519,38,569,19.0,544.0,multiline,none,-1,False,stationary,3.48,38.29,False,True
487,16.2333,463,truck,0.8399,713,482,1080,629,896.5,555.5,multiline,none,-1,False,stationary,4.66,51.26,False,True
488,16.2667,463,truck,0.8302,710,482,1072,629,891.0,555.5,multiline,none,-1,False,stationary,4.69,51.59,False,True
489,16.3,463,truck,0.8685,706,482,1064,629,885.0,555.5,multiline,none,-1,False,stationary,4.79,52.62,False,True
489,16.3,672,car,0.4601,1417,600,1616,678,1516.5,639.0,multiline,none,-1,False,stationary,9.7,106.52,False,True
490,16.3333,463,truck,0.6745,703,482,1059,629,881.0,555.5,multiline,none,-1,False,stationary,4.85,53.21,False,True
490,16.3333,672,car,0.4206,1402,599,1596,677,1499.0,638.0,multiline,none,-1,False,stationary,10.51,115.48,False,True
491,16.3667,463,truck,0.7582,700,481,1053,629,876.5,555.0,multiline,none,-1,False,stationary,4.85,53.24,False,True
491,16.3667,672,car,0.7113,1388,599,1581,676,1484.5,637.5,multiline,none,-1,False,stationary,11.25,123.75,False,True
492,16.4,463,truck,0.7215,700,481,1045,630,872.5,555.5,multiline,none,-1,False,stationary,4.81,52.85,False,True
492,16.4,672,car,0.6094,1377,599,1568,676,1472.5,637.5,multiline,none,-1,False,stationary,11.85,130.34,False,True
493,16.4333,463,truck,0.3812,700,481,1039,630,869.5,555.5,multiline,none,-1,False,stationary,4.75,52.09,False,True
493,16.4333,672,car,0.6696,1366,598,1558,676,1462.0,637.0,multiline,none,-1,False,stationary,12.32,135.51,False,True
494,16.4667,463,truck,0.4747,696,481,1032,628,864.0,554.5,multiline,none,-1,False,stationary,4.73,51.92,False,True
494,16.4667,672,car,0.8001,1357,597,1547,675,1452.0,636.0,multiline,none,-1,False,stationary,12.74,140.09,False,True
495,16.5,463,truck,0.5607,685,481,1025,629,855.0,555.0,multiline,none,-1,False,stationary,4.86,53.36,False,True
495,16.5,787,car,0.7736,1868,637,1919,696,1893.5,666.5,multiline,none,-1,False,insufficient_data,0.0,0.0,False,True
495,16.5,672,car,0.483,1346,595,1538,675,1442.0,635.0,multiline,none,-1,False,stationary,13.12,144.3,False,True
496,16.5333,463,truck,0.3571,675,480,1018,629,846.5,554.5,multiline,none,-1,False,stationary,5.17,56.75,False,True
496,16.5333,787,car,0.8596,1866,636,1919,696,1892.5,666.0,multiline,none,-1,False,insufficient_data,0.0,0.0,False,True
496,16.5333,672,car,0.4597,1338,597,1519,674,1428.5,635.5,multiline,none,-1,False,stationary,13.61,149.67,False,True
497,16.5667,787,car,0.8979,1864,635,1919,696,1891.5,665.5,multiline,none,-1,False,insufficient_data,0.0,0.0,False,True
497,16.5667,672,car,0.6059,1329,596,1511,673,1420.0,634.5,multiline,none,-1,False,stationary,13.81,151.93,False,True
498,16.6,787,car,0.8997,1861,634,1919,697,1890.0,665.5,multiline,none,-1,False,insufficient_data,0.0,0.0,False,True
498,16.6,672,car,0.7713,1322,596,1506,672,1414.0,634.0,multiline,none,-1,False,stationary,13.61,149.71,False,True
499,16.6333,787,car,0.8936,1857,633,1919,697,1888.0,665.0,multiline,none,-1,False,recently_moving,0.82,3.24,True,True
499,16.6333,672,car,0.7519,1316,595,1501,671,1408.5,633.0,multiline,none,-1,False,stationary,12.96,142.52,False,True
500,16.6667,787,car,0.9092,1853,632,1919,697,1886.0,664.5,multiline,none,-1,False,recently_moving,0.97,4.82,True,True
500,16.6667,672,car,0.7065,1309,594,1496,671,1402.5,632.5,multiline,none,-1,False,stationary,12.06,132.6,False,True
501,16.7,787,car,0.8841,1848,630,1919,697,1883.5,663.5,multiline,none,-1,False,recently_moving,1.13,6.78,True,True
501,16.7,672,car,0.6255,1303,593,1490,671,1396.5,632.0,multiline,none,-1,False,stationary,11.11,122.13,False,True
501,16.7,463,truck,0.2764,661,480,1007,628,834.0,554.0,multiline,none,-1,False,stationary,5.57,61.23,False,True
502,16.7333,787,car,0.9024,1843,629,1919,697,1881.0,663.0,multiline,none,-1,False,recently_moving,1.28,8.95,True,True
502,16.7333,672,car,0.3997,1297,592,1482,670,1389.5,631.0,multiline,none,-1,False,stationary,10.25,112.71,False,True
503,16.7667,787,car,0.8971,1838,628,1919,697,1878.5,662.5,multiline,none,-1,False,recently_moving,1.41,11.25,True,True
503,16.7667,672,car,0.5374,1291,591,1475,670,1383.0,630.5,multiline,none,-1,False,stationary,9.52,104.69,False,True
504,16.8,787,car,0.8946,1832,627,1919,696,1875.5,661.5,multiline,none,-1,False,recently_moving,1.54,13.84,True,True
504,16.8,672,car,0.6282,1284,591,1468,670,1376.0,630.5,multiline,none,-1,False,stationary,8.93,98.23,False,True
504,16.8,763,person,0.3989,1579,239,1589,255,1584.0,247.0,multiline,none,-1,False,recently_moving,0.38,1.69,True,True
505,16.8333,787,car,0.9037,1827,626,1919,696,1873.0,661.0,multiline,none,-1,False,recently_moving,1.64,16.42,True,True
505,16.8333,672,car,0.8362,1278,590,1462,670,1370.0,630.0,multiline,none,-1,False,stationary,8.42,92.63,False,True
505,16.8333,763,person,0.2974,1582,239,1592,255,1587.0,247.0,multiline,none,-1,False,recently_moving,0.63,3.52,True,True
505,16.8333,463,bus,0.543,649,479,992,630,820.5,554.5,multiline,none,-1,False,stationary,6.04,66.4,False,True
506,16.8667,787,car,0.9172,1821,625,1919,696,1870.0,660.5,multiline,none,-1,False,recently_moving,1.74,19.15,True,True
506,16.8667,672,car,0.8255,1272,590,1455,670,1363.5,630.0,multiline,none,-1,False,stationary,7.98,87.74,False,True
506,16.8667,763,person,0.371,1584,239,1594,255,1589.0,247.0,multiline,none,-1,False,recently_moving,0.81,5.42,True,True
506,16.8667,463,bus,0.6143,642,479,978,632,810.0,555.5,multiline,none,-1,False,stationary,6.5,71.51,False,True
507,16.9,787,car,0.914,1816,624,1919,696,1867.5,660.0,multiline,none,-1,False,recently_moving,1.95,21.44,True,True
507,16.9,672,car,0.874,1265,589,1449,670,1357.0,629.5,multiline,none,-1,False,stationary,7.47,82.14,False,True
507,16.9,463,truck,0.5739,632,479,965,634,798.5,556.5,multiline,none,-1,False,stationary,6.98,76.76,False,True
508,16.9333,787,car,0.9128,1810,624,1919,696,1864.5,660.0,multiline,none,-1,False,recently_moving,2.15,23.58,True,True
508,16.9333,672,car,0.8607,1259,589,1443,669,1351.0,629.0,multiline,none,-1,False,stationary,7.06,77.62,False,True
508,16.9333,463,truck,0.6095,623,479,954,636,788.5,557.5,multiline,none,-1,False,stationary,7.49,82.27,False,True
508,16.9333,763,person,0.4782,1586,239,1596,255,1591.0,247.0,multiline,none,-1,False,recently_moving,0.95,7.36,True,True
509,16.9667,787,car,0.9079,1805,623,1919,695,1862.0,659.0,multiline,none,-1,False,recently_moving,2.31,25.39,True,True
509,16.9667,672,car,0.856,1252,588,1439,669,1345.5,628.5,multiline,none,-1,False,stationary,6.77,74.51,False,True
509,16.9667,463,truck,0.6846,611,479,944,637,777.5,558.0,multiline,none,-1,False,stationary,8.02,88.14,False,True
509,16.9667,763,person,0.4207,1588,238,1598,255,1593.0,246.5,multiline,none,-1,False,recently_moving,1.07,9.33,True,True
510,17.0,787,car,0.9163,1799,623,1919,695,1859.0,659.0,multiline,none,-1,False,stationary,2.45,26.87,False,True
510,17.0,672,car,0.871,1246,588,1435,669,1340.5,628.5,multiline,none,-1,False,stationary,6.57,72.28,False,True
510,17.0,463,truck,0.7313,602,479,936,638,769.0,558.5,multiline,none,-1,False,stationary,8.51,93.53,False,True
510,17.0,763,person,0.4226,1589,238,1599,255,1594.0,246.5,multiline,none,-1,False,recently_moving,1.12,10.96,True,True
511,17.0333,787,car,0.9102,1793,623,1919,695,1856.0,659.0,multiline,none,-1,False,stationary,2.56,28.13,False,True
511,17.0333,672,car,0.8451,1239,588,1432,668,1335.5,628.0,multiline,none,-1,False,stationary,6.41,70.48,False,True
511,17.0333,463,truck,0.4894,598,478,928,638,763.0,558.0,multiline,none,-1,False,stationary,8.92,98.09,False,True
511,17.0333,763,person,0.3595,1591,238,1600,255,1595.5,246.5,multiline,none,-1,False,recently_moving,1.16,12.53,True,True
512,17.0667,787,car,0.9084,1787,622,1919,695,1853.0,658.5,multiline,none,-1,False,stationary,2.65,29.1,False,True
512,17.0667,672,car,0.8794,1232,587,1424,667,1328.0,627.0,multiline,none,-1,False,stationary,6.35,69.85,False,True
512,17.0667,463,truck,0.6986,594,478,919,639,756.5,558.5,multiline,none,-1,False,stationary,9.22,101.42,False,True
512,17.0667,763,person,0.4138,1592,238,1601,255,1596.5,246.5,multiline,none,-1,False,recently_moving,1.29,13.91,True,True
513,17.1,787,car,0.9078,1781,622,1919,695,1850.0,658.5,multiline,none,-1,False,stationary,2.72,29.87,False,True
513,17.1,672,car,0.8958,1226,587,1416,666,1321.0,626.5,multiline,none,-1,False,stationary,6.31,69.43,False,True
513,17.1,463,truck,0.6987,594,477,907,639,750.5,558.0,multiline,none,-1,False,stationary,9.32,102.52,False,True
513,17.1,763,person,0.3091,1593,237,1602,255,1597.5,246.0,multiline,none,-1,False,recently_moving,1.39,15.14,True,True
514,17.1333,787,car,0.9115,1776,622,1919,695,1847.5,658.5,multiline,none,-1,False,stationary,2.77,30.35,False,True
514,17.1333,672,car,0.8915,1219,587,1407,666,1313.0,626.5,multiline,none,-1,False,stationary,6.33,69.66,False,True
514,17.1333,463,truck,0.8269,591,477,896,638,743.5,557.5,multiline,none,-1,False,stationary,9.34,102.71,False,True
514,17.1333,763,person,0.4731,1593,237,1603,255,1598.0,246.0,multiline,none,-1,False,recently_moving,1.47,16.12,True,True
515,17.1667,787,car,0.913,1771,622,1919,695,1845.0,658.5,multiline,none,-1,False,stationary,2.78,30.47,False,True
515,17.1667,672,car,0.8864,1212,586,1398,666,1305.0,626.0,multiline,none,-1,False,stationary,6.38,70.21,False,True
515,17.1667,463,truck,0.8348,588,476,888,638,738.0,557.0,multiline,none,-1,False,stationary,9.13,100.4,False,True
515,17.1667,763,person,0.5155,1594,237,1604,254,1599.0,245.5,multiline,none,-1,False,stationary,1.53,16.76,False,True
516,17.2,787,car,0.9235,1765,622,1919,695,1842.0,658.5,multiline,none,-1,False,stationary,2.8,30.7,False,True
516,17.2,672,car,0.7865,1206,586,1389,666,1297.5,626.0,multiline,none,-1,False,stationary,6.46,71.07,False,True
516,17.2,463,truck,0.7902,584,476,881,638,732.5,557.0,multiline,none,-1,False,stationary,8.74,96.09,False,True
516,17.2,763,person,0.5934,1595,237,1605,254,1600.0,245.5,multiline,none,-1,False,stationary,1.5,16.5,False,True
517,17.2333,787,car,0.9295,1758,621,1919,695,1838.5,658.0,multiline,none,-1,False,stationary,2.83,31.03,False,True
517,17.2333,672,car,0.8983,1199,586,1381,666,1290.0,626.0,multiline,none,-1,False,stationary,6.54,71.98,False,True
517,17.2333,463,truck,0.7944,577,476,877,637,727.0,556.5,multiline,none,-1,False,stationary,8.33,91.53,False,True
517,17.2333,763,person,0.582,1595,237,1605,254,1600.0,245.5,multiline,none,-1,False,stationary,1.39,15.29,False,True
518,17.2667,787,car,0.9313,1752,621,1919,695,1835.5,658.0,multiline,none,-1,False,stationary,2.86,31.4,False,True
518,17.2667,672,car,0.906,1193,585,1373,665,1283.0,625.0,multiline,none,-1,False,stationary,6.61,72.75,False,True
518,17.2667,463,truck,0.7192,569,476,873,636,721.0,556.0,multiline,none,-1,False,stationary,7.88,86.62,False,True
518,17.2667,763,person,0.6072,1596,237,1605,254,1600.5,245.5,multiline,none,-1,False,stationary,1.27,13.98,False,True
519,17.3,787,car,0.9201,1745,621,1919,695,1832.0,658.0,multiline,none,-1,False,stationary,2.9,31.83,False,True
519,17.3,672,car,0.9034,1186,585,1365,665,1275.5,625.0,multiline,none,-1,False,stationary,6.71,73.78,False,True
519,17.3,463,truck,0.8334,561,476,869,635,715.0,555.5,multiline,none,-1,False,stationary,7.47,82.05,False,True
519,17.3,763,person,0.5669,1596,237,1606,254,1601.0,245.5,multiline,none,-1,False,stationary,1.15,12.59,False,True
520,17.3333,787,car,0.9201,1738,621,1919,695,1828.5,658.0,multiline,none,-1,False,stationary,2.95,32.43,False,True
520,17.3333,672,car,0.8895,1179,584,1357,665,1268.0,624.5,multiline,none,-1,False,stationary,6.83,75.14,False,True
520,17.3333,463,truck,0.7859,556,475,864,633,710.0,554.0,multiline,none,-1,False,stationary,7.01,76.99,False,True
520,17.3333,763,person,0.6169,1597,237,1607,254,1602.0,245.5,multiline,none,-1,False,stationary,1.03,11.33,False,True
521,17.3667,787,car,0.9258,1731,620,1919,695,1825.0,657.5,multiline,none,-1,False,stationary,3.0,33.01,False,True
521,17.3667,672,car,0.8828,1173,584,1350,665,1261.5,624.5,multiline,none,-1,False,stationary,6.96,76.54,False,True
521,17.3667,463,truck,0.7311,552,475,860,631,706.0,553.0,multiline,none,-1,False,stationary,6.57,72.16,False,True
521,17.3667,763,person,0.6218,1597,237,1607,254,1602.0,245.5,multiline,none,-1,False,stationary,0.93,10.17,False,True
522,17.4,787,car,0.9068,1724,620,1919,695,1821.5,657.5,multiline,none,-1,False,stationary,3.05,33.56,False,True
522,17.4,672,car,0.8698,1166,584,1342,665,1254.0,624.5,multiline,none,-1,False,stationary,7.12,78.32,False,True
522,17.4,463,truck,0.7616,550,475,855,628,702.5,551.5,multiline,none,-1,False,stationary,6.22,68.18,False,True
522,17.4,763,person,0.5708,1598,237,1607,254,1602.5,245.5,multiline,none,-1,False,stationary,0.83,9.08,False,True
523,17.4333,787,car,0.9105,1716,619,1917,694,1816.5,656.5,multiline,none,-1,False,stationary,3.15,34.61,False,True
523,17.4333,672,car,0.9117,1159,583,1335,664,1247.0,623.5,multiline,none,-1,False,stationary,7.21,79.29,False,True
523,17.4333,463,truck,0.8037,547,475,851,626,699.0,550.5,multiline,none,-1,False,stationary,5.89,64.6,False,True
523,17.4333,763,person,0.5597,1598,237,1608,254,1603.0,245.5,multiline,none,-1,False,stationary,0.75,8.2,False,True
524,17.4667,787,car,0.889,1710,619,1915,694,1812.5,656.5,multiline,none,-1,False,stationary,3.24,35.66,False,True
524,17.4667,672,car,0.8821,1152,583,1328,664,1240.0,623.5,multiline,none,-1,False,stationary,7.27,79.92,False,True
524,17.4667,463,truck,0.6909,544,475,846,625,695.0,550.0,multiline,none,-1,False,stationary,5.62,61.61,False,True
524,17.4667,763,person,0.5537,1599,237,1608,254,1603.5,245.5,multiline,none,-1,False,stationary,0.68,7.42,False,True
525,17.5,787,car,0.9057,1703,618,1911,694,1807.0,656.0,multiline,none,-1,False,stationary,3.4,37.38,False,True
525,17.5,672,car,0.8819,1146,583,1321,663,1233.5,623.0,multiline,none,-1,False,stationary,7.26,79.81,False,True
525,17.5,463,truck,0.6395,539,474,842,624,690.5,549.0,multiline,none,-1,False,stationary,5.36,58.82,False,True
525,17.5,763,person,0.4431,1599,237,1608,254,1603.5,245.5,multiline,none,-1,False,stationary,0.62,6.76,False,True
526,17.5333,787,car,0.8711,1696,618,1906,693,1801.0,655.5,multiline,none,-1,False,stationary,3.61,39.71,False,True
526,17.5333,672,car,0.7862,1139,582,1314,663,1226.5,622.5,multiline,none,-1,False,stationary,7.21,79.35,False,True
526,17.5333,463,truck,0.5322,537,474,839,623,688.0,548.5,multiline,none,-1,False,stationary,5.1,55.95,False,True
526,17.5333,763,person,0.5472,1599,237,1609,255,1604.0,246.0,multiline,none,-1,False,stationary,0.56,6.15,False,True
527,17.5667,787,car,0.9114,1689,618,1900,693,1794.5,655.5,multiline,none,-1,False,stationary,3.86,42.47,False,True
527,17.5667,672,car,0.7952,1138,582,1307,662,1222.5,622.0,multiline,none,-1,False,stationary,7.08,77.86,False,True
527,17.5667,463,truck,0.5494,535,473,836,623,685.5,548.0,multiline,none,-1,False,stationary,4.84,53.1,False,True
527,17.5667,763,person,0.6138,1600,237,1610,255,1605.0,246.0,multiline,none,-1,False,stationary,0.53,5.74,False,True
528,17.6,787,car,0.8807,1680,617,1894,693,1787.0,655.0,multiline,none,-1,False,stationary,4.15,45.65,False,True
528,17.6,672,car,0.7427,1138,582,1300,661,1219.0,621.5,multiline,none,-1,False,stationary,6.86,75.5,False,True
528,17.6,463,truck,0.6813,532,473,833,622,682.5,547.5,multiline,none,-1,False,stationary,4.59,50.38,False,True
528,17.6,763,person,0.6301,1600,237,1611,255,1605.5,246.0,multiline,none,-1,False,stationary,0.52,5.67,False,True
529,17.6333,787,car,0.9011,1672,617,1888,693,1780.0,655.0,multiline,none,-1,False,stationary,4.47,49.1,False,True
529,17.6333,672,car,0.8046,1131,582,1293,661,1212.0,621.5,multiline,none,-1,False,stationary,6.72,73.93,False,True
529,17.6333,463,truck,0.5503,512,472,829,622,670.5,547.0,multiline,none,-1,False,stationary,4.62,50.68,False,True
529,17.6333,763,person,0.5966,1601,236,1612,255,1606.5,245.5,multiline,none,-1,False,stationary,0.53,5.81,False,True
530,17.6667,787,car,0.9127,1665,616,1881,693,1773.0,654.5,multiline,none,-1,False,stationary,4.78,52.58,False,True
530,17.6667,672,car,0.5411,1124,581,1286,660,1205.0,620.5,multiline,none,-1,False,stationary,6.62,72.75,False,True
530,17.6667,463,truck,0.5918,491,472,825,621,658.0,546.5,multiline,none,-1,False,stationary,4.84,53.12,False,True
530,17.6667,763,person,0.6123,1601,236,1612,255,1606.5,245.5,multiline,none,-1,False,stationary,0.53,5.73,False,True
531,17.7,787,car,0.8943,1659,616,1873,692,1766.0,654.0,multiline,none,-1,False,stationary,5.1,56.07,False,True
531,17.7,672,car,0.6955,1117,581,1279,660,1198.0,620.5,multiline,none,-1,False,stationary,6.53,71.8,False,True
531,17.7,463,truck,0.4529,473,472,820,621,646.5,546.5,multiline,none,-1,False,stationary,5.19,56.86,False,True
531,17.7,763,person,0.686,1602,236,1613,255,1607.5,245.5,multiline,none,-1,False,stationary,0.52,5.67,False,True
532,17.7333,787,car,0.8957,1652,616,1866,692,1759.0,654.0,multiline,none,-1,False,stationary,5.42,59.56,False,True
532,17.7333,672,car,0.7026,1109,580,1272,660,1190.5,620.0,multiline,none,-1,False,stationary,6.51,71.56,False,True
532,17.7333,763,person,0.6183,1603,236,1613,254,1608.0,245.0,multiline,none,-1,False,stationary,0.54,5.81,False,True
533,17.7667,787,car,0.9014,1645,616,1858,692,1751.5,654.0,multiline,none,-1,False,stationary,5.75,63.22,False,True
533,17.7667,672,car,0.7776,1099,579,1265,660,1182.0,619.5,multiline,none,-1,False,stationary,6.52,71.75,False,True
533,17.7667,763,person,0.614,1603,236,1614,254,1608.5,245.0,multiline,none,-1,False,stationary,0.55,5.91,False,True
533,17.7667,463,truck,0.6398,459,471,814,621,636.5,546.0,multiline,none,-1,False,stationary,5.6,61.38,False,True
534,17.8,787,car,0.9045,1637,616,1850,691,1743.5,653.5,multiline,none,-1,False,stationary,6.06,66.65,False,True
534,17.8,672,car,0.6797,1090,578,1258,660,1174.0,619.0,multiline,none,-1,False,stationary,6.57,72.22,False,True
534,17.8,763,person,0.643,1604,236,1614,254,1609.0,245.0,multiline,none,-1,False,stationary,0.55,5.96,False,True
534,17.8,463,truck,0.3603,447,471,807,620,627.0,545.5,multiline,none,-1,False,stationary,6.05,66.36,False,True
535,17.8333,787,car,0.9077,1630,616,1842,691,1736.0,653.5,multiline,none,-1,False,stationary,6.37,70.09,False,True
535,17.8333,672,car,0.7056,1082,577,1251,660,1166.5,618.5,multiline,none,-1,False,stationary,6.61,72.7,False,True
535,17.8333,763,person,0.6709,1604,236,1614,254,1609.0,245.0,multiline,none,-1,False,stationary,0.54,5.84,False,True
535,17.8333,463,truck,0.5296,438,471,801,620,619.5,545.5,multiline,none,-1,False,stationary,6.47,70.98,False,True
536,17.8667,787,car,0.8703,1623,615,1833,691,1728.0,653.0,multiline,none,-1,False,stationary,6.66,73.22,False,True
536,17.8667,672,car,0.4458,1075,577,1244,660,1159.5,618.5,multiline,none,-1,False,stationary,6.65,73.2,False,True
536,17.8667,763,person,0.6688,1604,236,1615,254,1609.5,245.0,multiline,none,-1,False,stationary,0.55,5.91,False,True
536,17.8667,463,truck,0.3521,428,471,795,620,611.5,545.5,multiline,none,-1,False,stationary,6.87,75.37,False,True
537,17.9,787,car,0.8752,1615,615,1825,690,1720.0,652.5,multiline,none,-1,False,stationary,6.91,75.95,False,True
537,17.9,672,car,0.4017,1067,577,1237,660,1152.0,618.5,multiline,none,-1,False,stationary,6.7,73.68,False,True
537,17.9,763,person,0.6616,1605,236,1615,254,1610.0,245.0,multiline,none,-1,False,stationary,0.55,5.98,False,True
538,17.9333,787,car,0.8984,1608,615,1816,690,1712.0,652.5,multiline,none,-1,False,stationary,7.11,78.24,False,True
538,17.9333,672,car,0.4543,1060,576,1230,661,1145.0,618.5,multiline,none,-1,False,stationary,6.82,75.02,False,True
538,17.9333,763,person,0.6896,1605,236,1616,254,1610.5,245.0,multiline,none,-1,False,stationary,0.54,5.86,False,True
539,17.9667,787,car,0.8317,1602,615,1808,690,1705.0,652.5,multiline,none,-1,False,stationary,7.23,79.56,False,True
539,17.9667,763,person,0.6367,1605,236,1616,254,1610.5,245.0,multiline,none,-1,False,stationary,0.51,5.59,False,True
539,17.9667,859,car,0.3138,1201,575,1309,605,1255.0,590.0,multiline,none,-1,False,insufficient_data,0.0,0.0,False,True
539,17.9667,463,truck,0.4744,419,470,785,618,602.0,544.0,multiline,none,-1,False,stationary,7.28,80.0,False,True
540,18.0,763,person,0.5266,1605,236,1617,254,1611.0,245.0,multiline,none,-1,False,stationary,0.48,5.22,False,True
540,18.0,463,truck,0.6744,409,470,775,617,592.0,543.5,multiline,none,-1,False,stationary,7.79,85.63,False,True
540,18.0,672,car,0.4282,1051,576,1220,660,1135.5,618.0,multiline,none,-1,False,stationary,7.09,78.01,False,True
541,18.0333,763,person,0.5433,1606,236,1617,254,1611.5,245.0,multiline,none,-1,False,stationary,0.47,5.16,False,True
541,18.0333,463,truck,0.7812,401,469,767,616,584.0,542.5,multiline,none,-1,False,stationary,8.3,91.22,False,True
541,18.0333,672,car,0.6024,1043,576,1212,660,1127.5,618.0,multiline,none,-1,False,stationary,7.3,80.3,False,True
541,18.0333,787,car,0.41,1597,615,1798,690,1697.5,652.5,multiline,none,-1,False,stationary,7.33,80.6,False,True
542,18.0667,763,person,0.6217,1606,236,1618,254,1612.0,245.0,multiline,none,-1,False,stationary,0.45,4.94,False,True
542,18.0667,672,car,0.4605,1038,575,1204,659,1121.0,617.0,multiline,none,-1,False,stationary,7.42,81.62,False,True
542,18.0667,787,car,0.2674,1594,615,1788,690,1691.0,652.5,multiline,none,-1,False,stationary,7.37,81.1,False,True
543,18.1,763,person,0.6609,1606,236,1618,254,1612.0,245.0,multiline,none,-1,False,stationary,0.42,4.6,False,True
543,18.1,672,car,0.3563,1030,575,1196,658,1113.0,616.5,multiline,none,-1,False,stationary,7.53,82.83,False,True
543,18.1,463,truck,0.458,395,469,757,614,576.0,541.5,multiline,none,-1,False,stationary,8.79,96.62,False,True
544,18.1333,763,person,0.6363,1607,236,1619,254,1613.0,245.0,multiline,none,-1,False,stationary,0.42,4.56,False,True
544,18.1333,672,car,0.3647,1021,577,1188,658,1104.5,617.5,multiline,none,-1,False,stationary,7.63,83.95,False,True
545,18.1667,763,person,0.6782,1607,236,1620,254,1613.5,245.0,multiline,none,-1,False,stationary,0.41,4.54,False,True
545,18.1667,672,car,0.3096,1013,579,1181,657,1097.0,618.0,multiline,none,-1,False,stationary,7.67,84.32,False,True
546,18.2,763,person,0.6753,1608,236,1620,254,1614.0,245.0,multiline,none,-1,False,stationary,0.43,4.7,False,True
546,18.2,672,car,0.3842,1006,581,1173,657,1089.5,619.0,multiline,none,-1,False,stationary,7.68,84.37,False,True
547,18.2333,763,person,0.6443,1609,236,1621,254,1615.0,245.0,multiline,none,-1,False,stationary,0.45,4.98,False,True
548,18.2667,763,person,0.6065,1610,236,1622,254,1616.0,245.0,multiline,none,-1,False,stationary,0.48,5.33,False,True
548,18.2667,672,car,0.3642,996,583,1164,656,1080.0,619.5,multiline,none,-1,False,stationary,7.74,85.11,False,True
549,18.3,763,person,0.5981,1611,236,1622,254,1616.5,245.0,multiline,none,-1,False,stationary,0.51,5.57,False,True
549,18.3,672,car,0.4974,988,584,1155,655,1071.5,619.5,multiline,none,-1,False,stationary,7.84,86.12,False,True
550,18.3333,763,person,0.5804,1611,236,1622,254,1616.5,245.0,multiline,none,-1,False,stationary,0.52,5.72,False,True
551,18.3667,763,person,0.5579,1612,236,1622,254,1617.0,245.0,multiline,none,-1,False,stationary,0.53,5.82,False,True
552,18.4,763,person,0.5869,1613,236,1622,254,1617.5,245.0,multiline,none,-1,False,stationary,0.54,5.89,False,True
553,18.4333,763,person,0.4929,1613,236,1623,254,1618.0,245.0,multiline,none,-1,False,stationary,0.54,5.92,False,True
553,18.4333,672,car,0.3615,975,585,1140,654,1057.5,619.5,multiline,none,-1,False,stationary,8.1,89.05,False,True
554,18.4667,763,person,0.5156,1614,236,1623,254,1618.5,245.0,multiline,none,-1,False,stationary,0.56,6.13,False,True
554,18.4667,672,car,0.3203,963,585,1128,654,1045.5,619.5,multiline,none,-1,False,stationary,8.43,92.71,False,True
555,18.5,763,person,0.4697,1614,236,1623,254,1618.5,245.0,multiline,none,-1,False,stationary,0.54,5.91,False,True
556,18.5333,763,person,0.5307,1614,236,1624,254,1619.0,245.0,multiline,none,-1,False,stationary,0.52,5.76,False,True
557,18.5667,763,person,0.4851,1615,236,1624,254,1619.5,245.0,multiline,none,-1,False,stationary,0.52,5.68,False,True
557,18.5667,463,truck,0.5781,368,467,729,612,548.5,539.5,multiline,none,-1,False,stationary,9.6,105.57,False,True
558,18.6,763,person,0.4815,1615,236,1625,255,1620.0,245.5,multiline,none,-1,False,stationary,0.5,5.45,False,True
559,18.6333,763,person,0.4364,1615,236,1626,255,1620.5,245.5,multiline,none,-1,False,stationary,0.47,5.13,False,True
560,18.6667,763,person,0.4743,1616,236,1627,255,1621.5,245.5,multiline,none,-1,False,stationary,0.47,5.09,False,True
560,18.6667,879,car,0.3833,271,516,336,603,303.5,559.5,multiline,none,-1,False,insufficient_data,0.0,0.0,False,True
561,18.7,763,person,0.4505,1616,236,1627,255,1621.5,245.5,multiline,none,-1,False,stationary,0.47,5.07,False,True
561,18.7,879,car,0.4756,269,517,334,603,301.5,560.0,multiline,none,-1,False,insufficient_data,0.0,0.0,False,True
562,18.7333,763,person,0.5502,1617,236,1628,255,1622.5,245.5,multiline,none,-1,False,stationary,0.48,5.23,False,True
562,18.7333,879,car,0.4539,268,517,331,602,299.5,559.5,multiline,none,-1,False,insufficient_data,0.0,0.0,False,True
563,18.7667,763,person,0.5896,1617,236,1628,254,1622.5,245.0,multiline,none,-1,False,stationary,0.47,5.14,False,True
563,18.7667,879,truck,0.3605,266,517,329,602,297.5,559.5,multiline,none,-1,False,insufficient_data,0.0,0.0,False,True
564,18.8,763,person,0.644,1618,236,1629,254,1623.5,245.0,multiline,none,-1,False,stationary,0.49,5.27,False,True
564,18.8,879,car,0.4545,261,516,325,602,293.0,559.0,multiline,none,-1,False,recently_moving,1.46,5.83,True,True
564,18.8,463,truck,0.3189,338,466,700,610,519.0,538.0,multiline,none,-1,False,stationary,10.67,117.36,False,True
565,18.8333,763,person,0.6982,1619,236,1630,254,1624.5,245.0,multiline,none,-1,False,stationary,0.51,5.53,False,True
565,18.8333,879,car,0.6972,258,515,321,602,289.5,558.5,multiline,none,-1,False,recently_moving,1.75,8.7,True,True
565,18.8333,463,truck,0.3133,324,465,679,609,501.5,537.0,multiline,none,-1,False,stationary,11.56,127.14,False,True
566,18.8667,763,person,0.6097,1620,236,1630,254,1625.0,245.0,multiline,none,-1,False,stationary,0.54,5.87,False,True
566,18.8667,879,car,0.6033,256,514,318,600,287.0,557.0,multiline,none,-1,False,recently_moving,1.93,11.48,True,True
566,18.8667,463,truck,0.2546,310,463,661,607,485.5,535.0,multiline,none,-1,False,stationary,12.33,135.62,False,True
567,18.9,763,person,0.6107,1620,236,1630,254,1625.0,245.0,multiline,none,-1,False,stationary,0.55,5.92,False,True
567,18.9,463,truck,0.6515,297,462,647,606,472.0,534.0,multiline,none,-1,False,stationary,12.96,142.55,False,True
567,18.9,882,car,0.4322,910,570,1008,634,959.0,602.0,multiline,none,-1,False,insufficient_data,0.0,0.0,False,True
567,18.9,883,car,0.369,1336,620,1530,682,1433.0,651.0,multiline,none,-1,False,insufficient_data,0.0,0.0,False,True
568,18.9333,763,person,0.5841,1620,236,1630,254,1625.0,245.0,multiline,none,-1,False,stationary,0.53,5.77,False,True
568,18.9333,463,truck,0.566,286,461,637,605,461.5,533.0,multiline,none,-1,False,stationary,13.47,148.13,False,True
568,18.9333,882,car,0.3986,908,569,1005,637,956.5,603.0,multiline,none,-1,False,insufficient_data,0.0,0.0,False,True
568,18.9333,883,car,0.8068,1335,617,1528,682,1431.5,649.5,multiline,none,-1,False,insufficient_data,0.0,0.0,False,True
569,18.9667,763,person,0.6752,1621,236,1631,254,1626.0,245.0,multiline,none,-1,False,stationary,0.54,5.84,False,True
569,18.9667,463,truck,0.5982,275,461,630,605,452.5,533.0,multiline,none,-1,False,stationary,13.83,152.1,False,True
569,18.9667,882,car,0.4921,906,569,1000,639,953.0,604.0,multiline,none,-1,False,insufficient_data,0.0,0.0,False,True
569,18.9667,883,car,0.7849,1333,615,1525,682,1429.0,648.5,multiline,none,-1,False,insufficient_data,0.0,0.0,False,True
570,19.0,763,person,0.6943,1621,236,1632,254,1626.5,245.0,multiline,none,-1,False,stationary,0.54,5.9,False,True
570,19.0,463,truck,0.5744,267,460,624,604,445.5,532.0,multiline,none,-1,False,stationary,13.98,153.8,False,True
570,19.0,882,car,0.273,906,568,996,641,951.0,604.5,multiline,none,-1,False,insufficient_data,0.0,0.0,False,True
570,19.0,883,car,0.833,1329,612,1520,681,1424.5,646.5,multiline,none,-1,False,insufficient_data,0.0,0.0,False,True
570,19.0,672,car,0.361,927,579,1091,651,1009.0,615.0,multiline,none,-1,False,stationary,9.51,104.54,False,True
571,19.0333,763,person,0.6858,1621,236,1632,254,1626.5,245.0,multiline,none,-1,False,stationary,0.51,5.58,False,True
571,19.0333,463,truck,0.6917,261,460,620,604,440.5,532.0,multiline,none,-1,False,stationary,13.92,153.14,False,True
571,19.0333,883,car,0.6972,1324,611,1515,682,1419.5,646.5,multiline,none,-1,False,recently_moving,2.03,8.01,True,True
571,19.0333,672,car,0.683,899,576,1062,647,980.5,611.5,multiline,none,-1,False,stationary,10.87,119.43,False,True
572,19.0667,763,person,0.6701,1621,236,1633,254,1627.0,245.0,multiline,none,-1,False,stationary,0.51,5.56,False,True
572,19.0667,463,truck,0.6996,256,459,617,603,436.5,531.0,multiline,none,-1,False,stationary,13.76,151.32,False,True
572,19.0667,883,car,0.5704,1318,611,1508,681,1413.0,646.0,multiline,none,-1,False,recently_moving,2.52,12.38,True,True
572,19.0667,672,car,0.6381,876,573,1039,646,957.5,609.5,multiline,none,-1,False,stationary,12.29,134.9,False,True
573,19.1,763,person,0.6614,1621,236,1634,254,1627.5,245.0,multiline,none,-1,False,stationary,0.49,5.36,False,True
573,19.1,463,truck,0.6344,250,459,613,604,431.5,531.5,multiline,none,-1,False,stationary,13.55,149.06,False,True
573,19.1,883,car,0.6388,1312,610,1500,681,1406.0,645.5,multiline,none,-1,False,recently_moving,2.99,17.67,True,True
573,19.1,672,car,0.8356,857,572,1020,644,938.5,608.0,multiline,none,-1,False,stationary,13.55,148.84,False,True
574,19.1333,763,person,0.7096,1621,236,1634,254,1627.5,245.0,multiline,none,-1,False,stationary,0.48,5.22,False,True
574,19.1333,463,truck,0.4855,244,458,606,604,425.0,531.0,multiline,none,-1,False,stationary,12.75,140.23,False,True
574,19.1333,883,car,0.8286,1306,609,1492,680,1399.0,644.5,multiline,none,-1,False,recently_moving,3.41,23.59,True,True
574,19.1333,672,car,0.8401,841,572,1003,642,922.0,607.0,multiline,none,-1,False,stationary,14.64,160.72,False,True
575,19.1667,763,person,0.6692,1622,236,1635,254,1628.5,245.0,multiline,none,-1,False,stationary,0.47,5.13,False,True
575,19.1667,463,truck,0.4219,242,458,605,605,423.5,531.5,multiline,none,-1,False,stationary,11.33,124.66,False,True
575,19.1667,883,car,0.8641,1300,607,1481,678,1390.5,642.5,multiline,none,-1,False,recently_moving,3.85,30.5,True,True
575,19.1667,672,car,0.4271,827,572,990,641,908.5,606.5,multiline,none,-1,False,moving,15.53,170.57,True,True
576,19.2,763,person,0.7299,1622,236,1635,254,1628.5,245.0,multiline,none,-1,False,stationary,0.43,4.72,False,True
576,19.2,883,car,0.7499,1293,606,1472,677,1382.5,641.5,multiline,none,-1,False,recently_moving,4.24,37.82,True,True
576,19.2,672,car,0.4531,815,572,978,641,896.5,606.5,multiline,none,-1,False,moving,16.25,178.57,True,True
577,19.2333,763,person,0.7042,1622,236,1636,254,1629.0,245.0,multiline,none,-1,False,stationary,0.4,4.43,False,True
577,19.2333,883,car,0.8399,1286,606,1463,677,1374.5,641.5,multiline,none,-1,False,recently_moving,4.57,45.35,True,True
577,19.2333,672,car,0.2752,805,573,967,640,886.0,606.5,multiline,none,-1,False,moving,16.75,184.15,True,True
578,19.2667,763,person,0.6967,1623,236,1636,254,1629.5,245.0,multiline,none,-1,False,stationary,0.4,4.43,False,True
578,19.2667,883,car,0.8426,1278,605,1456,677,1367.0,641.0,multiline,none,-1,False,recently_moving,4.84,52.85,True,True
578,19.2667,672,car,0.6685,795,574,941,640,868.0,607.0,multiline,none,-1,False,moving,17.38,191.08,True,True
579,19.3,763,person,0.739,1624,236,1637,254,1630.5,245.0,multiline,none,-1,False,stationary,0.43,4.77,False,True
579,19.3,883,car,0.8479,1270,605,1449,677,1359.5,641.0,multiline,none,-1,False,recently_moving,5.46,59.74,True,True
579,19.3,672,car,0.5948,787,575,914,639,850.5,607.0,multiline,none,-1,False,moving,17.9,196.81,True,True
580,19.3333,763,person,0.7136,1625,236,1637,254,1631.0,245.0,multiline,none,-1,False,stationary,0.44,4.82,False,True
580,19.3333,883,car,0.8546,1263,604,1444,676,1353.5,640.0,multiline,none,-1,False,recently_moving,5.97,65.44,True,True
580,19.3333,672,car,0.4799,778,575,892,639,835.0,607.0,multiline,none,-1,False,moving,18.35,201.75,True,True
581,19.3667,763,person,0.7239,1626,236,1638,254,1632.0,245.0,multiline,none,-1,False,stationary,0.46,5.01,False,True
581,19.3667,883,car,0.8665,1255,604,1440,676,1347.5,640.0,multiline,none,-1,False,recently_moving,6.33,69.61,True,True
581,19.3667,672,car,0.7074,771,575,875,638,823.0,606.5,multiline,none,-1,False,moving,17.86,196.35,True,True
581,19.3667,463,truck,0.3199,235,457,584,602,409.5,529.5,multiline,none,-1,False,stationary,10.31,113.38,False,True
582,19.4,763,person,0.7005,1627,236,1639,254,1633.0,245.0,multiline,none,-1,False,stationary,0.5,5.51,False,True
582,19.4,883,car,0.8325,1247,604,1437,675,1342.0,639.5,multiline,none,-1,False,stationary,6.6,72.5,False,True
582,19.4,672,car,0.5768,764,575,863,638,813.5,606.5,multiline,none,-1,False,moving,16.93,186.11,True,True
582,19.4,463,truck,0.4453,229,456,566,599,397.5,527.5,multiline,none,-1,False,stationary,9.52,104.63,False,True
583,19.4333,763,person,0.6675,1628,236,1639,254,1633.5,245.0,multiline,none,-1,False,stationary,0.53,5.84,False,True
583,19.4333,883,car,0.8729,1239,603,1428,674,1333.5,638.5,multiline,none,-1,False,stationary,6.83,75.09,False,True
583,19.4333,672,car,0.6856,757,574,853,638,805.0,606.0,multiline,none,-1,False,moving,15.86,174.37,True,True
583,19.4333,463,truck,0.2888,223,455,552,597,387.5,526.0,multiline,none,-1,False,stationary,8.89,97.73,False,True
584,19.4667,763,person,0.562,1628,236,1639,254,1633.5,245.0,multiline,none,-1,False,stationary,0.54,5.9,False,True
584,19.4667,883,car,0.8239,1231,603,1418,673,1324.5,638.0,multiline,none,-1,False,stationary,7.05,77.46,False,True
584,19.4667,672,car,0.6846,752,574,847,637,799.5,605.5,multiline,none,-1,False,recently_moving,14.73,161.99,True,True
584,19.4667,463,truck,0.259,217,454,541,596,379.0,525.0,multiline,none,-1,False,stationary,8.42,92.54,False,True
585,19.5,763,person,0.6844,1629,236,1640,254,1634.5,245.0,multiline,none,-1,False,stationary,0.57,6.27,False,True
585,19.5,883,car,0.8405,1223,602,1408,672,1315.5,637.0,multiline,none,-1,False,stationary,7.25,79.7,False,True
585,19.5,672,car,0.5317,747,573,842,636,794.5,604.5,multiline,none,-1,False,recently_moving,13.63,149.94,True,True
585,19.5,463,truck,0.2955,210,454,532,595,371.0,524.5,multiline,none,-1,False,stationary,8.08,88.85,False,True
586,19.5333,763,person,0.6503,1629,236,1640,254,1634.5,245.0,multiline,none,-1,False,stationary,0.56,6.16,False,True
586,19.5333,883,car,0.8609,1215,602,1398,672,1306.5,637.0,multiline,none,-1,False,stationary,7.39,81.28,False,True
586,19.5333,672,car,0.6407,743,573,838,635,790.5,604.0,multiline,none,-1,False,recently_moving,12.62,138.79,True,True
587,19.5667,763,person,0.6161,1630,236,1641,254,1635.5,245.0,multiline,none,-1,False,stationary,0.59,6.45,False,True
587,19.5667,883,car,0.8822,1207,601,1388,672,1297.5,636.5,multiline,none,-1,False,stationary,7.51,82.63,False,True
587,19.5667,672,car,0.8061,741,572,836,635,788.5,603.5,multiline,none,-1,False,recently_moving,11.64,128.03,True,True
587,19.5667,463,truck,0.311,193,453,521,594,357.0,523.5,multiline,none,-1,False,stationary,8.09,88.88,False,True
588,19.6,763,person,0.5749,1630,236,1641,254,1635.5,245.0,multiline,none,-1,False,stationary,0.59,6.51,False,True
588,19.6,883,car,0.8866,1199,601,1378,672,1288.5,636.5,multiline,none,-1,False,stationary,7.62,83.82,False,True
588,19.6,672,car,0.791,739,570,834,636,786.5,603.0,multiline,none,-1,False,recently_moving,10.74,118.03,True,True
589,19.6333,763,person,0.6367,1630,236,1642,254,1636.0,245.0,multiline,none,-1,False,stationary,0.59,6.5,False,True
589,19.6333,883,car,0.8588,1191,601,1369,672,1280.0,636.5,multiline,none,-1,False,stationary,7.73,84.98,False,True
589,19.6333,672,car,0.6867,736,571,833,637,784.5,604.0,multiline,none,-1,False,recently_moving,9.64,105.96,True,True
590,19.6667,763,person,0.6446,1631,236,1643,254,1637.0,245.0,multiline,none,-1,False,stationary,0.59,6.52,False,True
590,19.6667,883,car,0.891,1184,600,1360,671,1272.0,635.5,multiline,none,-1,False,stationary,7.81,85.9,False,True
590,19.6667,672,car,0.8343,733,570,833,637,783.0,603.5,multiline,none,-1,False,recently_moving,8.42,92.51,True,True
590,19.6667,463,truck,0.6283,174,452,509,594,341.5,523.0,multiline,none,-1,False,stationary,8.42,92.58,False,True
591,19.7,763,person,0.6734,1631,236,1643,254,1637.0,245.0,multiline,none,-1,False,stationary,0.58,6.37,False,True
591,19.7,883,car,0.9129,1176,600,1352,670,1264.0,635.0,multiline,none,-1,False,stationary,7.93,87.19,False,True
591,19.7,672,car,0.8568,730,569,833,638,781.5,603.5,multiline,none,-1,False,recently_moving,7.17,78.87,True,True
591,19.7,463,truck,0.645,157,452,499,593,328.0,522.5,multiline,none,-1,False,stationary,8.94,98.27,False,True
592,19.7333,763,person,0.5998,1631,236,1644,254,1637.5,245.0,multiline,none,-1,False,stationary,0.55,6.09,False,True
592,19.7333,883,car,0.9035,1169,600,1343,670,1256.0,635.0,multiline,none,-1,False,stationary,8.07,88.71,False,True
592,19.7333,672,car,0.8699,727,568,833,638,780.0,603.0,multiline,none,-1,False,recently_moving,6.03,66.33,True,True
592,19.7333,463,truck,0.7584,143,451,492,593,317.5,522.0,multiline,none,-1,False,stationary,9.45,103.92,False,True
593,19.7667,763,person,0.63,1632,235,1645,254,1638.5,244.5,multiline,none,-1,False,stationary,0.54,5.89,False,True
593,19.7667,883,car,0.9067,1161,600,1335,669,1248.0,634.5,multiline,none,-1,False,stationary,8.24,90.61,False,True
593,19.7667,672,car,0.8916,726,567,832,638,779.0,602.5,multiline,none,-1,False,recently_moving,5.03,55.25,True,True
593,19.7667,463,truck,0.619,132,451,483,592,307.5,521.5,multiline,none,-1,False,stationary,9.9,108.82,False,True
594,19.8,763,person,0.6136,1633,235,1645,254,1639.0,244.5,multiline,none,-1,False,stationary,0.53,5.76,False,True
594,19.8,883,car,0.9039,1154,599,1327,669,1240.5,634.0,multiline,none,-1,False,stationary,8.32,91.48,False,True
594,19.8,672,car,0.8434,724,566,830,638,777.0,602.0,multiline,none,-1,False,recently_moving,4.17,45.78,True,True
594,19.8,463,truck,0.8399,122,450,475,592,298.5,521.0,multiline,none,-1,False,stationary,10.43,114.64,False,True
595,19.8333,763,person,0.7166,1634,235,1646,254,1640.0,244.5,multiline,none,-1,False,stationary,0.55,6.03,False,True
595,19.8333,883,car,0.8983,1147,599,1319,668,1233.0,633.5,multiline,none,-1,False,stationary,8.32,91.52,False,True
595,19.8333,672,car,0.6514,712,565,827,638,769.5,601.5,multiline,none,-1,False,recently_moving,3.67,40.34,True,True
595,19.8333,463,truck,0.9023,114,450,466,593,290.0,521.5,multiline,none,-1,False,stationary,10.59,116.39,False,True
596,19.8667,763,person,0.6285,1634,235,1646,254,1640.0,244.5,multiline,none,-1,False,stationary,0.54,5.87,False,True
596,19.8667,883,car,0.8982,1140,599,1312,668,1226.0,633.5,multiline,none,-1,False,stationary,8.26,90.82,False,True
596,19.8667,672,car,0.8798,697,564,823,638,760.0,601.0,multiline,none,-1,False,recently_moving,3.49,38.34,True,True
596,19.8667,463,truck,0.9263,106,449,458,595,282.0,522.0,multiline,none,-1,False,stationary,10.56,116.1,False,True
597,19.9,763,person,0.6857,1635,235,1647,254,1641.0,244.5,multiline,none,-1,False,stationary,0.56,6.11,False,True
597,19.9,883,car,0.8326,1134,600,1304,667,1219.0,633.5,multiline,none,-1,False,stationary,8.15,89.66,False,True
597,19.9,672,car,0.9077,684,564,818,637,751.0,600.5,multiline,none,-1,False,recently_moving,3.53,38.78,True,True
597,19.9,463,truck,0.9402,99,449,453,597,276.0,523.0,multiline,none,-1,False,stationary,10.42,114.48,False,True
598,19.9333,763,person,0.6918,1636,235,1647,254,1641.5,244.5,multiline,none,-1,False,stationary,0.55,6.07,False,True
598,19.9333,883,car,0.7943,1128,600,1296,667,1212.0,633.5,multiline,none,-1,False,stationary,8.02,88.23,False,True
598,19.9333,672,car,0.9025,671,563,812,637,741.5,600.0,multiline,none,-1,False,recently_moving,3.8,41.71,True,True
598,19.9333,463,truck,0.9559,92,448,447,598,269.5,523.0,multiline,none,-1,False,stationary,10.26,112.73,False,True
599,19.9667,763,person,0.6317,1636,235,1647,254,1641.5,244.5,multiline,none,-1,False,stationary,0.55,6.05,False,True
599,19.9667,883,car,0.7272,1121,599,1288,666,1204.5,632.5,multiline,none,-1,False,stationary,7.89,86.78,False,True
599,19.9667,672,car,0.909,661,562,807,636,734.0,599.0,multiline,none,-1,False,recently_moving,4.14,45.54,True,True
599,19.9667,463,truck,0.9476,86,447,441,599,263.5,523.0,multiline,none,-1,False,stationary,10.09,110.87,False,True
600,20.0,763,person,0.7198,1637,235,1648,254,1642.5,244.5,multiline,none,-1,False,stationary,0.57,6.24,False,True
600,20.0,883,car,0.483,1115,600,1281,666,1198.0,633.0,multiline,none,-1,False,stationary,7.74,85.11,False,True
600,20.0,672,car,0.8909,651,562,801,635,726.0,598.5,multiline,none,-1,False,recently_moving,4.56,50.14,True,True
600,20.0,463,truck,0.9469,80,447,435,599,257.5,523.0,multiline,none,-1,False,stationary,9.72,106.88,False,True
601,20.0333,763,person,0.7076,1637,235,1648,254,1642.5,244.5,multiline,none,-1,False,stationary,0.55,5.99,False,True
601,20.0333,883,car,0.7881,1110,599,1273,666,1191.5,632.5,multiline,none,-1,False,stationary,7.59,83.51,False,True
601,20.0333,672,car,0.8693,642,561,794,634,718.0,597.5,multiline,none,-1,False,recently_moving,5.04,55.43,True,True
601,20.0333,463,truck,0.9473,75,446,429,600,252.0,523.0,multiline,none,-1,False,stationary,9.17,100.79,False,True
602,20.0667,763,person,0.7333,1638,235,1649,254,1643.5,244.5,multiline,none,-1,False,stationary,0.56,6.16,False,True
602,20.0667,883,car,0.6945,1106,599,1265,666,1185.5,632.5,multiline,none,-1,False,stationary,7.44,81.79,False,True
602,20.0667,672,car,0.8628,633,561,788,633,710.5,597.0,multiline,none,-1,False,recently_moving,5.55,61.0,True,True
602,20.0667,463,truck,0.9206,70,446,423,599,246.5,522.5,multiline,none,-1,False,stationary,8.56,94.05,False,True
603,20.1,763,person,0.7547,1638,235,1649,254,1643.5,244.5,multiline,none,-1,False,stationary,0.56,6.12,False,True
603,20.1,883,car,0.7215,1098,597,1258,666,1178.0,631.5,multiline,none,-1,False,stationary,7.32,80.48,False,True
603,20.1,672,car,0.8018,625,560,781,633,703.0,596.5,multiline,none,-1,False,recently_moving,6.07,66.69,True,True
603,20.1,463,truck,0.91,64,445,417,596,240.5,520.5,multiline,none,-1,False,stationary,8.02,88.08,False,True
604,20.1333,763,person,0.7556,1638,235,1650,254,1644.0,244.5,multiline,none,-1,False,stationary,0.54,5.9,False,True
604,20.1333,883,car,0.5178,1089,596,1250,666,1169.5,631.0,multiline,none,-1,False,stationary,7.26,79.82,False,True
604,20.1333,672,car,0.7099,618,560,775,633,696.5,596.5,multiline,none,-1,False,recently_moving,6.57,72.3,True,True
604,20.1333,463,truck,0.9132,59,444,411,594,235.0,519.0,multiline,none,-1,False,stationary,7.53,82.64,False,True
605,20.1667,763,person,0.7588,1638,235,1650,254,1644.0,244.5,multiline,none,-1,False,stationary,0.51,5.58,False,True
605,20.1667,883,car,0.6672,1081,596,1242,666,1161.5,631.0,multiline,none,-1,False,stationary,7.23,79.56,False,True
605,20.1667,672,car,0.6157,612,560,769,633,690.5,596.5,multiline,none,-1,False,recently_moving,7.03,77.33,True,True
605,20.1667,463,truck,0.9116,54,444,406,591,230.0,517.5,multiline,none,-1,False,stationary,7.09,77.72,False,True
606,20.2,763,person,0.7264,1638,235,1651,254,1644.5,244.5,multiline,none,-1,False,stationary,0.47,5.18,False,True
606,20.2,883,car,0.6412,1074,596,1235,666,1154.5,631.0,multiline,none,-1,False,stationary,7.2,79.22,False,True
606,20.2,672,car,0.465,605,559,762,632,683.5,595.5,multiline,none,-1,False,recently_moving,7.32,80.46,True,True
606,20.2,463,truck,0.9218,49,444,401,589,225.0,516.5,multiline,none,-1,False,stationary,6.7,73.34,False,True
607,20.2333,763,person,0.7085,1638,235,1651,254,1644.5,244.5,multiline,none,-1,False,stationary,0.45,4.94,False,True
607,20.2333,883,car,0.388,1068,596,1227,666,1147.5,631.0,multiline,none,-1,False,stationary,7.18,78.99,False,True
607,20.2333,463,truck,0.9122,43,443,395,587,219.0,515.0,multiline,none,-1,False,stationary,6.39,69.83,False,True
608,20.2667,763,person,0.6903,1638,235,1652,254,1645.0,244.5,multiline,none,-1,False,stationary,0.42,4.6,False,True
608,20.2667,883,car,0.3658,1060,596,1219,665,1139.5,630.5,multiline,none,-1,False,stationary,7.2,79.2,False,True
608,20.2667,463,truck,0.9145,38,443,389,586,213.5,514.5,multiline,none,-1,False,stationary,6.17,67.44,False,True
608,20.2667,920,car,0.8229,1869,635,1919,696,1894.0,665.5,multiline,none,-1,False,insufficient_data,0.0,0.0,False,True
609,20.3,763,person,0.7148,1639,235,1652,254,1645.5,244.5,multiline,none,-1,False,stationary,0.4,4.4,False,True
609,20.3,883,car,0.5971,1050,596,1212,665,1131.0,630.5,multiline,none,-1,False,stationary,7.26,79.84,False,True
609,20.3,463,truck,0.9098,33,442,383,585,208.0,513.5,multiline,none,-1,False,stationary,5.99,65.58,False,True
609,20.3,920,car,0.8897,1867,634,1919,697,1893.0,665.5,multiline,none,-1,False,insufficient_data,0.0,0.0,False,True
610,20.3333,763,person,0.612,1639,235,1653,254,1646.0,244.5,multiline,none,-1,False,stationary,0.4,4.4,False,True
610,20.3333,463,truck,0.9084,28,442,378,585,203.0,513.5,multiline,none,-1,False,stationary,5.85,64.1,False,True
610,20.3333,920,car,0.894,1863,633,1919,698,1891.0,665.5,multiline,none,-1,False,insufficient_data,0.0,0.0,False,True
611,20.3667,763,person,0.5118,1640,235,1653,254,1646.5,244.5,multiline,none,-1,False,stationary,0.39,4.25,False,True
611,20.3667,463,truck,0.8871,23,442,372,585,197.5,513.5,multiline,none,-1,False,stationary,5.74,62.93,False,True
611,20.3667,920,car,0.8959,1858,632,1919,700,1888.5,666.0,multiline,none,-1,False,insufficient_data,0.0,0.0,False,True
612,20.4,763,person,0.5419,1641,235,1654,254,1647.5,244.5,multiline,none,-1,False,stationary,0.41,4.51,False,True
612,20.4,463,truck,0.9041,18,442,365,586,191.5,514.0,multiline,none,-1,False,stationary,5.68,62.32,False,True
612,20.4,920,car,0.9122,1852,630,1919,701,1885.5,665.5,multiline,none,-1,False,recently_moving,1.19,4.76,True,True
613,20.4333,763,person,0.4403,1642,235,1654,254,1648.0,244.5,multiline,none,-1,False,stationary,0.41,4.53,False,True
613,20.4333,463,truck,0.9102,14,441,359,586,186.5,513.5,multiline,none,-1,False,stationary,5.62,61.73,False,True
613,20.4333,920,car,0.9126,1846,628,1919,702,1882.5,665.0,multiline,none,-1,False,recently_moving,1.42,7.1,True,True
614,20.4667,763,person,0.6319,1643,235,1655,254,1649.0,244.5,multiline,none,-1,False,stationary,0.44,4.87,False,True
614,20.4667,463,truck,0.9078,10,441,354,586,182.0,513.5,multiline,none,-1,False,stationary,5.54,60.74,False,True
614,20.4667,920,car,0.9187,1840,625,1919,702,1879.5,663.5,multiline,none,-1,False,recently_moving,1.63,9.7,True,True
615,20.5,763,person,0.6027,1644,235,1656,254,1650.0,244.5,multiline,none,-1,False,stationary,0.48,5.28,False,True
615,20.5,463,truck,0.9101,7,441,348,586,177.5,513.5,multiline,none,-1,False,stationary,5.44,59.67,False,True
615,20.5,920,car,0.9159,1832,623,1919,702,1875.5,662.5,multiline,none,-1,False,recently_moving,1.85,12.84,True,True
616,20.5333,763,person,0.6715,1644,235,1656,254,1650.0,244.5,multiline,none,-1,False,stationary,0.51,5.55,False,True
616,20.5333,463,truck,0.9066,5,440,344,585,174.5,512.5,multiline,none,-1,False,stationary,5.31,58.27,False,True
616,20.5333,920,car,0.9258,1825,622,1919,702,1872.0,662.0,multiline,none,-1,False,recently_moving,2.03,16.12,True,True
617,20.5667,763,person,0.6251,1645,235,1657,254,1651.0,244.5,multiline,none,-1,False,stationary,0.54,5.91,False,True
617,20.5667,463,truck,0.915,4,440,340,585,172.0,512.5,multiline,none,-1,False,stationary,5.14,56.44,False,True
617,20.5667,920,car,0.9208,1817,621,1919,702,1868.0,661.5,multiline,none,-1,False,recently_moving,2.2,19.66,True,True
618,20.6,763,person,0.649,1645,235,1657,254,1651.0,244.5,multiline,none,-1,False,stationary,0.56,6.12,False,True
618,20.6,463,truck,0.8923,3,440,337,584,170.0,512.0,multiline,none,-1,False,stationary,4.9,53.85,False,True
618,20.6,920,car,0.9107,1810,620,1919,702,1864.5,661.0,multiline,none,-1,False,recently_moving,2.33,23.2,True,True
619,20.6333,763,person,0.5989,1646,235,1657,254,1651.5,244.5,multiline,none,-1,False,stationary,0.57,6.27,False,True
619,20.6333,463,truck,0.8553,4,440,335,583,169.5,511.5,multiline,none,-1,False,stationary,4.59,50.42,False,True
619,20.6333,920,car,0.9105,1803,619,1919,702,1861.0,660.5,multiline,none,-1,False,recently_moving,2.44,26.74,True,True
620,20.6667,763,person,0.5075,1646,235,1658,254,1652.0,244.5,multiline,none,-1,False,stationary,0.58,6.36,False,True
620,20.6667,463,truck,0.8142,5,440,332,582,168.5,511.0,multiline,none,-1,False,stationary,4.24,46.61,False,True
620,20.6667,920,car,0.9228,1795,618,1919,701,1857.0,659.5,multiline,none,-1,False,recently_moving,2.75,30.14,True,True
620,20.6667,883,car,0.4019,1026,594,1186,663,1106.0,628.5,multiline,none,-1,False,stationary,7.86,86.4,False,True
621,20.7,763,person,0.4455,1646,235,1658,254,1652.0,244.5,multiline,none,-1,False,stationary,0.57,6.27,False,True
621,20.7,463,truck,0.8414,5,439,329,581,167.0,510.0,multiline,none,-1,False,stationary,3.91,42.91,False,True
621,20.7,920,car,0.9269,1786,618,1919,701,1852.5,659.5,multiline,none,-1,False,recently_moving,3.03,33.18,True,True
622,20.7333,763,person,0.571,1647,235,1659,254,1653.0,244.5,multiline,none,-1,False,stationary,0.58,6.36,False,True
622,20.7333,463,truck,0.8546,4,439,324,580,164.0,509.5,multiline,none,-1,False,stationary,3.62,39.68,False,True
622,20.7333,920,car,0.8957,1778,618,1919,701,1848.5,659.5,multiline,none,-1,False,recently_moving,3.25,35.74,True,True
623,20.7667,763,person,0.4795,1647,235,1659,254,1653.0,244.5,multiline,none,-1,False,stationary,0.55,6.09,False,True
623,20.7667,463,truck,0.8344,3,439,319,579,161.0,509.0,multiline,none,-1,False,stationary,3.34,36.56,False,True
623,20.7667,920,car,0.913,1769,617,1919,701,1844.0,659.0,multiline,none,-1,False,stationary,3.45,37.9,False,True
623,20.7667,883,car,0.5261,1002,593,1162,662,1082.0,627.5,multiline,none,-1,False,stationary,8.8,96.77,False,True
624,20.8,763,person,0.4016,1647,235,1659,254,1653.0,244.5,multiline,none,-1,False,stationary,0.52,5.72,False,True
624,20.8,463,truck,0.7372,2,438,314,577,158.0,507.5,multiline,none,-1,False,stationary,3.1,33.92,False,True
624,20.8,920,car,0.9156,1761,617,1919,702,1840.0,659.5,multiline,none,-1,False,stationary,3.61,39.62,False,True
624,20.8,883,car,0.2691,983,592,1144,661,1063.5,626.5,multiline,none,-1,False,stationary,9.8,107.75,False,True
625,20.8333,763,person,0.4267,1648,235,1660,254,1654.0,244.5,multiline,none,-1,False,stationary,0.5,5.48,False,True
625,20.8333,463,truck,0.7166,1,438,309,576,155.0,507.0,multiline,none,-1,False,stationary,2.9,31.72,False,True
625,20.8333,920,car,0.9139,1753,617,1919,702,1836.0,659.5,multiline,none,-1,False,stationary,3.74,41.01,False,True
625,20.8333,883,car,0.5652,969,591,1130,661,1049.5,626.0,multiline,none,-1,False,stationary,10.7,117.65,False,True
626,20.8667,763,person,0.6298,1649,235,1660,254,1654.5,244.5,multiline,none,-1,False,stationary,0.47,5.16,False,True
626,20.8667,463,truck,0.794,1,437,305,574,153.0,505.5,multiline,none,-1,False,stationary,2.7,29.55,False,True
626,20.8667,920,car,0.9069,1744,616,1919,703,1831.5,659.5,multiline,none,-1,False,stationary,3.83,42.05,False,True
627,20.9,763,person,0.6156,1650,235,1660,254,1655.0,244.5,multiline,none,-1,False,stationary,0.47,5.14,False,True
627,20.9,463,truck,0.683,1,437,300,573,150.5,505.0,multiline,none,-1,False,stationary,2.55,27.96,False,True
627,20.9,920,car,0.9072,1736,616,1919,703,1827.5,659.5,multiline,none,-1,False,stationary,3.91,42.89,False,True
628,20.9333,763,person,0.6422,1651,235,1661,254,1656.0,244.5,multiline,none,-1,False,stationary,0.46,5.09,False,True
628,20.9333,463,truck,0.8216,0,437,295,575,147.5,506.0,multiline,none,-1,False,stationary,2.47,27.04,False,True
628,20.9333,920,car,0.9089,1727,615,1919,704,1823.0,659.5,multiline,none,-1,False,stationary,3.98,43.64,False,True
629,20.9667,763,person,0.6635,1652,235,1661,254,1656.5,244.5,multiline,none,-1,False,stationary,0.48,5.25,False,True
629,20.9667,463,truck,0.841,0,436,289,577,144.5,506.5,multiline,none,-1,False,stationary,2.45,26.7,False,True
629,20.9667,920,car,0.915,1718,615,1919,704,1818.5,659.5,multiline,none,-1,False,stationary,4.05,44.45,False,True
630,21.0,763,person,0.6881,1652,235,1661,254,1656.5,244.5,multiline,none,-1,False,stationary,0.47,5.18,False,True
630,21.0,463,truck,0.7888,0,436,284,579,142.0,507.5,multiline,none,-1,False,stationary,2.49,27.03,False,True
630,21.0,920,car,0.9142,1710,615,1918,703,1814.0,659.0,multiline,none,-1,False,stationary,4.13,45.33,False,True
631,21.0333,763,person,0.669,1652,235,1662,254,1657.0,244.5,multiline,none,-1,False,stationary,0.47,5.13,False,True
631,21.0333,463,truck,0.819,0,436,278,581,139.0,508.5,multiline,none,-1,False,stationary,2.59,27.87,False,True
631,21.0333,920,car,0.9171,1702,614,1915,702,1808.5,658.0,multiline,none,-1,False,stationary,4.23,46.43,False,True
632,21.0667,763,person,0.6378,1653,235,1662,254,1657.5,244.5,multiline,none,-1,False,stationary,0.48,5.27,False,True
632,21.0667,463,truck,0.8981,0,435,272,582,136.0,508.5,multiline,none,-1,False,stationary,2.69,28.93,False,True
632,21.0667,920,car,0.9078,1694,614,1911,702,1802.5,658.0,multiline,none,-1,False,stationary,4.34,47.68,False,True
633,21.1,763,person,0.6354,1653,235,1663,254,1658.0,244.5,multiline,none,-1,False,stationary,0.47,5.18,False,True
633,21.1,463,truck,0.9185,0,435,266,583,133.0,509.0,multiline,none,-1,False,stationary,2.76,29.61,False,True
633,21.1,920,car,0.9187,1686,613,1906,701,1796.0,657.0,multiline,none,-1,False,stationary,4.49,49.38,False,True
634,21.1333,763,person,0.6043,1654,235,1664,254,1659.0,244.5,multiline,none,-1,False,stationary,0.5,5.44,False,True
634,21.1333,463,truck,0.9236,0,435,260,584,130.0,509.5,multiline,none,-1,False,stationary,2.8,30.09,False,True
634,21.1333,920,car,0.8963,1677,613,1900,701,1788.5,657.0,multiline,none,-1,False,stationary,4.69,51.56,False,True
635,21.1667,763,person,0.5924,1654,235,1664,254,1659.0,244.5,multiline,none,-1,False,stationary,0.52,5.67,False,True
635,21.1667,463,truck,0.9331,0,435,254,584,127.0,509.5,multiline,none,-1,False,stationary,2.82,30.36,False,True
635,21.1667,920,car,0.9073,1669,613,1893,701,1781.0,657.0,multiline,none,-1,False,stationary,4.92,54.14,False,True
636,21.2,763,person,0.5304,1654,235,1664,254,1659.0,244.5,multiline,none,-1,False,stationary,0.5,5.45,False,True
636,21.2,463,truck,0.9311,0,434,247,584,123.5,509.0,multiline,none,-1,False,stationary,2.85,30.75,False,True
636,21.2,920,car,0.9034,1660,612,1885,700,1772.5,656.0,multiline,none,-1,False,stationary,5.22,57.44,False,True
637,21.2333,763,person,0.533,1654,235,1664,254,1659.0,244.5,multiline,none,-1,False,stationary,0.47,5.12,False,True
637,21.2333,463,truck,0.91,0,434,241,584,120.5,509.0,multiline,none,-1,False,stationary,2.88,31.41,False,True
637,21.2333,920,car,0.9129,1652,612,1877,700,1764.5,656.0,multiline,none,-1,False,stationary,5.53,60.82,False,True
638,21.2667,763,person,0.613,1654,235,1664,254,1659.0,244.5,multiline,none,-1,False,stationary,0.43,4.73,False,True
638,21.2667,463,truck,0.8902,0,434,234,583,117.0,508.5,multiline,none,-1,False,stationary,2.94,32.2,False,True
638,21.2667,920,car,0.8946,1644,611,1868,699,1756.0,655.0,multiline,none,-1,False,stationary,5.87,64.59,False,True
639,21.3,763,person,0.5517,1654,235,1665,254,1659.5,244.5,multiline,none,-1,False,stationary,0.4,4.34,False,True
639,21.3,463,truck,0.8781,0,434,228,582,114.0,508.0,multiline,none,-1,False,stationary,2.98,32.65,False,True
639,21.3,920,car,0.8923,1636,610,1860,699,1748.0,654.5,multiline,none,-1,False,stationary,6.21,68.25,False,True
640,21.3333,763,person,0.5109,1654,235,1665,254,1659.5,244.5,multiline,none,-1,False,stationary,0.35,3.89,False,True
640,21.3333,463,truck,0.7873,0,433,222,582,111.0,507.5,multiline,none,-1,False,stationary,3.01,32.94,False,True
640,21.3333,920,car,0.8251,1632,609,1851,698,1741.5,653.5,multiline,none,-1,False,stationary,6.49,71.37,False,True
640,21.3333,1034,car,0.682,379,557,513,612,446.0,584.5,multiline,none,-1,False,insufficient_data,0.0,0.0,False,True
640,21.3333,883,car,0.669,929,593,1089,658,1009.0,625.5,multiline,none,-1,False,stationary,12.33,135.63,False,True
641,21.3667,763,person,0.4765,1654,234,1665,254,1659.5,244.0,multiline,none,-1,False,stationary,0.34,3.58,False,True
641,21.3667,463,truck,0.8432,0,433,216,582,108.0,507.5,multiline,none,-1,False,stationary,3.04,33.29,False,True
641,21.3667,920,car,0.5995,1629,609,1841,697,1735.0,653.0,multiline,none,-1,False,stationary,6.74,74.11,False,True
641,21.3667,1039,car,0.5315,804,597,833,641,818.5,619.0,multiline,none,-1,False,insufficient_data,0.0,0.0,False,True
641,21.3667,883,car,0.5141,897,593,1056,655,976.5,624.0,multiline,none,-1,False,stationary,14.16,155.7,False,True
642,21.4,763,person,0.2765,1655,234,1666,254,1660.5,244.0,multiline,none,-1,False,stationary,0.34,3.57,False,True
642,21.4,463,truck,0.7586,0,433,210,581,105.0,507.0,multiline,none,-1,False,stationary,3.06,33.51,False,True
642,21.4,920,car,0.392,1626,608,1832,696,1729.0,652.0,multiline,none,-1,False,stationary,6.92,76.05,False,True
642,21.4,1039,car,0.8092,802,596,833,641,817.5,618.5,multiline,none,-1,False,insufficient_data,0.0,0.0,False,True
643,21.4333,763,person,0.3337,1655,233,1666,254,1660.5,243.5,multiline,none,-1,False,stationary,0.33,3.4,False,True
643,21.4333,463,truck,0.8528,0,433,205,580,102.5,506.5,multiline,none,-1,False,stationary,3.06,33.49,False,True
643,21.4333,920,car,0.2946,1621,607,1823,695,1722.0,651.0,multiline,none,-1,False,stationary,7.07,77.69,False,True
643,21.4333,1039,car,0.7818,799,595,833,641,816.0,618.0,multiline,none,-1,False,insufficient_data,0.0,0.0,False,True
643,21.4333,883,car,0.3812,870,593,1027,652,948.5,622.5,multiline,line_crossed,1,True,moving,15.98,175.78,True,True
644,21.4667,463,truck,0.8583,0,433,199,580,99.5,506.5,multiline,none,-1,False,stationary,3.06,33.49,False,True
644,21.4667,920,car,0.4755,1617,607,1813,695,1715.0,651.0,multiline,none,-1,False,stationary,7.18,78.91,False,True
644,21.4667,1039,car,0.8213,795,594,833,641,814.0,617.5,multiline,none,-1,False,insufficient_data,0.0,0.0,False,True
645,21.5,463,truck,0.8755,0,432,194,579,97.0,505.5,multiline,none,-1,False,stationary,3.04,33.36,False,True
645,21.5,920,car,0.5819,1613,606,1804,694,1708.5,650.0,multiline,none,-1,False,stationary,7.22,79.38,False,True
645,21.5,1039,car,0.8162,791,592,833,641,812.0,616.5,multiline,none,-1,False,recently_moving,1.01,4.04,True,True
645,21.5,1034,car,0.4916,378,552,513,610,445.5,581.0,multiline,none,-1,False,insufficient_data,0.0,0.0,False,True
645,21.5,763,person,0.3653,1656,233,1667,254,1661.5,243.5,multiline,none,-1,False,stationary,0.34,3.47,False,True
646,21.5333,463,truck,0.8182,0,432,189,577,94.5,504.5,multiline,none,-1,False,stationary,3.02,33.17,False,True
646,21.5333,1039,car,0.8254,785,590,833,641,809.0,615.5,multiline,none,-1,False,recently_moving,1.24,6.17,True,True
646,21.5333,1034,car,0.4543,377,548,513,609,445.0,578.5,multiline,none,-1,False,insufficient_data,0.0,0.0,False,True
646,21.5333,763,person,0.3652,1657,233,1668,254,1662.5,243.5,multiline,none,-1,False,stationary,0.34,3.54,False,True
647,21.5667,463,truck,0.8363,0,432,185,576,92.5,504.0,multiline,none,-1,False,stationary,2.97,32.54,False,True
647,21.5667,1039,car,0.774,780,588,833,640,806.5,614.0,multiline,none,-1,False,recently_moving,1.43,8.58,True,True
647,21.5667,763,person,0.3354,1658,233,1669,254,1663.5,243.5,multiline,none,-1,False,stationary,0.37,3.89,False,True
648,21.6,463,truck,0.7989,0,431,181,574,90.5,502.5,multiline,none,-1,False,stationary,2.91,31.85,False,True
648,21.6,1039,car,0.8607,774,586,833,640,803.5,613.0,multiline,none,-1,False,recently_moving,1.61,11.23,True,True
648,21.6,763,person,0.3827,1658,233,1670,254,1664.0,243.5,multiline,none,-1,False,stationary,0.41,4.32,False,True
649,21.6333,463,truck,0.8373,0,431,177,573,88.5,502.0,multiline,none,-1,False,stationary,2.83,30.96,False,True
649,21.6333,1039,car,0.8162,768,584,833,640,800.5,612.0,multiline,none,-1,False,recently_moving,1.76,14.09,True,True
649,21.6333,763,person,0.3612,1659,233,1670,254,1664.5,243.5,multiline,none,-1,False,stationary,0.45,4.76,False,True
650,21.6667,463,truck,0.8672,0,431,173,573,86.5,502.0,multiline,none,-1,False,stationary,2.74,29.98,False,True
650,21.6667,1039,car,0.8111,763,583,832,640,797.5,611.5,multiline,none,-1,False,recently_moving,1.89,16.97,True,True
650,21.6667,763,person,0.4604,1659,233,1670,254,1664.5,243.5,multiline,none,-1,False,stationary,0.48,5.05,False,True
651,21.7,463,truck,0.8747,0,431,169,572,84.5,501.5,multiline,none,-1,False,stationary,2.65,29.01,False,True
651,21.7,1039,car,0.816,758,582,832,639,795.0,610.5,multiline,none,-1,False,recently_moving,1.98,19.8,True,True
651,21.7,763,person,0.5528,1660,233,1670,254,1665.0,243.5,multiline,none,-1,False,stationary,0.49,5.25,False,True
652,21.7333,463,truck,0.8955,0,431,166,572,83.0,501.5,multiline,none,-1,False,stationary,2.54,27.86,False,True
652,21.7333,1039,car,0.8053,753,580,832,639,792.5,609.5,multiline,none,-1,False,recently_moving,2.05,22.57,True,True
652,21.7333,763,person,0.4566,1660,233,1670,254,1665.0,243.5,multiline,none,-1,False,stationary,0.5,5.39,False,True
652,21.7333,1069,car,0.6121,288,546,430,605,359.0,575.5,multiline,none,-1,False,insufficient_data,0.0,0.0,False,True
653,21.7667,463,truck,0.8815,0,431,163,572,81.5,501.5,multiline,none,-1,False,stationary,2.43,26.58,False,True
653,21.7667,1039,car,0.7642,750,579,832,639,791.0,609.0,multiline,none,-1,False,recently_moving,2.23,24.56,True,True
653,21.7667,763,person,0.4233,1660,233,1671,254,1665.5,243.5,multiline,none,-1,False,stationary,0.52,5.6,False,True
653,21.7667,1069,car,0.8172,286,545,430,604,358.0,574.5,multiline,none,-1,False,insufficient_data,0.0,0.0,False,True
654,21.8,463,truck,0.9009,0,431,160,572,80.0,501.5,multiline,none,-1,False,stationary,2.31,25.35,False,True
654,21.8,1039,car,0.7193,747,578,832,639,789.5,608.5,multiline,none,-1,False,recently_moving,2.35,25.83,True,True
654,21.8,763,person,0.4015,1660,233,1671,254,1665.5,243.5,multiline,none,-1,False,stationary,0.5,5.41,False,True
654,21.8,1069,car,0.7605,284,544,429,604,356.5,574.0,multiline,none,-1,False,insufficient_data,0.0,0.0,False,True
655,21.8333,463,truck,0.8994,0,431,157,572,78.5,501.5,multiline,none,-1,False,stationary,2.2,24.07,False,True
655,21.8333,1039,car,0.662,744,577,833,639,788.5,608.0,multiline,none,-1,False,recently_moving,2.4,26.36,True,True
655,21.8333,763,person,0.3582,1660,233,1671,254,1665.5,243.5,multiline,none,-1,False,stationary,0.48,5.24,False,True
655,21.8333,1069,car,0.8653,280,543,427,604,353.5,573.5,multiline,none,-1,False,insufficient_data,0.0,0.0,False,True
656,21.8667,463,truck,0.8563,0,431,154,572,77.0,501.5,multiline,none,-1,False,stationary,2.08,22.8,False,True
656,21.8667,1039,car,0.7726,742,579,833,639,787.5,609.0,multiline,none,-1,False,stationary,2.38,26.12,False,True
656,21.8667,763,person,0.3156,1661,233,1672,254,1666.5,243.5,multiline,none,-1,False,stationary,0.47,5.16,False,True
656,21.8667,1069,car,0.897,276,543,424,603,350.0,573.0,multiline,none,-1,False,recently_moving,1.32,5.18,True,True
657,21.9,463,truck,0.7846,0,430,151,571,75.5,500.5,multiline,none,-1,False,stationary,1.98,21.65,False,True
657,21.9,1039,car,0.8107,740,581,833,640,786.5,610.5,multiline,none,-1,False,stationary,2.31,25.05,False,True
657,21.9,763,person,0.3417,1661,233,1672,254,1666.5,243.5,multiline,none,-1,False,stationary,0.43,4.74,False,True
657,21.9,1069,car,0.886,273,542,421,602,347.0,572.0,multiline,none,-1,False,recently_moving,1.57,7.77,True,True
658,21.9333,463,truck,0.8178,0,430,147,570,73.5,500.0,multiline,none,-1,False,stationary,1.91,20.89,False,True
658,21.9333,1039,car,0.8023,739,581,833,640,786.0,610.5,multiline,none,-1,False,stationary,2.19,23.54,False,True
658,21.9333,763,person,0.4387,1662,233,1673,254,1667.5,243.5,multiline,none,-1,False,stationary,0.41,4.47,False,True
658,21.9333,1069,car,0.8922,270,541,417,602,343.5,571.5,multiline,none,-1,False,recently_moving,1.8,10.68,True,True
659,21.9667,463,truck,0.8718,0,430,143,570,71.5,500.0,multiline,none,-1,False,stationary,1.85,20.31,False,True
659,21.9667,1039,car,0.75,736,580,833,640,784.5,610.0,multiline,none,-1,False,stationary,2.05,22.05,False,True
659,21.9667,763,person,0.4824,1663,233,1674,254,1668.5,243.5,multiline,none,-1,False,stationary,0.41,4.46,False,True
659,21.9667,1069,car,0.8265,267,541,412,601,339.5,571.0,multiline,none,-1,False,recently_moving,2.01,13.97,True,True
660,22.0,463,truck,0.8714,0,430,139,570,69.5,500.0,multiline,none,-1,False,stationary,1.81,19.85,False,True
660,22.0,1039,car,0.8486,733,578,832,640,782.5,609.0,multiline,none,-1,False,stationary,1.93,20.69,False,True
660,22.0,763,person,0.4989,1663,233,1675,254,1669.0,243.5,multiline,none,-1,False,stationary,0.41,4.5,False,True
660,22.0,1069,car,0.7998,265,540,408,600,336.5,570.0,multiline,none,-1,False,recently_moving,2.16,17.18,True,True
661,22.0333,463,truck,0.818,0,430,135,570,67.5,500.0,multiline,none,-1,False,stationary,1.79,19.6,False,True
661,22.0333,1039,car,0.8479,729,577,831,640,780.0,608.5,multiline,none,-1,False,stationary,1.83,19.68,False,True
661,22.0333,763,person,0.5668,1664,233,1676,254,1670.0,243.5,multiline,none,-1,False,stationary,0.44,4.84,False,True
661,22.0333,1069,car,0.6308,264,541,394,599,329.0,570.0,multiline,none,-1,False,recently_moving,2.44,21.85,True,True
662,22.0667,463,truck,0.8369,0,430,130,568,65.0,499.0,multiline,none,-1,False,stationary,1.79,19.63,False,True
662,22.0667,1039,car,0.8495,725,576,828,639,776.5,607.5,multiline,none,-1,False,stationary,1.8,19.35,False,True
662,22.0667,763,person,0.5706,1665,233,1677,254,1671.0,243.5,multiline,none,-1,False,stationary,0.48,5.24,False,True
662,22.0667,1069,car,0.5136,262,542,379,599,320.5,570.5,multiline,none,-1,False,recently_moving,2.8,27.77,True,True
663,22.1,463,truck,0.8399,0,430,125,566,62.5,498.0,multiline,none,-1,False,stationary,1.83,20.04,False,True
663,22.1,1039,car,0.8258,722,575,824,639,773.0,607.0,multiline,none,-1,False,stationary,1.81,19.46,False,True
663,22.1,763,person,0.5856,1665,233,1677,254,1671.0,243.5,multiline,none,-1,False,stationary,0.5,5.5,False,True
663,22.1,1069,car,0.6604,261,543,366,598,313.5,570.5,multiline,none,-1,False,recently_moving,3.12,34.07,True,True
664,22.1333,463,truck,0.8708,0,430,121,563,60.5,496.5,multiline,none,-1,False,stationary,1.88,20.55,False,True
664,22.1333,1039,car,0.8396,720,575,820,638,770.0,606.5,multiline,none,-1,False,stationary,1.86,20.03,False,True
664,22.1333,763,person,0.554,1666,233,1677,254,1671.5,243.5,multiline,none,-1,False,stationary,0.52,5.69,False,True
664,22.1333,1069,car,0.443,258,543,357,597,307.5,570.0,multiline,none,-1,False,recently_moving,3.64,39.86,True,True
665,22.1667,463,truck,0.8717,0,430,116,561,58.0,495.5,multiline,none,-1,False,stationary,1.96,21.34,False,True
665,22.1667,1039,car,0.8176,719,574,815,638,767.0,606.0,multiline,none,-1,False,stationary,1.94,20.96,False,True
665,22.1667,763,person,0.6637,1666,233,1678,254,1672.0,243.5,multiline,none,-1,False,stationary,0.54,5.96,False,True
665,22.1667,1069,car,0.3906,256,543,350,597,303.0,570.0,multiline,none,-1,False,recently_moving,4.08,44.69,True,True
666,22.2,463,truck,0.8783,0,430,111,559,55.5,494.5,multiline,none,-1,False,stationary,2.04,22.23,False,True
666,22.2,1039,car,0.7593,718,573,809,637,763.5,605.0,multiline,none,-1,False,stationary,2.07,22.4,False,True
666,22.2,763,person,0.6862,1667,233,1678,254,1672.5,243.5,multiline,none,-1,False,stationary,0.58,6.36,False,True
666,22.2,1069,car,0.482,254,542,345,598,299.5,570.0,multiline,none,-1,False,recently_moving,4.38,47.95,True,True
667,22.2333,463,truck,0.8456,0,430,106,559,53.0,494.5,multiline,none,-1,False,stationary,2.12,23.17,False,True
667,22.2333,1039,car,0.2826,718,573,803,636,760.5,604.5,multiline,none,-1,False,stationary,2.22,24.11,False,True
667,22.2333,763,person,0.6982,1667,233,1679,254,1673.0,243.5,multiline,none,-1,False,stationary,0.58,6.42,False,True
667,22.2333,1069,car,0.6056,252,540,340,599,296.0,569.5,multiline,none,-1,False,stationary,4.57,50.08,False,True
667,22.2333,883,car,0.8256,810,587,966,648,888.0,617.5,multiline,none,-1,False,moving,18.87,207.58,True,True
668,22.2667,463,truck,0.8172,0,430,100,559,50.0,494.5,multiline,none,-1,False,stationary,2.22,24.22,False,True
668,22.2667,763,person,0.6469,1667,233,1679,254,1673.0,243.5,multiline,none,-1,False,stationary,0.59,6.45,False,True
668,22.2667,1069,car,0.7176,250,538,338,599,294.0,568.5,multiline,none,-1,False,stationary,4.66,51.14,False,True
668,22.2667,883,car,0.8351,763,583,919,644,841.0,613.5,multiline,none,-1,False,moving,22.04,242.36,True,True
669,22.3,463,truck,0.7465,0,430,95,559,47.5,494.5,multiline,none,-1,False,stationary,2.29,24.98,False,True
669,22.3,763,person,0.5511,1667,233,1679,254,1673.0,243.5,multiline,none,-1,False,stationary,0.56,6.18,False,True
669,22.3,1069,car,0.6594,249,535,336,600,292.5,567.5,multiline,none,-1,False,stationary,4.66,51.09,False,True
669,22.3,883,car,0.6747,730,580,882,640,806.0,610.0,multiline,none,-1,False,moving,24.95,274.39,True,True
670,22.3333,463,truck,0.7562,0,430,89,559,44.5,494.5,multiline,none,-1,False,stationary,2.37,25.84,False,True
670,22.3333,763,person,0.6079,1666,233,1680,254,1673.0,243.5,multiline,none,-1,False,stationary,0.51,5.62,False,True
670,22.3333,1069,car,0.8053,247,532,336,600,291.5,566.0,multiline,none,-1,False,stationary,4.57,50.06,False,True
670,22.3333,883,car,0.8126,701,578,852,637,776.5,607.5,multiline,none,-1,False,moving,27.52,302.64,True,True
671,22.3667,463,truck,0.8165,0,430,84,559,42.0,494.5,multiline,none,-1,False,stationary,2.44,26.62,False,True
671,22.3667,763,person,0.5657,1666,233,1680,254,1673.0,243.5,multiline,none,-1,False,stationary,0.46,5.05,False,True
671,22.3667,1069,car,0.5173,246,531,333,599,289.5,565.0,multiline,none,-1,False,stationary,4.5,49.09,False,True
671,22.3667,883,car,0.5344,678,577,828,635,753.0,606.0,multiline,none,-1,False,moving,29.14,320.49,True,True
672,22.4,463,truck,0.708,0,430,80,559,40.0,494.5,multiline,none,-1,False,stationary,2.49,27.11,False,True
672,22.4,763,person,0.6374,1667,233,1681,254,1674.0,243.5,multiline,none,-1,False,stationary,0.43,4.69,False,True
672,22.4,1069,car,0.7614,245,530,330,597,287.5,563.5,multiline,none,-1,False,stationary,4.28,46.57,False,True
672,22.4,883,car,0.3022,658,576,809,633,733.5,604.5,multiline,none,-1,False,moving,30.06,330.55,True,True
673,22.4333,463,truck,0.3192,0,429,72,556,36.0,492.5,multiline,none,-1,False,stationary,2.57,28.0,False,True
673,22.4333,763,person,0.7279,1667,233,1681,254,1674.0,243.5,multiline,none,-1,False,stationary,0.37,4.12,False,True
673,22.4333,1069,car,0.7162,245,530,326,596,285.5,563.0,multiline,none,-1,False,stationary,3.94,42.74,False,True
674,22.4667,463,truck,0.298,0,429,65,552,32.5,490.5,multiline,none,-1,False,stationary,2.67,29.03,False,True
674,22.4667,763,person,0.6308,1667,233,1682,254,1674.5,243.5,multiline,none,-1,False,stationary,0.35,3.89,False,True
674,22.4667,1069,car,0.7702,244,530,322,594,283.0,562.0,multiline,none,-1,False,stationary,3.58,38.81,False,True
675,22.5,763,person,0.7065,1668,233,1683,253,1675.5,243.0,multiline,none,-1,False,stationary,0.36,3.92,False,True
675,22.5,1069,car,0.7282,244,529,318,593,281.0,561.0,multiline,none,-1,False,stationary,3.23,34.95,False,True
676,22.5333,763,person,0.6652,1669,233,1683,253,1676.0,243.0,multiline,none,-1,False,stationary,0.36,3.97,False,True
676,22.5333,1069,car,0.7555,243,529,313,592,278.0,560.5,multiline,none,-1,False,stationary,2.95,32.0,False,True
677,22.5667,763,person,0.5465,1669,233,1683,253,1676.0,243.0,multiline,none,-1,False,stationary,0.35,3.78,False,True
677,22.5667,1069,car,0.7997,243,529,309,591,276.0,560.0,multiline,none,-1,False,stationary,2.73,29.71,False,True
678,22.6,763,person,0.5181,1670,233,1684,253,1677.0,243.0,multiline,none,-1,False,stationary,0.35,3.83,False,True
678,22.6,1069,car,0.6965,243,529,304,589,273.5,559.0,multiline,none,-1,False,stationary,2.56,27.98,False,True
678,22.6,1083,car,0.7673,1286,596,1479,682,1382.5,639.0,multiline,none,-1,False,insufficient_data,0.0,0.0,False,True
678,22.6,1084,car,0.4838,136,530,291,587,213.5,558.5,multiline,none,-1,False,insufficient_data,0.0,0.0,False,True
679,22.6333,763,person,0.6475,1671,233,1684,253,1677.5,243.0,multiline,none,-1,False,stationary,0.37,4.08,False,True
679,22.6333,1069,car,0.5822,243,529,299,588,271.0,558.5,multiline,none,-1,False,stationary,2.46,26.96,False,True
679,22.6333,1083,car,0.7526,1284,595,1478,681,1381.0,638.0,multiline,none,-1,False,insufficient_data,0.0,0.0,False,True
679,22.6333,1084,car,0.5693,135,530,289,586,212.0,558.0,multiline,none,-1,False,insufficient_data,0.0,0.0,False,True
679,22.6333,1085,car,0.758,0,575,30,623,15.0,599.0,multiline,none,-1,False,insufficient_data,0.0,0.0,False,True
680,22.6667,763,person,0.5996,1672,233,1685,253,1678.5,243.0,multiline,none,-1,False,stationary,0.41,4.52,False,True
680,22.6667,1069,car,0.2645,243,529,294,585,268.5,557.0,multiline,none,-1,False,stationary,2.44,26.74,False,True
680,22.6667,1083,car,0.7463,1280,595,1475,680,1377.5,637.5,multiline,none,-1,False,insufficient_data,0.0,0.0,False,True
680,22.6667,1084,car,0.6021,132,529,287,584,209.5,556.5,multiline,none,-1,False,insufficient_data,0.0,0.0,False,True
680,22.6667,1085,car,0.7039,0,574,32,623,16.0,598.5,multiline,none,-1,False,insufficient_data,0.0,0.0,False,True
681,22.7,763,person,0.4605,1673,233,1686,253,1679.5,243.0,multiline,none,-1,False,stationary,0.47,5.19,False,True
681,22.7,1083,car,0.8713,1275,594,1469,679,1372.0,636.5,multiline,none,-1,False,insufficient_data,0.0,0.0,False,True
681,22.7,1084,car,0.5534,129,529,283,583,206.0,556.0,multiline,none,-1,False,insufficient_data,0.0,0.0,False,True
681,22.7,1085,car,0.9087,0,573,37,624,18.5,598.5,multiline,none,-1,False,insufficient_data,0.0,0.0,False,True
682,22.7333,763,person,0.522,1674,233,1686,253,1680.0,243.0,multiline,none,-1,False,stationary,0.53,5.8,False,True
682,22.7333,1083,car,0.8635,1269,594,1462,678,1365.5,636.0,multiline,none,-1,False,recently_moving,2.37,9.44,True,True
682,22.7333,1084,car,0.6695,126,530,279,583,202.5,556.5,multiline,none,-1,False,recently_moving,1.65,6.51,True,True
682,22.7333,1085,car,0.9216,0,571,45,626,22.5,598.5,multiline,none,-1,False,insufficient_data,0.0,0.0,False,True
683,22.7667,763,person,0.6299,1674,233,1687,253,1680.5,243.0,multiline,none,-1,False,stationary,0.55,6.02,False,True
683,22.7667,1083,car,0.8628,1262,593,1454,677,1358.0,635.0,multiline,none,-1,False,recently_moving,2.98,14.83,True,True
683,22.7667,1084,car,0.7912,121,531,275,584,198.0,557.5,multiline,none,-1,False,recently_moving,1.96,9.63,True,True
683,22.7667,1085,car,0.9088,0,569,54,628,27.0,598.5,multiline,none,-1,False,recently_moving,1.64,6.53,True,True
684,22.8,763,person,0.584,1675,233,1687,253,1681.0,243.0,multiline,none,-1,False,stationary,0.58,6.33,False,True
684,22.8,1083,car,0.806,1255,593,1446,676,1350.5,634.5,multiline,none,-1,False,recently_moving,3.51,20.95,True,True
684,22.8,1085,car,0.9072,0,568,65,630,32.5,599.0,multiline,none,-1,False,recently_moving,2.08,10.36,True,True
685,22.8333,763,person,0.5927,1675,233,1688,253,1681.5,243.0,multiline,none,-1,False,stationary,0.6,6.56,False,True
685,22.8333,1083,car,0.8161,1248,592,1441,675,1344.5,633.5,multiline,none,-1,False,recently_moving,3.88,27.07,True,True
685,22.8333,1085,car,0.9052,0,567,76,632,38.0,599.5,multiline,none,-1,False,recently_moving,2.47,14.77,True,True
685,22.8333,1087,car,0.477,99,534,166,585,132.5,559.5,multiline,none,-1,False,insufficient_data,0.0,0.0,False,True
686,22.8667,763,person,0.5522,1676,233,1688,253,1682.0,243.0,multiline,none,-1,False,stationary,0.59,6.5,False,True
686,22.8667,1083,car,0.7551,1240,592,1437,675,1338.5,633.5,multiline,none,-1,False,recently_moving,4.15,33.11,True,True
686,22.8667,1085,car,0.8991,0,566,88,634,44.0,600.0,multiline,none,-1,False,recently_moving,2.83,19.75,True,True
686,22.8667,1087,car,0.5769,98,533,165,584,131.5,558.5,multiline,none,-1,False,insufficient_data,0.0,0.0,False,True
687,22.9,763,person,0.5697,1676,232,1689,253,1682.5,242.5,multiline,none,-1,False,stationary,0.59,6.48,False,True
687,22.9,1083,car,0.6274,1232,591,1434,674,1333.0,632.5,multiline,none,-1,False,recently_moving,4.34,39.0,True,True
687,22.9,1085,car,0.9362,0,566,100,635,50.0,600.5,multiline,none,-1,False,recently_moving,3.15,25.09,True,True
687,22.9,1087,car,0.7403,95,533,165,584,130.0,558.5,multiline,none,-1,False,insufficient_data,0.0,0.0,False,True
688,22.9333,763,person,0.6037,1676,232,1690,253,1683.0,242.5,multiline,none,-1,False,stationary,0.61,6.67,False,True
688,22.9333,1083,car,0.8767,1224,591,1424,673,1324.0,632.0,multiline,none,-1,False,recently_moving,4.61,45.97,True,True
688,22.9333,1085,car,0.9145,0,567,111,637,55.5,602.0,multiline,none,-1,False,recently_moving,3.4,30.51,True,True
688,22.9333,1087,car,0.7644,92,532,164,583,128.0,557.5,multiline,none,-1,False,insufficient_data,0.0,0.0,False,True
689,22.9667,763,person,0.6586,1676,232,1690,253,1683.0,242.5,multiline,none,-1,False,stationary,0.59,6.44,False,True
689,22.9667,1083,car,0.8764,1215,591,1413,672,1314.0,631.5,multiline,none,-1,False,recently_moving,4.92,54.0,True,True
689,22.9667,1085,car,0.9149,0,567,122,639,61.0,603.0,multiline,none,-1,False,recently_moving,3.61,35.98,True,True
689,22.9667,1087,car,0.7694,89,532,164,582,126.5,557.0,multiline,none,-1,False,recently_moving,0.98,3.89,True,True
690,23.0,763,person,0.5542,1677,232,1691,253,1684.0,242.5,multiline,none,-1,False,stationary,0.59,6.46,False,True
690,23.0,1083,car,0.8751,1207,591,1402,671,1304.5,631.0,multiline,none,-1,False,recently_moving,5.64,61.99,True,True
690,23.0,1085,car,0.89,1,568,131,640,66.0,604.0,multiline,none,-1,False,recently_moving,3.77,41.31,True,True
690,23.0,1087,car,0.7484,84,532,163,581,123.5,556.5,multiline,none,-1,False,recently_moving,1.18,5.83,True,True
691,23.0333,763,person,0.5063,1677,232,1691,253,1684.0,242.5,multiline,none,-1,False,stationary,0.56,6.12,False,True
691,23.0333,1083,car,0.8758,1199,591,1391,671,1295.0,631.0,multiline,none,-1,False,recently_moving,6.3,69.25,True,True
691,23.0333,1085,car,0.8795,4,570,137,641,70.5,605.5,multiline,none,-1,False,recently_moving,4.2,46.07,True,True
691,23.0333,1087,car,0.8033,80,531,163,580,121.5,555.5,multiline,none,-1,False,recently_moving,1.32,7.87,True,True
692,23.0667,763,person,0.4467,1678,232,1691,253,1684.5,242.5,multiline,none,-1,False,stationary,0.52,5.74,False,True
692,23.0667,1083,car,0.88,1190,591,1381,671,1285.5,631.0,multiline,none,-1,False,recently_moving,6.85,75.34,True,True
692,23.0667,1085,car,0.8663,10,571,140,642,75.0,606.5,multiline,none,-1,False,recently_moving,4.55,49.91,True,True
692,23.0667,1087,car,0.8106,75,531,163,580,119.0,555.5,multiline,none,-1,False,recently_moving,1.44,10.03,True,True
693,23.1,763,person,0.608,1679,232,1692,253,1685.5,242.5,multiline,none,-1,False,stationary,0.52,5.64,False,True
693,23.1,1083,car,0.8991,1182,591,1371,671,1276.5,631.0,multiline,none,-1,False,stationary,7.29,80.17,False,True
693,23.1,1085,car,0.8479,19,572,143,643,81.0,607.5,multiline,none,-1,False,recently_moving,4.84,53.14,True,True
693,23.1,1087,car,0.8128,70,530,162,580,116.0,555.0,multiline,none,-1,False,recently_moving,1.57,12.5,True,True
694,23.1333,763,person,0.5709,1680,232,1692,253,1686.0,242.5,multiline,none,-1,False,stationary,0.51,5.58,False,True
694,23.1333,1083,car,0.9121,1174,591,1361,671,1267.5,631.0,multiline,none,-1,False,stationary,7.63,83.82,False,True
694,23.1333,1085,car,0.7516,29,574,144,643,86.5,608.5,multiline,none,-1,False,stationary,5.07,55.64,False,True
694,23.1333,1087,car,0.7838,65,530,161,580,113.0,555.0,multiline,none,-1,False,recently_moving,1.69,15.12,True,True
695,23.1667,763,person,0.6182,1680,232,1692,253,1686.0,242.5,multiline,none,-1,False,stationary,0.49,5.39,False,True
695,23.1667,1083,car,0.9165,1166,590,1352,671,1259.0,630.5,multiline,none,-1,False,stationary,7.87,86.54,False,True
695,23.1667,1085,car,0.7866,40,576,145,643,92.5,609.5,multiline,none,-1,False,stationary,5.23,57.49,False,True
695,23.1667,1087,car,0.8009,61,529,161,580,111.0,554.5,multiline,none,-1,False,recently_moving,1.77,17.54,True,True
696,23.2,763,person,0.6235,1681,232,1693,253,1687.0,242.5,multiline,none,-1,False,stationary,0.5,5.44,False,True
696,23.2,1083,car,0.9038,1157,590,1342,671,1249.5,630.5,multiline,none,-1,False,stationary,8.14,89.5,False,True
696,23.2,1085,car,0.682,53,578,146,643,99.5,610.5,multiline,none,-1,False,stationary,5.39,59.24,False,True
696,23.2,1087,car,0.8142,56,529,160,580,108.0,554.5,multiline,none,-1,False,recently_moving,1.85,20.14,True,True
697,23.2333,763,person,0.6159,1681,232,1693,253,1687.0,242.5,multiline,none,-1,False,stationary,0.48,5.26,False,True
697,23.2333,1083,car,0.8853,1151,590,1333,670,1242.0,630.0,multiline,none,-1,False,stationary,8.37,92.01,False,True
697,23.2333,1085,car,0.5418,66,580,148,644,107.0,612.0,multiline,none,-1,False,stationary,5.54,60.91,False,True
697,23.2333,1087,car,0.838,51,528,160,580,105.5,554.0,multiline,none,-1,False,recently_moving,2.04,22.35,True,True
697,23.2333,883,car,0.428,604,572,755,630,679.5,601.0,multiline,none,-1,False,moving,31.79,349.59,True,True
698,23.2667,763,person,0.658,1682,232,1693,253,1687.5,242.5,multiline,none,-1,False,stationary,0.47,5.16,False,True
698,23.2667,1083,car,0.9108,1143,589,1324,670,1233.5,629.5,multiline,none,-1,False,stationary,8.61,94.65,False,True
698,23.2667,1087,car,0.8048,45,527,160,581,102.5,554.0,multiline,none,-1,False,recently_moving,2.22,24.28,True,True
699,23.3,763,person,0.639,1682,232,1694,253,1688.0,242.5,multiline,none,-1,False,stationary,0.46,5.1,False,True
699,23.3,1083,car,0.8715,1134,589,1315,670,1224.5,629.5,multiline,none,-1,False,stationary,8.76,96.35,False,True
699,23.3,1087,car,0.8475,40,527,159,582,99.5,554.5,multiline,none,-1,False,recently_moving,2.36,25.79,True,True
700,23.3333,763,person,0.6922,1682,232,1694,253,1688.0,242.5,multiline,none,-1,False,stationary,0.46,5.07,False,True
700,23.3333,1083,car,0.8562,1125,588,1306,669,1215.5,628.5,multiline,none,-1,False,stationary,8.83,97.12,False,True
700,23.3333,1087,car,0.8409,35,525,159,583,97.0,554.0,multiline,none,-1,False,stationary,2.48,27.14,False,True
701,23.3667,763,person,0.6804,1682,232,1695,253,1688.5,242.5,multiline,none,-1,False,stationary,0.44,4.87,False,True
701,23.3667,1083,car,0.7087,1118,588,1297,669,1207.5,628.5,multiline,none,-1,False,stationary,8.83,97.09,False,True
701,23.3667,1087,car,0.9015,30,523,159,583,94.5,553.0,multiline,none,-1,False,stationary,2.54,27.86,False,True
702,23.4,763,person,0.7108,1682,232,1695,253,1688.5,242.5,multiline,none,-1,False,stationary,0.43,4.73,False,True
702,23.4,1083,car,0.7868,1112,588,1288,668,1200.0,628.0,multiline,none,-1,False,stationary,8.76,96.38,False,True
702,23.4,1087,car,0.8956,25,522,158,583,91.5,552.5,multiline,none,-1,False,stationary,2.61,28.67,False,True
703,23.4333,763,person,0.7006,1683,232,1695,253,1689.0,242.5,multiline,none,-1,False,stationary,0.42,4.65,False,True
703,23.4333,1083,car,0.5747,1103,587,1279,668,1191.0,627.5,multiline,none,-1,False,stationary,8.71,95.75,False,True
703,23.4333,1087,car,0.9062,20,520,157,583,88.5,551.5,multiline,none,-1,False,stationary,2.68,29.4,False,True
703,23.4333,1098,car,0.8219,1874,605,1919,681,1896.5,643.0,multiline,none,-1,False,insufficient_data,0.0,0.0,False,True
704,23.4667,763,person,0.6925,1683,232,1696,253,1689.5,242.5,multiline,none,-1,False,stationary,0.4,4.43,False,True
704,23.4667,1083,car,0.7515,1094,587,1270,667,1182.0,627.0,multiline,none,-1,False,stationary,8.67,95.33,False,True
704,23.4667,1087,car,0.914,15,519,155,583,85.0,551.0,multiline,none,-1,False,stationary,2.74,30.04,False,True
704,23.4667,1098,car,0.7514,1872,604,1919,681,1895.5,642.5,multiline,none,-1,False,insufficient_data,0.0,0.0,False,True
705,23.5,763,person,0.6153,1683,232,1696,253,1689.5,242.5,multiline,none,-1,False,stationary,0.37,4.12,False,True
705,23.5,1083,car,0.7515,1085,587,1261,667,1173.0,627.0,multiline,none,-1,False,stationary,8.64,95.06,False,True
705,23.5,1087,car,0.9053,11,518,153,582,82.0,550.0,multiline,none,-1,False,stationary,2.78,30.5,False,True
705,23.5,1098,car,0.7964,1869,603,1919,683,1894.0,643.0,multiline,none,-1,False,insufficient_data,0.0,0.0,False,True
706,23.5333,763,person,0.6313,1684,232,1697,253,1690.5,242.5,multiline,none,-1,False,stationary,0.39,4.24,False,True
706,23.5333,1083,car,0.7016,1077,587,1253,667,1165.0,627.0,multiline,none,-1,False,stationary,8.61,94.73,False,True
706,23.5333,1087,car,0.9071,8,517,151,582,79.5,549.5,multiline,none,-1,False,stationary,2.83,31.0,False,True
706,23.5333,1098,car,0.8478,1865,603,1919,686,1892.0,644.5,multiline,none,-1,False,insufficient_data,0.0,0.0,False,True
707,23.5667,763,person,0.6062,1684,232,1698,253,1691.0,242.5,multiline,none,-1,False,stationary,0.38,4.14,False,True
707,23.5667,1083,car,0.6502,1069,587,1244,667,1156.5,627.0,multiline,none,-1,False,stationary,8.56,94.16,False,True
707,23.5667,1087,car,0.9185,6,516,148,581,77.0,548.5,multiline,none,-1,False,stationary,2.85,31.21,False,True
707,23.5667,1098,car,0.8592,1860,599,1919,688,1889.5,643.5,multiline,none,-1,False,recently_moving,1.03,3.98,True,True
707,23.5667,883,car,0.6063,549,568,698,627,623.5,597.5,multiline,none,-1,False,moving,34.25,376.69,True,True
708,23.6,763,person,0.6583,1684,232,1698,252,1691.0,242.0,multiline,none,-1,False,stationary,0.38,4.12,False,True
708,23.6,1083,car,0.5944,1060,588,1235,667,1147.5,627.5,multiline,none,-1,False,stationary,8.57,94.26,False,True
708,23.6,1087,car,0.9189,4,515,144,581,74.0,548.0,multiline,none,-1,False,stationary,2.87,31.48,False,True
708,23.6,1098,car,0.8317,1855,595,1919,691,1887.0,643.0,multiline,none,-1,False,recently_moving,1.21,5.91,True,True
708,23.6,883,car,0.3902,507,565,654,625,580.5,595.0,multiline,none,-1,False,moving,35.93,395.24,True,True
709,23.6333,763,person,0.6169,1685,232,1699,252,1692.0,242.0,multiline,none,-1,False,stationary,0.39,4.27,False,True
709,23.6333,1083,car,0.6698,1049,589,1226,667,1137.5,628.0,multiline,none,-1,False,stationary,8.63,94.86,False,True
709,23.6333,1087,car,0.9144,3,514,141,581,72.0,547.5,multiline,none,-1,False,stationary,2.86,31.36,False,True
709,23.6333,1098,car,0.8325,1849,590,1919,692,1884.0,641.0,multiline,none,-1,False,recently_moving,1.42,8.22,True,True
710,23.6667,763,person,0.5708,1685,232,1699,252,1692.0,242.0,multiline,none,-1,False,stationary,0.38,4.17,False,True
710,23.6667,1083,car,0.5315,1039,589,1218,667,1128.5,628.0,multiline,none,-1,False,stationary,8.66,95.27,False,True
710,23.6667,1087,car,0.9252,2,513,137,580,69.5,546.5,multiline,none,-1,False,stationary,2.84,31.23,False,True
710,23.6667,1098,car,0.6689,1842,586,1919,693,1880.5,639.5,multiline,none,-1,False,recently_moving,1.63,11.04,True,True
711,23.7,763,person,0.5896,1686,232,1700,252,1693.0,242.0,multiline,none,-1,False,stationary,0.41,4.47,False,True
711,23.7,1083,car,0.363,1028,589,1209,667,1118.5,628.0,multiline,none,-1,False,stationary,8.72,95.87,False,True
711,23.7,1087,car,0.9003,2,512,133,580,67.5,546.0,multiline,none,-1,False,stationary,2.82,30.99,False,True
711,23.7,1098,truck,0.5185,1836,582,1919,694,1877.5,638.0,multiline,none,-1,False,recently_moving,1.81,14.03,True,True
711,23.7,883,car,0.6418,475,562,618,622,546.5,592.0,multiline,none,-1,False,moving,37.08,407.85,True,True
712,23.7333,763,person,0.5683,1687,232,1701,252,1694.0,242.0,multiline,none,-1,False,stationary,0.44,4.85,False,True
712,23.7333,1083,car,0.403,1019,588,1201,666,1110.0,627.0,multiline,none,-1,False,stationary,8.77,96.44,False,True
712,23.7333,1087,car,0.8958,1,512,128,579,64.5,545.5,multiline,none,-1,False,stationary,2.82,30.95,False,True
712,23.7333,1098,truck,0.6429,1829,579,1919,695,1874.0,637.0,multiline,none,-1,False,recently_moving,1.97,17.25,True,True
713,23.7667,763,person,0.6306,1688,232,1701,252,1694.5,242.0,multiline,none,-1,False,stationary,0.48,5.27,False,True
713,23.7667,1087,car,0.8955,1,511,123,578,62.0,544.5,multiline,none,-1,False,stationary,2.8,30.8,False,True
713,23.7667,1098,truck,0.6979,1823,577,1919,695,1871.0,636.0,multiline,none,-1,False,recently_moving,2.1,20.45,True,True
713,23.7667,883,car,0.2725,448,560,588,619,518.0,589.5,multiline,none,-1,False,moving,37.84,416.25,True,True
714,23.8,763,person,0.6008,1689,232,1702,252,1695.5,242.0,multiline,none,-1,False,stationary,0.52,5.71,False,True
714,23.8,1087,car,0.9206,0,511,119,577,59.5,544.0,multiline,none,-1,False,stationary,2.77,30.5,False,True
714,23.8,1098,truck,0.7871,1816,575,1919,695,1867.5,635.0,multiline,none,-1,False,recently_moving,2.21,23.81,True,True
714,23.8,1083,car,0.3305,1009,587,1190,664,1099.5,625.5,multiline,none,-1,False,stationary,8.9,97.86,False,True
715,23.8333,763,person,0.5488,1690,232,1702,252,1696.0,242.0,multiline,none,-1,False,stationary,0.55,6.0,False,True
715,23.8333,1087,car,0.9101,0,510,114,576,57.0,543.0,multiline,none,-1,False,stationary,2.73,30.01,False,True
715,23.8333,1098,truck,0.7441,1809,573,1919,695,1864.0,634.0,multiline,none,-1,False,recently_moving,2.49,26.89,True,True
715,23.8333,1083,car,0.2948,1000,586,1180,664,1090.0,625.0,multiline,none,-1,False,stationary,9.0,98.97,False,True
716,23.8667,763,person,0.5193,1690,232,1702,252,1696.0,242.0,multiline,none,-1,False,stationary,0.57,6.18,False,True
716,23.8667,1087,car,0.9225,0,510,109,575,54.5,542.5,multiline,none,-1,False,stationary,2.68,29.47,False,True
716,23.8667,1098,truck,0.7215,1802,571,1919,694,1860.5,632.5,multiline,none,-1,False,recently_moving,2.75,29.75,True,True
717,23.9,763,person,0.4891,1690,232,1702,252,1696.0,242.0,multiline,none,-1,False,stationary,0.55,5.97,False,True
717,23.9,1087,car,0.9205,0,509,104,574,52.0,541.5,multiline,none,-1,False,stationary,2.65,29.16,False,True
717,23.9,1098,truck,0.8364,1795,570,1919,694,1857.0,632.0,multiline,none,-1,False,recently_moving,2.95,32.31,True,True
717,23.9,1083,car,0.6353,989,585,1168,662,1078.5,623.5,multiline,none,-1,False,stationary,9.15,100.57,False,True
718,23.9333,763,person,0.473,1691,232,1702,252,1696.5,242.0,multiline,none,-1,False,stationary,0.53,5.83,False,True
718,23.9333,1087,car,0.8804,0,509,99,574,49.5,541.5,multiline,none,-1,False,stationary,2.62,28.86,False,True
718,23.9333,1098,truck,0.568,1787,568,1919,694,1853.0,631.0,multiline,none,-1,False,stationary,3.14,34.47,False,True
718,23.9333,1083,car,0.5716,980,584,1158,661,1069.0,622.5,multiline,none,-1,False,stationary,9.26,101.79,False,True
719,23.9667,763,person,0.4966,1691,232,1702,252,1696.5,242.0,multiline,none,-1,False,stationary,0.52,5.72,False,True
719,23.9667,1087,car,0.9096,0,508,94,574,47.0,541.0,multiline,none,-1,False,stationary,2.59,28.51,False,True
719,23.9667,1098,truck,0.8121,1779,567,1919,693,1849.0,630.0,multiline,none,-1,False,stationary,3.32,36.46,False,True
720,24.0,763,person,0.4373,1691,232,1702,252,1696.5,242.0,multiline,none,-1,False,stationary,0.48,5.29,False,True
720,24.0,1087,car,0.9138,0,508,89,573,44.5,540.5,multiline,none,-1,False,stationary,2.59,28.46,False,True
720,24.0,1098,truck,0.8437,1771,566,1919,693,1845.0,629.5,multiline,none,-1,False,stationary,3.45,37.92,False,True
721,24.0333,763,person,0.3443,1692,232,1702,252,1697.0,242.0,multiline,none,-1,False,stationary,0.47,5.2,False,True
721,24.0333,1087,car,0.8682,0,508,84,573,42.0,540.5,multiline,none,-1,False,stationary,2.58,28.34,False,True
721,24.0333,1098,truck,0.8423,1763,565,1919,693,1841.0,629.0,multiline,none,-1,False,stationary,3.55,38.94,False,True
722,24.0667,763,person,0.3502,1692,232,1703,252,1697.5,242.0,multiline,none,-1,False,stationary,0.45,4.96,False,True
722,24.0667,1087,car,0.8538,0,507,79,573,39.5,540.0,multiline,none,-1,False,stationary,2.59,28.42,False,True
722,24.0667,1098,truck,0.7823,1756,563,1919,692,1837.5,627.5,multiline,none,-1,False,stationary,3.62,39.76,False,True
722,24.0667,883,car,0.4275,427,553,554,616,490.5,584.5,multiline,none,-1,False,moving,37.29,410.18,True,True
723,24.1,763,person,0.3589,1693,232,1703,252,1698.0,242.0,multiline,none,-1,False,stationary,0.42,4.63,False,True
723,24.1,1087,car,0.7985,0,507,74,572,37.0,539.5,multiline,none,-1,False,stationary,2.58,28.32,False,True
723,24.1,1098,truck,0.8064,1749,562,1919,691,1834.0,626.5,multiline,none,-1,False,stationary,3.67,40.31,False,True
724,24.1333,763,person,0.3856,1693,232,1703,252,1698.0,242.0,multiline,none,-1,False,stationary,0.39,4.23,False,True
724,24.1333,1087,car,0.865,0,506,69,571,34.5,538.5,multiline,none,-1,False,stationary,2.57,28.26,False,True
724,24.1333,1098,truck,0.5556,1743,561,1919,691,1831.0,626.0,multiline,none,-1,False,stationary,3.7,40.63,False,True
725,24.1667,763,person,0.4112,1694,232,1704,252,1699.0,242.0,multiline,none,-1,False,stationary,0.36,3.98,False,True
725,24.1667,1087,car,0.8684,0,506,64,570,32.0,538.0,multiline,none,-1,False,stationary,2.57,28.21,False,True
725,24.1667,1098,truck,0.8171,1735,560,1919,691,1827.0,625.5,multiline,none,-1,False,stationary,3.73,40.95,False,True
725,24.1667,883,car,0.7817,393,551,524,613,458.5,582.0,multiline,none,-1,False,moving,36.45,400.94,True,True
726,24.2,763,person,0.489,1695,232,1705,252,1700.0,242.0,multiline,none,-1,False,stationary,0.36,3.97,False,True
726,24.2,1087,car,0.8808,0,506,59,568,29.5,537.0,multiline,none,-1,False,stationary,2.57,28.2,False,True
726,24.2,1098,truck,0.866,1728,560,1919,690,1823.5,625.0,multiline,none,-1,False,stationary,3.74,41.15,False,True
726,24.2,883,car,0.8443,365,550,501,610,433.0,580.0,multiline,none,-1,False,moving,35.61,391.66,True,True
726,24.2,1083,car,0.5938,967,581,1137,661,1052.0,621.0,multiline,none,-1,False,stationary,9.62,105.76,False,True
727,24.2333,763,person,0.4924,1695,232,1706,252,1700.5,242.0,multiline,none,-1,False,stationary,0.38,4.16,False,True
727,24.2333,1087,car,0.8581,0,506,54,567,27.0,536.5,multiline,none,-1,False,stationary,2.57,28.18,False,True
727,24.2333,1098,truck,0.8976,1721,560,1919,690,1820.0,625.0,multiline,none,-1,False,stationary,3.74,41.15,False,True
727,24.2333,883,car,0.8538,342,549,483,608,412.5,578.5,multiline,none,-1,False,moving,34.77,382.42,True,True
727,24.2333,1083,car,0.5295,957,579,1121,661,1039.0,620.0,multiline,none,-1,False,stationary,10.0,109.92,False,True
728,24.2667,763,person,0.5501,1696,232,1707,252,1701.5,242.0,multiline,none,-1,False,stationary,0.42,4.63,False,True
728,24.2667,1087,car,0.8372,0,506,49,565,24.5,535.5,multiline,none,-1,False,stationary,2.56,28.17,False,True
728,24.2667,1098,truck,0.881,1714,561,1919,690,1816.5,625.5,multiline,none,-1,False,stationary,3.74,41.09,False,True
728,24.2667,883,car,0.8236,324,548,467,606,395.5,577.0,multiline,none,-1,False,moving,34.02,374.14,True,True
728,24.2667,1132,car,0.6288,1877,583,1919,642,1898.0,612.5,multiline,none,-1,False,insufficient_data,0.0,0.0,False,True
728,24.2667,1083,car,0.5433,949,577,1103,659,1026.0,618.0,multiline,none,-1,False,stationary,10.38,114.08,False,True
729,24.3,763,person,0.5817,1696,232,1707,252,1701.5,242.0,multiline,none,-1,False,stationary,0.43,4.75,False,True
729,24.3,1087,car,0.8289,0,506,44,563,22.0,534.5,multiline,none,-1,False,stationary,2.57,28.25,False,True
729,24.3,1098,truck,0.8528,1707,561,1919,690,1813.0,625.5,multiline,none,-1,False,stationary,3.72,40.83,False,True
729,24.3,883,car,0.8372,308,548,453,604,380.5,576.0,multiline,none,-1,False,moving,33.38,367.17,True,True
729,24.3,1132,car,0.6872,1875,582,1919,642,1897.0,612.0,multiline,none,-1,False,insufficient_data,0.0,0.0,False,True
730,24.3333,763,person,0.6385,1697,232,1708,252,1702.5,242.0,multiline,none,-1,False,stationary,0.47,5.19,False,True
730,24.3333,1087,car,0.7871,0,507,39,562,19.5,534.5,multiline,none,-1,False,stationary,2.57,28.26,False,True
730,24.3333,1098,truck,0.8807,1699,561,1919,690,1809.0,625.5,multiline,none,-1,False,stationary,3.71,40.61,False,True
730,24.3333,883,car,0.8296,296,547,442,603,369.0,575.0,multiline,none,-1,False,moving,31.61,347.68,True,True
730,24.3333,1132,car,0.8463,1871,582,1919,643,1895.0,612.5,multiline,none,-1,False,insufficient_data,0.0,0.0,False,True
730,24.3333,1140,car,0.7698,759,640,801,697,780.0,668.5,multiline,none,-1,False,insufficient_data,0.0,0.0,False,True
730,24.3333,1083,car,0.2729,941,575,1088,657,1014.5,616.0,multiline,none,-1,False,stationary,10.68,117.39,False,True
731,24.3667,763,person,0.6611,1697,232,1709,252,1703.0,242.0,multiline,none,-1,False,stationary,0.51,5.64,False,True
731,24.3667,1087,car,0.7359,0,507,34,560,17.0,533.5,multiline,none,-1,False,stationary,2.58,28.3,False,True
731,24.3667,1098,truck,0.8188,1692,561,1919,689,1805.5,625.0,multiline,none,-1,False,stationary,3.68,40.31,False,True
731,24.3667,883,car,0.8623,286,545,432,602,359.0,573.5,multiline,none,-1,False,moving,29.0,318.94,True,True
731,24.3667,1132,car,0.84,1866,581,1919,645,1892.5,613.0,multiline,none,-1,False,insufficient_data,0.0,0.0,False,True
731,24.3667,1140,car,0.7679,758,638,803,697,780.5,667.5,multiline,none,-1,False,insufficient_data,0.0,0.0,False,True
731,24.3667,1142,car,0.4528,634,629,815,699,724.5,664.0,multiline,none,-1,False,insufficient_data,0.0,0.0,False,True
732,24.4,763,person,0.6832,1697,232,1709,252,1703.0,242.0,multiline,none,-1,False,stationary,0.52,5.77,False,True
732,24.4,1098,truck,0.621,1684,561,1919,689,1801.5,625.0,multiline,none,-1,False,stationary,3.66,40.09,False,True
732,24.4,883,car,0.7819,279,544,424,601,351.5,572.5,multiline,none,-1,False,moving,26.17,287.83,True,True
732,24.4,1132,car,0.8373,1860,579,1919,646,1889.5,612.5,multiline,none,-1,False,recently_moving,1.21,4.77,True,True
732,24.4,1140,car,0.7132,757,635,807,698,782.0,666.5,multiline,none,-1,False,insufficient_data,0.0,0.0,False,True
733,24.4333,763,person,0.687,1698,232,1710,252,1704.0,242.0,multiline,none,-1,False,stationary,0.55,6.02,False,True
733,24.4333,1098,truck,0.8862,1677,561,1919,690,1798.0,625.5,multiline,none,-1,False,stationary,3.64,39.88,False,True
733,24.4333,883,car,0.6956,274,543,416,600,345.0,571.5,multiline,none,-1,False,moving,23.45,257.97,True,True
733,24.4333,1132,car,0.8596,1854,577,1919,647,1886.5,612.0,multiline,none,-1,False,recently_moving,1.44,7.13,True,True
733,24.4333,1140,car,0.7912,755,632,810,700,782.5,666.0,multiline,none,-1,False,insufficient_data,0.0,0.0,False,True
734,24.4667,763,person,0.7085,1698,232,1710,252,1704.0,242.0,multiline,none,-1,False,stationary,0.55,6.01,False,True
734,24.4667,1098,truck,0.9073,1670,561,1919,690,1794.5,625.5,multiline,none,-1,False,stationary,3.62,39.73,False,True
734,24.4667,883,car,0.4652,270,542,410,600,340.0,571.0,multiline,none,-1,False,moving,20.94,230.32,True,True
734,24.4667,1132,car,0.8758,1847,575,1919,647,1883.0,611.0,multiline,none,-1,False,recently_moving,1.67,9.9,True,True
734,24.4667,1140,car,0.4422,754,630,812,700,783.0,665.0,multiline,none,-1,False,recently_moving,0.74,2.93,True,True
735,24.5,763,person,0.7022,1698,232,1711,252,1704.5,242.0,multiline,none,-1,False,stationary,0.56,6.19,False,True
735,24.5,1098,truck,0.7164,1662,561,1919,690,1790.5,625.5,multiline,none,-1,False,stationary,3.64,39.98,False,True
735,24.5,883,car,0.6635,268,541,411,599,339.5,570.0,multiline,none,-1,False,moving,18.44,202.8,True,True
735,24.5,1132,car,0.8897,1840,573,1919,648,1879.5,610.5,multiline,none,-1,False,recently_moving,1.86,12.94,True,True
735,24.5,1140,car,0.6657,753,629,815,701,784.0,665.0,multiline,none,-1,False,recently_moving,0.76,3.77,True,True
736,24.5333,763,person,0.7424,1699,232,1711,252,1705.0,242.0,multiline,none,-1,False,stationary,0.56,6.12,False,True
736,24.5333,1098,truck,0.8359,1654,555,1919,690,1786.5,622.5,multiline,none,-1,False,stationary,3.67,40.2,False,True
736,24.5333,1132,car,0.8944,1833,571,1919,648,1876.0,609.5,multiline,none,-1,False,recently_moving,2.04,16.17,True,True
736,24.5333,1140,car,0.7723,754,629,817,701,785.5,665.0,multiline,none,-1,False,recently_moving,0.81,4.71,True,True
737,24.5667,763,person,0.723,1699,232,1712,252,1705.5,242.0,multiline,none,-1,False,stationary,0.54,5.93,False,True
737,24.5667,1098,truck,0.7748,1647,553,1919,691,1783.0,622.0,multiline,none,-1,False,stationary,3.68,40.32,False,True
737,24.5667,1132,car,0.8978,1826,569,1919,648,1872.5,608.5,multiline,none,-1,False,recently_moving,2.19,19.53,True,True
737,24.5667,1140,car,0.7396,755,628,818,701,786.5,664.5,multiline,none,-1,False,recently_moving,0.85,5.73,True,True
738,24.6,763,person,0.7193,1699,232,1712,252,1705.5,242.0,multiline,none,-1,False,stationary,0.51,5.61,False,True
738,24.6,1098,truck,0.7628,1639,554,1919,693,1779.0,623.5,multiline,none,-1,False,stationary,3.7,40.56,False,True
738,24.6,1132,car,0.899,1818,567,1919,647,1868.5,607.0,multiline,none,-1,False,recently_moving,2.34,23.18,True,True
738,24.6,1140,car,0.7103,758,628,819,701,788.5,664.5,multiline,none,-1,False,recently_moving,0.91,7.0,True,True
738,24.6,1149,car,0.7169,796,585,831,632,813.5,608.5,multiline,none,-1,False,insufficient_data,0.0,0.0,False,True
738,24.6,883,car,0.3893,265,540,416,599,340.5,569.5,multiline,none,-1,False,moving,15.76,173.35,True,True
739,24.6333,763,person,0.7046,1699,232,1713,252,1706.0,242.0,multiline,none,-1,False,stationary,0.48,5.25,False,True
739,24.6333,1132,car,0.9058,1810,566,1919,647,1864.5,606.5,multiline,none,-1,False,recently_moving,2.47,26.94,True,True
739,24.6333,1140,car,0.7628,761,630,819,702,790.0,666.0,multiline,none,-1,False,recently_moving,0.97,8.1,True,True
739,24.6333,1149,car,0.6035,794,584,831,633,812.5,608.5,multiline,none,-1,False,insufficient_data,0.0,0.0,False,True
739,24.6333,1150,car,0.6589,774,636,957,710,865.5,673.0,multiline,none,-1,False,insufficient_data,0.0,0.0,False,True
739,24.6333,883,car,0.4582,263,539,413,598,338.0,568.5,multiline,none,-1,False,recently_moving,13.29,146.12,True,True
740,24.6667,763,person,0.7013,1700,232,1713,252,1706.5,242.0,multiline,none,-1,False,stationary,0.47,5.18,False,True
740,24.6667,1132,car,0.9154,1802,565,1919,647,1860.5,606.0,multiline,none,-1,False,recently_moving,2.78,30.44,True,True
740,24.6667,1140,car,0.5642,768,632,819,702,793.5,667.0,multiline,none,-1,False,recently_moving,1.1,9.93,True,True
740,24.6667,1149,car,0.6645,790,583,831,634,810.5,608.5,multiline,none,-1,False,insufficient_data,0.0,0.0,False,True
740,24.6667,1150,car,0.7979,778,636,961,710,869.5,673.0,multiline,none,-1,False,insufficient_data,0.0,0.0,False,True
740,24.6667,883,car,0.2823,261,539,411,598,336.0,568.5,multiline,none,-1,False,recently_moving,11.1,121.95,True,True
740,24.6667,1151,car,0.434,1607,560,1757,657,1682.0,608.5,multiline,none,-1,False,insufficient_data,0.0,0.0,False,True
741,24.7,763,person,0.6736,1700,232,1714,252,1707.0,242.0,multiline,none,-1,False,stationary,0.45,4.96,False,True
741,24.7,1132,car,0.8942,1794,563,1919,646,1856.5,604.5,multiline,none,-1,False,recently_moving,3.06,33.52,True,True
741,24.7,1149,car,0.6264,786,583,831,636,808.5,609.5,multiline,none,-1,False,insufficient_data,0.0,0.0,False,True
741,24.7,883,car,0.5764,260,539,396,598,328.0,568.5,multiline,none,-1,False,recently_moving,9.38,103.06,True,True
741,24.7,1151,car,0.5519,1607,559,1754,656,1680.5,607.5,multiline,none,-1,False,insufficient_data,0.0,0.0,False,True
742,24.7333,763,person,0.6667,1700,232,1714,252,1707.0,242.0,multiline,none,-1,False,stationary,0.42,4.65,False,True
742,24.7333,1132,car,0.8946,1787,563,1919,646,1853.0,604.5,multiline,none,-1,False,recently_moving,3.27,35.9,True,True
742,24.7333,1149,car,0.7348,781,582,831,637,806.0,609.5,multiline,none,-1,False,recently_moving,1.08,4.32,True,True
742,24.7333,883,car,0.59,257,539,380,598,318.5,568.5,multiline,none,-1,False,recently_moving,8.09,88.82,True,True
742,24.7333,1151,car,0.3314,1605,559,1750,657,1677.5,608.0,multiline,none,-1,False,insufficient_data,0.0,0.0,False,True
742,24.7333,1083,car,0.4251,897,571,1072,652,984.5,611.5,multiline,none,-1,False,stationary,11.55,126.98,False,True
743,24.7667,763,person,0.5889,1701,232,1715,252,1708.0,242.0,multiline,none,-1,False,stationary,0.44,4.8,False,True
743,24.7667,1132,car,0.8955,1779,562,1919,645,1849.0,603.5,multiline,none,-1,False,stationary,3.44,37.83,False,True
743,24.7667,1149,car,0.3643,775,580,831,638,803.0,609.0,multiline,none,-1,False,recently_moving,1.3,6.46,True,True
743,24.7667,883,car,0.6667,253,539,365,598,309.0,568.5,multiline,none,-1,False,recently_moving,7.18,78.83,True,True
743,24.7667,1151,car,0.4607,1600,558,1745,657,1672.5,607.5,multiline,none,-1,False,insufficient_data,0.0,0.0,False,True
744,24.8,763,person,0.6056,1702,232,1715,252,1708.5,242.0,multiline,none,-1,False,stationary,0.43,4.72,False,True
744,24.8,1132,car,0.8866,1771,561,1919,645,1845.0,603.0,multiline,none,-1,False,stationary,3.59,39.42,False,True
744,24.8,1149,car,0.3527,768,578,830,638,799.0,608.0,multiline,none,-1,False,recently_moving,1.55,9.24,True,True
744,24.8,883,car,0.7635,251,539,353,598,302.0,568.5,multiline,none,-1,False,recently_moving,6.49,71.23,True,True
744,24.8,1151,car,0.3665,1594,558,1739,657,1666.5,607.5,multiline,none,-1,False,recently_moving,2.12,8.41,True,True
744,24.8,1083,car,0.3459,860,568,1058,649,959.0,608.5,multiline,none,-1,False,stationary,12.62,138.73,False,True
745,24.8333,763,person,0.6465,1703,232,1716,252,1709.5,242.0,multiline,none,-1,False,stationary,0.46,5.03,False,True
745,24.8333,1132,car,0.8713,1763,561,1919,645,1841.0,603.0,multiline,none,-1,False,stationary,3.69,40.55,False,True
745,24.8333,1149,car,0.3488,762,574,830,638,796.0,606.0,multiline,none,-1,False,recently_moving,1.76,12.13,True,True
745,24.8333,883,car,0.827,249,539,345,598,297.0,568.5,multiline,none,-1,False,recently_moving,5.96,65.38,True,True
745,24.8333,1151,car,0.404,1588,557,1733,656,1660.5,606.5,multiline,none,-1,False,recently_moving,2.62,13.01,True,True
745,24.8333,1083,car,0.3791,830,566,1046,646,938.0,606.0,multiline,none,-1,False,stationary,13.71,150.78,False,True
746,24.8667,763,person,0.5751,1704,232,1716,252,1710.0,242.0,multiline,none,-1,False,stationary,0.47,5.22,False,True
746,24.8667,1132,car,0.887,1755,560,1919,645,1837.0,602.5,multiline,none,-1,False,stationary,3.77,41.46,False,True
746,24.8667,1149,car,0.6412,756,572,830,638,793.0,605.0,multiline,none,-1,False,recently_moving,1.93,15.11,True,True
746,24.8667,883,car,0.7968,247,538,338,597,292.5,567.5,multiline,none,-1,False,recently_moving,5.55,60.89,True,True
747,24.9,763,person,0.3887,1704,233,1716,252,1710.0,242.5,multiline,none,-1,False,stationary,0.47,5.19,False,True
747,24.9,1132,car,0.9017,1747,560,1919,646,1833.0,603.0,multiline,none,-1,False,stationary,3.84,42.13,False,True
747,24.9,1149,car,0.7342,750,569,830,637,790.0,603.0,multiline,none,-1,False,recently_moving,2.07,18.21,True,True
747,24.9,883,car,0.6477,246,538,333,597,289.5,567.5,multiline,none,-1,False,recently_moving,5.22,57.25,True,True
747,24.9,1150,car,0.8146,814,636,997,714,905.5,675.0,multiline,none,-1,False,insufficient_data,0.0,0.0,False,True
747,24.9,1151,car,0.5415,1580,557,1724,655,1652.0,606.0,multiline,none,-1,False,recently_moving,3.18,18.97,True,True
748,24.9333,763,person,0.5133,1705,233,1716,252,1710.5,242.5,multiline,none,-1,False,stationary,0.47,5.13,False,True
748,24.9333,1132,car,0.8989,1740,559,1919,646,1829.5,602.5,multiline,none,-1,False,stationary,3.88,42.57,False,True
748,24.9333,1149,car,0.7826,745,567,830,637,787.5,602.0,multiline,none,-1,False,recently_moving,2.17,21.19,True,True
748,24.9333,883,car,0.8282,245,537,328,596,286.5,566.5,multiline,none,-1,False,recently_moving,5.09,55.8,True,True
748,24.9333,1150,car,0.7953,845,636,1029,718,937.0,677.0,multiline,none,-1,False,insufficient_data,0.0,0.0,False,True
748,24.9333,1151,car,0.7848,1571,557,1715,655,1643.0,606.0,multiline,none,-1,False,recently_moving,3.73,26.01,True,True
749,24.9667,763,person,0.6403,1705,233,1717,252,1711.0,242.5,multiline,none,-1,False,stationary,0.48,5.27,False,True
749,24.9667,1132,car,0.8978,1732,559,1919,647,1825.5,603.0,multiline,none,-1,False,stationary,3.9,42.75,False,True
749,24.9667,1149,car,0.7553,741,566,830,636,785.5,601.0,multiline,none,-1,False,recently_moving,2.22,23.9,True,True
749,24.9667,883,car,0.8542,243,537,324,595,283.5,566.0,multiline,none,-1,False,recently_moving,5.13,56.25,True,True
749,24.9667,1150,car,0.499,872,636,1059,721,965.5,678.5,multiline,line_crossed,1,True,recently_moving,14.41,57.62,True,True
749,24.9667,1151,car,0.6355,1562,556,1707,657,1634.5,606.5,multiline,none,-1,False,recently_moving,4.21,33.55,True,True
750,25.0,763,person,0.6484,1705,233,1717,252,1711.0,242.5,multiline,none,-1,False,stationary,0.47,5.17,False,True
750,25.0,1132,car,0.8984,1724,559,1919,647,1821.5,603.0,multiline,none,-1,False,stationary,3.91,42.89,False,True
750,25.0,1149,car,0.7715,738,566,830,636,784.0,601.0,multiline,none,-1,False,recently_moving,2.4,25.87,True,True
750,25.0,883,car,0.8277,242,536,319,593,280.5,564.5,multiline,none,-1,False,recently_moving,5.17,56.75,True,True
750,25.0,1150,car,0.6815,897,635,1085,723,991.0,679.0,multiline,none,-1,False,moving,16.28,81.41,True,True
750,25.0,1151,car,0.5696,1556,556,1700,658,1628.0,607.0,multiline,none,-1,False,recently_moving,4.54,40.71,True,True
751,25.0333,763,person,0.6147,1706,233,1718,252,1712.0,242.5,multiline,none,-1,False,stationary,0.49,5.33,False,True
751,25.0333,1132,car,0.8804,1716,558,1919,647,1817.5,602.5,multiline,none,-1,False,stationary,3.92,42.94,False,True
751,25.0333,1149,car,0.7693,736,565,830,637,783.0,601.0,multiline,none,-1,False,recently_moving,2.48,26.76,True,True
751,25.0333,883,car,0.8165,241,536,315,592,278.0,564.0,multiline,none,-1,False,recently_moving,5.21,57.22,True,True
751,25.0333,1151,car,0.3563,1549,556,1692,656,1620.5,606.0,multiline,none,-1,False,recently_moving,4.81,47.97,True,True
752,25.0667,763,person,0.5007,1706,233,1719,252,1712.5,242.5,multiline,none,-1,False,stationary,0.49,5.4,False,True
752,25.0667,1132,car,0.8895,1708,558,1918,647,1813.0,602.5,multiline,none,-1,False,stationary,3.93,43.13,False,True
752,25.0667,1149,car,0.7428,733,564,830,637,781.5,600.5,multiline,none,-1,False,recently_moving,2.52,27.33,True,True
752,25.0667,883,car,0.8314,240,535,311,590,275.5,562.5,multiline,none,-1,False,recently_moving,5.08,55.67,True,True
753,25.1,763,person,0.5986,1706,233,1719,252,1712.5,242.5,multiline,none,-1,False,stationary,0.5,5.45,False,True
753,25.1,1132,car,0.8804,1700,558,1916,646,1808.0,602.0,multiline,none,-1,False,stationary,3.99,43.79,False,True
753,25.1,1149,car,0.8077,731,564,830,638,780.5,601.0,multiline,none,-1,False,stationary,2.49,27.16,False,True
753,25.1,883,car,0.7135,239,535,307,589,273.0,562.0,multiline,none,-1,False,recently_moving,4.78,52.25,True,True
753,25.1,1150,car,0.475,942,638,1118,726,1030.0,682.0,multiline,none,-1,False,moving,18.43,110.58,True,True
753,25.1,1151,car,0.3902,1538,556,1681,657,1609.5,606.5,multiline,none,-1,False,recently_moving,5.15,56.55,True,True
754,25.1333,763,person,0.645,1707,233,1720,252,1713.5,242.5,multiline,none,-1,False,stationary,0.5,5.48,False,True
754,25.1333,1132,car,0.8712,1693,558,1912,646,1802.5,602.0,multiline,none,-1,False,stationary,4.07,44.73,False,True
754,25.1333,1149,car,0.8809,729,564,830,638,779.5,601.0,multiline,none,-1,False,stationary,2.41,26.34,False,True
754,25.1333,883,car,0.4606,239,535,303,588,271.0,561.5,multiline,none,-1,False,recently_moving,4.34,47.45,True,True
754,25.1333,1150,car,0.4429,978,641,1149,728,1063.5,684.5,multiline,none,-1,False,moving,20.19,141.29,True,True
754,25.1333,1151,car,0.3269,1529,554,1671,656,1600.0,605.0,multiline,none,-1,False,recently_moving,5.91,64.93,True,True
755,25.1667,763,person,0.4405,1707,233,1720,252,1713.5,242.5,multiline,none,-1,False,stationary,0.49,5.34,False,True
755,25.1667,1132,car,0.8835,1690,558,1907,646,1798.5,602.0,multiline,none,-1,False,stationary,4.12,45.33,False,True
755,25.1667,1149,car,0.8705,727,564,830,638,778.5,601.0,multiline,none,-1,False,stationary,2.26,24.68,False,True
755,25.1667,883,car,0.3705,239,536,298,587,268.5,561.5,multiline,none,-1,False,recently_moving,3.91,42.78,True,True
755,25.1667,1150,car,0.8818,1004,643,1177,729,1090.5,686.0,multiline,none,-1,False,moving,21.34,170.73,True,True
755,25.1667,1151,car,0.4094,1522,553,1662,654,1592.0,603.5,multiline,none,-1,False,recently_moving,6.56,72.15,True,True
756,25.2,763,person,0.493,1707,232,1721,252,1714.0,242.0,multiline,none,-1,False,stationary,0.47,5.04,False,True
756,25.2,1132,car,0.8357,1687,557,1901,646,1794.0,601.5,multiline,none,-1,False,stationary,4.18,45.92,False,True
756,25.2,1149,car,0.9045,725,564,829,638,777.0,601.0,multiline,none,-1,False,stationary,2.1,22.91,False,True
756,25.2,1150,car,0.752,1024,644,1203,731,1113.5,687.5,multiline,none,-1,False,moving,21.99,197.93,True,True
756,25.2,1151,car,0.353,1514,553,1653,651,1583.5,602.0,multiline,none,-1,False,recently_moving,7.11,78.09,True,True
757,25.2333,763,person,0.5362,1708,232,1721,252,1714.5,242.0,multiline,none,-1,False,stationary,0.45,4.84,False,True
757,25.2333,1132,car,0.8867,1681,557,1894,645,1787.5,601.0,multiline,none,-1,False,stationary,4.29,47.19,False,True
757,25.2333,1149,car,0.8937,723,563,826,638,774.5,600.5,multiline,none,-1,False,stationary,1.98,21.56,False,True
757,25.2333,1150,car,0.8289,1042,645,1228,733,1135.0,689.0,multiline,none,-1,False,moving,22.31,223.13,True,True
757,25.2333,1151,car,0.5773,1505,554,1643,649,1574.0,601.5,multiline,none,-1,False,stationary,7.57,83.2,False,True
757,25.2333,1163,car,0.7434,0,573,27,617,13.5,595.0,multiline,none,-1,False,insufficient_data,0.0,0.0,False,True
758,25.2667,763,person,0.6452,1708,232,1721,252,1714.5,242.0,multiline,none,-1,False,stationary,0.44,4.7,False,True
758,25.2667,1132,car,0.8798,1675,557,1887,645,1781.0,601.0,multiline,none,-1,False,stationary,4.45,48.9,False,True
758,25.2667,1149,car,0.8057,709,563,823,638,766.0,600.5,multiline,none,-1,False,stationary,2.06,22.4,False,True
758,25.2667,1150,car,0.8068,1058,646,1251,734,1154.5,690.0,multiline,none,-1,False,moving,22.4,246.36,True,True
758,25.2667,1151,car,0.6249,1496,554,1635,648,1565.5,601.0,multiline,none,-1,False,stationary,7.95,87.4,False,True
758,25.2667,1163,car,0.5381,0,571,29,617,14.5,594.0,multiline,none,-1,False,insufficient_data,0.0,0.0,False,True
759,25.3,763,person,0.6936,1709,232,1722,252,1715.5,242.0,multiline,none,-1,False,stationary,0.45,4.83,False,True
759,25.3,1132,car,0.8427,1667,556,1880,645,1773.5,600.5,multiline,none,-1,False,stationary,4.67,51.38,False,True
759,25.3,1149,car,0.8586,694,562,818,637,756.0,599.5,multiline,none,-1,False,stationary,2.34,25.54,False,True
759,25.3,1150,car,0.8967,1076,648,1274,736,1175.0,692.0,multiline,none,-1,False,moving,24.3,267.27,True,True
759,25.3,1151,car,0.4801,1489,555,1632,647,1560.5,601.0,multiline,none,-1,False,stationary,8.09,88.89,False,True
759,25.3,1163,car,0.8891,0,570,34,619,17.0,594.5,multiline,none,-1,False,insufficient_data,0.0,0.0,False,True
760,25.3333,763,person,0.6489,1709,232,1722,252,1715.5,242.0,multiline,none,-1,False,stationary,0.43,4.71,False,True
760,25.3333,1132,car,0.7939,1659,556,1871,644,1765.0,600.0,multiline,none,-1,False,stationary,4.97,54.61,False,True
760,25.3333,1149,car,0.8649,679,562,813,636,746.0,599.0,multiline,none,-1,False,stationary,2.78,30.41,False,True
760,25.3333,1150,car,0.8879,1095,649,1296,737,1195.5,693.0,multiline,none,-1,False,moving,25.04,275.39,True,True
760,25.3333,1151,car,0.5426,1482,555,1625,646,1553.5,600.5,multiline,none,-1,False,stationary,8.11,89.17,False,True
760,25.3333,1162,car,0.6929,1871,615,1919,671,1895.0,643.0,multiline,none,-1,False,insufficient_data,0.0,0.0,False,True
760,25.3333,1163,car,0.9067,0,568,42,621,21.0,594.5,multiline,none,-1,False,insufficient_data,0.0,0.0,False,True
761,25.3667,763,person,0.6323,1710,232,1723,252,1716.5,242.0,multiline,none,-1,False,stationary,0.46,4.98,False,True
761,25.3667,1132,car,0.8213,1652,556,1863,644,1757.5,600.0,multiline,none,-1,False,stationary,5.27,57.93,False,True
761,25.3667,1149,car,0.9002,665,561,807,635,736.0,598.0,multiline,none,-1,False,stationary,3.34,36.61,False,True
761,25.3667,1150,car,0.9065,1114,650,1318,738,1216.0,694.0,multiline,none,-1,False,moving,25.17,276.83,True,True
761,25.3667,1162,car,0.8364,1868,614,1919,672,1893.5,643.0,multiline,none,-1,False,insufficient_data,0.0,0.0,False,True
761,25.3667,1163,car,0.9196,0,566,51,623,25.5,594.5,multiline,none,-1,False,recently_moving,1.66,6.5,True,True
761,25.3667,1170,car,0.6396,109,540,162,582,135.5,561.0,multiline,none,-1,False,insufficient_data,0.0,0.0,False,True
762,25.4,763,person,0.632,1710,232,1723,252,1716.5,242.0,multiline,none,-1,False,stationary,0.44,4.77,False,True
762,25.4,1132,car,0.8086,1647,556,1854,643,1750.5,599.5,multiline,none,-1,False,stationary,5.56,61.18,False,True
762,25.4,1149,car,0.816,652,561,801,634,726.5,597.5,multiline,none,-1,False,stationary,3.97,43.65,False,True
762,25.4,1150,car,0.8844,1134,651,1339,739,1236.5,695.0,multiline,none,-1,False,moving,25.0,274.95,True,True
762,25.4,1162,car,0.8682,1864,614,1919,673,1891.5,643.5,multiline,none,-1,False,insufficient_data,0.0,0.0,False,True
762,25.4,1163,car,0.9115,0,564,62,626,31.0,595.0,multiline,none,-1,False,recently_moving,2.09,10.33,True,True
762,25.4,1170,car,0.7662,107,540,162,581,134.5,560.5,multiline,none,-1,False,insufficient_data,0.0,0.0,False,True
763,25.4333,763,person,0.6751,1711,232,1723,252,1717.0,242.0,multiline,none,-1,False,stationary,0.43,4.66,False,True
763,25.4333,1132,car,0.6176,1643,556,1846,643,1744.5,599.5,multiline,none,-1,False,stationary,5.8,63.79,False,True
763,25.4333,1149,car,0.8298,641,561,794,633,717.5,597.0,multiline,none,-1,False,stationary,4.62,50.83,False,True
763,25.4333,1150,car,0.898,1155,652,1357,740,1256.0,696.0,multiline,none,-1,False,moving,24.7,271.64,True,True
763,25.4333,1162,car,0.8587,1859,613,1919,674,1889.0,643.5,multiline,none,-1,False,insufficient_data,0.0,0.0,False,True
763,25.4333,1163,car,0.9103,0,564,73,628,36.5,596.0,multiline,none,-1,False,recently_moving,2.48,14.74,True,True
763,25.4333,1170,car,0.7313,105,540,162,581,133.5,560.5,multiline,none,-1,False,insufficient_data,0.0,0.0,False,True
764,25.4667,763,person,0.6626,1711,232,1724,252,1717.5,242.0,multiline,none,-1,False,stationary,0.44,4.76,False,True
764,25.4667,1132,car,0.701,1637,555,1837,642,1737.0,598.5,multiline,none,-1,False,stationary,6.03,66.37,False,True
764,25.4667,1149,car,0.3424,631,560,787,631,709.0,595.5,multiline,none,-1,False,stationary,5.29,58.16,False,True
764,25.4667,1150,car,0.8623,1175,653,1372,741,1273.5,697.0,multiline,none,-1,False,moving,23.81,261.93,True,True
764,25.4667,1162,car,0.863,1853,613,1919,674,1886.0,643.5,multiline,none,-1,False,recently_moving,1.3,5.2,True,True
764,25.4667,1163,car,0.9149,0,563,86,630,43.0,596.5,multiline,none,-1,False,recently_moving,2.87,19.89,True,True
764,25.4667,1170,car,0.6753,102,539,161,581,131.5,560.0,multiline,none,-1,False,insufficient_data,0.0,0.0,False,True
765,25.5,763,person,0.6941,1711,232,1724,252,1717.5,242.0,multiline,none,-1,False,stationary,0.41,4.47,False,True
765,25.5,1132,car,0.5841,1629,555,1828,642,1728.5,598.5,multiline,none,-1,False,stationary,6.28,69.1,False,True
765,25.5,1150,car,0.7884,1196,654,1393,742,1294.5,698.0,multiline,none,-1,False,moving,22.84,251.21,True,True
765,25.5,1162,car,0.8801,1846,612,1919,675,1882.5,643.5,multiline,none,-1,False,recently_moving,1.55,7.76,True,True
765,25.5,1163,car,0.9272,0,564,99,632,49.5,598.0,multiline,none,-1,False,recently_moving,3.22,25.55,True,True
765,25.5,1170,car,0.7143,99,538,162,581,130.5,559.5,multiline,none,-1,False,recently_moving,0.8,3.17,True,True
766,25.5333,763,person,0.6883,1711,232,1725,252,1718.0,242.0,multiline,none,-1,False,stationary,0.41,4.45,False,True
766,25.5333,1132,car,0.5507,1627,556,1819,641,1723.0,598.5,multiline,none,-1,False,stationary,6.49,71.41,False,True
766,25.5333,1150,car,0.8236,1217,654,1415,744,1316.0,699.0,multiline,none,-1,False,moving,22.03,242.3,True,True
766,25.5333,1162,car,0.8662,1839,611,1919,675,1879.0,643.0,multiline,none,-1,False,recently_moving,1.78,10.64,True,True
766,25.5333,1163,car,0.9225,0,564,110,633,55.0,598.5,multiline,none,-1,False,recently_moving,3.49,31.16,True,True
766,25.5333,1170,car,0.5467,95,537,160,580,127.5,558.5,multiline,none,-1,False,recently_moving,1.0,4.99,True,True
767,25.5667,763,person,0.7055,1711,232,1725,252,1718.0,242.0,multiline,none,-1,False,stationary,0.39,4.25,False,True
767,25.5667,1132,car,0.4855,1622,556,1811,641,1716.5,598.5,multiline,none,-1,False,stationary,6.69,73.6,False,True
767,25.5667,1150,car,0.4233,1237,655,1435,745,1336.0,700.0,multiline,none,-1,False,moving,21.41,235.46,True,True
767,25.5667,1162,car,0.8791,1831,611,1919,675,1875.0,643.0,multiline,none,-1,False,recently_moving,1.99,13.92,True,True
767,25.5667,1163,car,0.9048,0,565,122,635,61.0,600.0,multiline,none,-1,False,recently_moving,3.72,36.94,True,True
767,25.5667,1170,car,0.4729,90,536,156,580,123.0,558.0,multiline,none,-1,False,recently_moving,1.29,7.74,True,True
768,25.6,763,person,0.704,1711,232,1726,252,1718.5,242.0,multiline,none,-1,False,stationary,0.38,4.14,False,True
768,25.6,1132,car,0.6878,1618,557,1802,641,1710.0,599.0,multiline,none,-1,False,stationary,6.82,74.98,False,True
768,25.6,1150,car,0.6867,1257,657,1451,746,1354.0,701.5,multiline,none,-1,False,moving,20.89,229.81,True,True
768,25.6,1162,car,0.8702,1824,610,1919,676,1871.5,643.0,multiline,none,-1,False,recently_moving,2.16,17.27,True,True
768,25.6,1163,car,0.9032,3,566,133,637,68.0,601.5,multiline,none,-1,False,recently_moving,3.95,43.2,True,True
768,25.6,1170,car,0.4615,85,535,156,579,120.5,557.0,multiline,none,-1,False,recently_moving,1.5,10.45,True,True
769,25.6333,763,person,0.6805,1712,232,1726,252,1719.0,242.0,multiline,none,-1,False,stationary,0.39,4.24,False,True
769,25.6333,1132,car,0.4539,1602,556,1793,641,1697.5,598.5,multiline,none,-1,False,stationary,7.09,78.0,False,True
769,25.6333,1150,car,0.5946,1277,660,1463,747,1370.0,703.5,multiline,none,-1,False,moving,20.45,224.93,True,True
769,25.6333,1162,car,0.8914,1816,609,1919,676,1867.5,642.5,multiline,none,-1,False,recently_moving,2.32,20.85,True,True
769,25.6333,1163,car,0.8531,9,567,139,638,74.0,602.5,multiline,none,-1,False,recently_moving,4.47,49.09,True,True
769,25.6333,1170,car,0.4836,81,534,156,579,118.5,556.5,multiline,none,-1,False,recently_moving,1.62,12.95,True,True
770,25.6667,763,person,0.6346,1712,232,1727,252,1719.5,242.0,multiline,none,-1,False,stationary,0.38,4.13,False,True
770,25.6667,1132,car,0.6785,1596,555,1784,640,1690.0,597.5,multiline,none,-1,False,stationary,7.27,79.97,False,True
770,25.6667,1150,car,0.5152,1296,662,1473,747,1384.5,704.5,multiline,none,-1,False,moving,19.97,219.63,True,True
770,25.6667,1162,car,0.8859,1808,608,1919,677,1863.5,642.5,multiline,none,-1,False,recently_moving,2.46,24.58,True,True
770,25.6667,1163,car,0.8728,17,568,143,638,80.0,603.0,multiline,none,-1,False,recently_moving,4.93,54.13,True,True
770,25.6667,1170,car,0.7727,76,533,156,578,116.0,555.5,multiline,none,-1,False,recently_moving,1.72,15.5,True,True
771,25.7,763,person,0.6017,1712,232,1727,252,1719.5,242.0,multiline,none,-1,False,stationary,0.37,4.08,False,True
771,25.7,1132,car,0.4423,1595,557,1776,639,1685.5,598.0,multiline,none,-1,False,stationary,7.26,79.81,False,True
771,25.7,1150,car,0.2929,1314,662,1481,747,1397.5,704.5,multiline,none,-1,False,moving,19.42,213.57,True,True
771,25.7,1162,car,0.8943,1800,608,1919,678,1859.5,643.0,multiline,none,-1,False,recently_moving,2.59,28.41,True,True
771,25.7,1163,car,0.8241,27,570,146,638,86.5,604.0,multiline,none,-1,False,recently_moving,5.31,58.35,True,True
771,25.7,1170,car,0.8095,71,532,156,578,113.5,555.0,multiline,none,-1,False,recently_moving,1.81,18.05,True,True
772,25.7333,763,person,0.6308,1713,232,1727,252,1720.0,242.0,multiline,none,-1,False,stationary,0.35,3.9,False,True
772,25.7333,1132,car,0.4115,1597,559,1767,637,1682.0,598.0,multiline,none,-1,False,stationary,7.12,78.29,False,True
772,25.7333,1150,car,0.2663,1333,664,1488,748,1410.5,706.0,multiline,none,-1,False,moving,18.82,207.05,True,True
772,25.7333,1162,car,0.8886,1792,607,1919,679,1855.5,643.0,multiline,none,-1,False,recently_moving,2.89,31.74,True,True
772,25.7333,1163,car,0.7424,38,571,150,639,94.0,605.0,multiline,none,-1,False,stationary,5.66,62.2,False,True
772,25.7333,1170,car,0.7278,66,531,156,577,111.0,554.0,multiline,none,-1,False,recently_moving,1.88,20.63,True,True
773,25.7667,763,person,0.6944,1713,232,1727,252,1720.0,242.0,multiline,none,-1,False,stationary,0.34,3.77,False,True
773,25.7667,1162,car,0.8782,1783,607,1919,680,1851.0,643.5,multiline,none,-1,False,recently_moving,3.17,34.8,True,True
773,25.7667,1163,car,0.4961,51,573,151,639,101.0,606.0,multiline,none,-1,False,stationary,5.93,65.23,False,True
773,25.7667,1170,car,0.7541,60,530,156,577,108.0,553.5,multiline,none,-1,False,recently_moving,2.09,23.0,True,True
774,25.8,763,person,0.717,1714,232,1728,252,1721.0,242.0,multiline,none,-1,False,stationary,0.35,3.85,False,True
774,25.8,1162,car,0.885,1774,606,1919,681,1846.5,643.5,multiline,none,-1,False,recently_moving,3.41,37.49,True,True
774,25.8,1170,car,0.7816,55,530,156,577,105.5,553.5,multiline,none,-1,False,recently_moving,2.28,25.05,True,True
775,25.8333,763,person,0.6993,1715,231,1729,251,1722.0,241.0,multiline,none,-1,False,stationary,0.38,4.1,False,True
775,25.8333,1162,car,0.9022,1766,606,1919,682,1842.5,644.0,multiline,none,-1,False,stationary,3.6,39.59,False,True
775,25.8333,1170,car,0.8023,50,530,156,578,103.0,554.0,multiline,none,-1,False,recently_moving,2.41,26.47,True,True
776,25.8667,763,person,0.6923,1715,231,1729,251,1722.0,241.0,multiline,none,-1,False,stationary,0.4,4.28,False,True
776,25.8667,1162,car,0.906,1758,606,1919,684,1838.5,645.0,multiline,none,-1,False,stationary,3.74,41.13,False,True
776,25.8667,1170,car,0.8443,44,529,156,578,100.0,553.5,multiline,none,-1,False,stationary,2.56,28.07,False,True
776,25.8667,1132,car,0.4404,1588,560,1752,634,1670.0,597.0,multiline,none,-1,False,stationary,7.19,79.08,False,True
777,25.9,763,person,0.6967,1716,231,1730,251,1723.0,241.0,multiline,none,-1,False,stationary,0.42,4.57,False,True
777,25.9,1162,car,0.9172,1749,606,1919,686,1834.0,646.0,multiline,none,-1,False,stationary,3.87,42.51,False,True
777,25.9,1170,car,0.8419,38,528,156,579,97.0,553.5,multiline,none,-1,False,stationary,2.65,29.06,False,True
778,25.9333,763,person,0.7053,1717,231,1730,251,1723.5,241.0,multiline,none,-1,False,stationary,0.46,4.93,False,True
778,25.9333,1162,car,0.9053,1741,606,1919,687,1830.0,646.5,multiline,none,-1,False,stationary,3.96,43.42,False,True
778,25.9333,1170,car,0.8576,33,528,155,579,94.0,553.5,multiline,none,-1,False,stationary,2.66,29.15,False,True
778,25.9333,1132,car,0.293,1581,561,1736,632,1658.5,596.5,multiline,none,-1,False,stationary,7.41,81.52,False,True
779,25.9667,763,person,0.7117,1718,231,1731,251,1724.5,241.0,multiline,none,-1,False,stationary,0.49,5.33,False,True
779,25.9667,1162,car,0.8774,1733,605,1919,687,1826.0,646.0,multiline,none,-1,False,stationary,4.03,44.18,False,True
779,25.9667,1170,car,0.8895,28,526,155,578,91.5,552.0,multiline,none,-1,False,stationary,2.67,29.26,False,True
780,26.0,763,person,0.6902,1719,231,1732,251,1725.5,241.0,multiline,none,-1,False,stationary,0.53,5.77,False,True
780,26.0,1162,car,0.9058,1725,605,1919,688,1822.0,646.5,multiline,none,-1,False,stationary,4.07,44.7,False,True
780,26.0,1170,car,0.898,22,525,154,578,88.0,551.5,multiline,none,-1,False,stationary,2.73,29.83,False,True
781,26.0333,763,person,0.6333,1719,231,1732,251,1725.5,241.0,multiline,none,-1,False,stationary,0.54,5.88,False,True
781,26.0333,1162,car,0.9096,1716,605,1917,688,1816.5,646.5,multiline,none,-1,False,stationary,4.15,45.56,False,True
781,26.0333,1170,car,0.9117,17,523,152,578,84.5,550.5,multiline,none,-1,False,stationary,2.79,30.55,False,True
781,26.0333,1132,car,0.3298,1568,561,1718,630,1643.0,595.5,multiline,none,-1,False,stationary,7.81,85.9,False,True
782,26.0667,763,person,0.4366,1720,231,1733,251,1726.5,241.0,multiline,none,-1,False,stationary,0.58,6.29,False,True
782,26.0667,1162,car,0.9001,1708,604,1914,688,1811.0,646.0,multiline,none,-1,False,stationary,4.24,46.63,False,True
782,26.0667,1170,car,0.9075,13,522,150,577,81.5,549.5,multiline,none,-1,False,stationary,2.85,31.23,False,True
782,26.0667,1202,truck,0.5282,1291,529,1655,666,1473.0,597.5,multiline,none,-1,False,insufficient_data,0.0,0.0,False,True
783,26.1,763,person,0.4686,1721,231,1732,251,1726.5,241.0,multiline,none,-1,False,stationary,0.59,6.37,False,True
783,26.1,1162,car,0.9273,1700,604,1909,687,1804.5,645.5,multiline,none,-1,False,stationary,4.39,48.2,False,True
783,26.1,1170,car,0.908,9,520,148,577,78.5,548.5,multiline,none,-1,False,stationary,2.91,31.85,False,True
783,26.1,1202,truck,0.3965,1289,528,1655,666,1472.0,597.0,multiline,none,-1,False,insufficient_data,0.0,0.0,False,True
784,26.1333,763,person,0.3236,1721,232,1732,251,1726.5,241.5,multiline,none,-1,False,stationary,0.6,6.4,False,True
784,26.1333,1162,car,0.9168,1692,604,1903,687,1797.5,645.5,multiline,none,-1,False,stationary,4.56,50.08,False,True
784,26.1333,1170,car,0.906,7,519,144,576,75.5,547.5,multiline,none,-1,False,stationary,2.95,32.28,False,True
784,26.1333,1202,truck,0.6544,1286,531,1652,666,1469.0,598.5,multiline,none,-1,False,insufficient_data,0.0,0.0,False,True
784,26.1333,1203,car,0.8509,1655,695,1893,776,1774.0,735.5,multiline,none,-1,False,insufficient_data,0.0,0.0,False,True
784,26.1333,1204,person,0.5264,1728,231,1737,253,1732.5,242.0,multiline,none,-1,False,insufficient_data,0.0,0.0,False,True
785,26.1667,1162,car,0.7861,1686,604,1897,687,1791.5,645.5,multiline,none,-1,False,stationary,4.72,51.83,False,True
785,26.1667,1170,car,0.9061,5,518,140,576,72.5,547.0,multiline,none,-1,False,stationary,2.99,32.77,False,True
785,26.1667,1202,truck,0.7404,1282,530,1646,666,1464.0,598.0,multiline,none,-1,False,insufficient_data,0.0,0.0,False,True
785,26.1667,1203,car,0.7148,1658,695,1898,776,1778.0,735.5,multiline,none,-1,False,insufficient_data,0.0,0.0,False,True
785,26.1667,1204,person,0.4933,1727,231,1737,253,1732.0,242.0,multiline,none,-1,False,insufficient_data,0.0,0.0,False,True
786,26.2,1162,car,0.8764,1672,604,1889,686,1780.5,645.0,multiline,none,-1,False,stationary,5.05,55.41,False,True
786,26.2,1170,car,0.919,4,518,136,575,70.0,546.5,multiline,none,-1,False,stationary,3.02,33.15,False,True
786,26.2,1202,truck,0.6036,1277,530,1639,666,1458.0,598.0,multiline,none,-1,False,recently_moving,2.03,8.02,True,True
786,26.2,1203,car,0.7904,1669,696,1903,776,1786.0,736.0,multiline,none,-1,False,insufficient_data,0.0,0.0,False,True
786,26.2,1204,person,0.6162,1726,231,1737,253,1731.5,242.0,multiline,none,-1,False,insufficient_data,0.0,0.0,False,True
787,26.2333,1162,car,0.8851,1657,603,1882,686,1769.5,644.5,multiline,none,-1,False,stationary,5.48,60.17,False,True
787,26.2333,1170,car,0.9061,3,517,131,574,67.0,545.5,multiline,none,-1,False,stationary,3.05,33.43,False,True
787,26.2333,1202,truck,0.731,1271,529,1633,667,1452.0,598.0,multiline,none,-1,False,recently_moving,2.54,12.57,True,True
787,26.2333,1203,car,0.5704,1682,693,1907,776,1794.5,734.5,multiline,none,-1,False,insufficient_data,0.0,0.0,False,True
787,26.2333,1204,person,0.6092,1725,231,1737,253,1731.0,242.0,multiline,none,-1,False,insufficient_data,0.0,0.0,False,True
788,26.2667,1162,car,0.8864,1643,603,1874,685,1758.5,644.0,multiline,none,-1,False,stationary,5.97,65.54,False,True
788,26.2667,1170,car,0.9135,2,516,126,574,64.0,545.0,multiline,none,-1,False,stationary,3.07,33.66,False,True
788,26.2667,1202,truck,0.6188,1265,529,1625,667,1445.0,598.0,multiline,none,-1,False,recently_moving,3.02,17.99,True,True
788,26.2667,1203,car,0.8712,1698,691,1910,776,1804.0,733.5,multiline,none,-1,False,recently_moving,4.34,17.33,True,True
788,26.2667,1204,person,0.5542,1724,231,1737,253,1730.5,242.0,multiline,none,-1,False,recently_moving,0.31,1.25,True,True
789,26.3,1162,car,0.8596,1633,603,1865,684,1749.0,643.5,multiline,none,-1,False,stationary,6.46,70.97,False,True
789,26.3,1170,car,0.9121,1,515,121,573,61.0,544.0,multiline,none,-1,False,stationary,3.08,33.9,False,True
789,26.3,1202,truck,0.7138,1258,528,1617,667,1437.5,597.5,multiline,line_crossed,2,True,recently_moving,3.46,24.13,True,True
789,26.3,1203,car,0.6223,1714,692,1913,775,1813.5,733.5,multiline,none,-1,False,recently_moving,5.03,25.11,True,True
789,26.3,1204,person,0.5283,1724,231,1737,253,1730.5,242.0,multiline,none,-1,False,recently_moving,0.3,1.52,True,True
790,26.3333,1162,car,0.7376,1624,602,1856,684,1740.0,643.0,multiline,none,-1,False,stationary,6.94,76.26,False,True
790,26.3333,1170,car,0.8888,1,515,115,572,58.0,543.5,multiline,none,-1,False,stationary,3.11,34.14,False,True
790,26.3333,1202,truck,0.7551,1252,527,1609,667,1430.5,597.0,multiline,none,-1,False,recently_moving,3.84,30.57,True,True
790,26.3333,1203,car,0.8325,1730,691,1914,775,1822.0,733.0,multiline,none,-1,False,recently_moving,5.53,33.14,True,True
790,26.3333,1204,person,0.4805,1724,231,1737,253,1730.5,242.0,multiline,none,-1,False,recently_moving,0.28,1.69,True,True
791,26.3667,1162,car,0.5702,1616,602,1847,684,1731.5,643.0,multiline,none,-1,False,stationary,7.39,81.29,False,True
791,26.3667,1170,car,0.8995,0,514,109,571,54.5,542.5,multiline,none,-1,False,stationary,3.12,34.36,False,True
791,26.3667,1202,truck,0.6833,1245,527,1601,667,1423.0,597.0,multiline,none,-1,False,recently_moving,4.17,37.39,True,True
791,26.3667,1203,car,0.6738,1749,690,1916,776,1832.5,733.0,multiline,none,-1,False,recently_moving,6.01,42.02,True,True
791,26.3667,1204,person,0.4566,1724,232,1737,253,1730.5,242.5,multiline,none,-1,False,recently_moving,0.27,1.82,True,True
791,26.3667,1213,car,0.4414,380,600,532,680,456.0,640.0,multiline,none,-1,False,insufficient_data,0.0,0.0,False,True
792,26.4,1162,car,0.8342,1613,602,1838,684,1725.5,643.0,multiline,none,-1,False,stationary,7.7,84.73,False,True
792,26.4,1170,car,0.9079,0,513,104,570,52.0,541.5,multiline,none,-1,False,stationary,3.11,34.16,False,True
792,26.4,1202,truck,0.6366,1238,529,1593,667,1415.5,598.0,multiline,none,-1,False,recently_moving,4.46,44.45,True,True
792,26.4,1203,car,0.8763,1769,689,1917,776,1843.0,732.5,multiline,none,-1,False,recently_moving,6.44,51.47,True,True
792,26.4,1204,person,0.5943,1724,232,1737,253,1730.5,242.5,multiline,none,-1,False,recently_moving,0.25,1.9,True,True
792,26.4,1213,car,0.2845,382,600,532,680,457.0,640.0,multiline,none,-1,False,insufficient_data,0.0,0.0,False,True
793,26.4333,1162,car,0.8013,1609,602,1829,683,1719.0,642.5,multiline,none,-1,False,stationary,7.94,87.32,False,True
793,26.4333,1170,car,0.92,0,513,98,569,49.0,541.0,multiline,none,-1,False,stationary,3.09,33.99,False,True
793,26.4333,1202,truck,0.727,1230,530,1585,667,1407.5,598.5,multiline,none,-1,False,recently_moving,4.73,51.84,True,True
793,26.4333,1203,car,0.5889,1790,688,1917,775,1853.5,731.5,multiline,none,-1,False,recently_moving,6.81,61.3,True,True
793,26.4333,1204,person,0.654,1725,232,1737,254,1731.0,243.0,multiline,none,-1,False,recently_moving,0.26,1.83,True,True
793,26.4333,1213,car,0.4278,389,600,532,680,460.5,640.0,multiline,none,-1,False,insufficient_data,0.0,0.0,False,True
794,26.4667,1162,car,0.4885,1607,602,1820,683,1713.5,642.5,multiline,none,-1,False,stationary,8.06,88.65,False,True
794,26.4667,1170,car,0.9097,0,512,92,569,46.0,540.5,multiline,none,-1,False,stationary,3.08,33.82,False,True
794,26.4667,1202,truck,0.4364,1223,533,1555,666,1389.0,599.5,multiline,none,-1,False,recently_moving,5.72,62.77,True,True
794,26.4667,1204,person,0.659,1726,232,1738,254,1732.0,243.0,multiline,none,-1,False,recently_moving,0.28,1.48,True,True
794,26.4667,1213,car,0.546,395,601,543,680,469.0,640.5,multiline,none,-1,False,insufficient_data,0.0,0.0,False,True
795,26.5,1162,car,0.7312,1610,602,1811,682,1710.5,642.0,multiline,none,-1,False,stationary,8.01,88.11,False,True
795,26.5,1170,car,0.93,0,512,86,569,43.0,540.5,multiline,none,-1,False,stationary,3.06,33.64,False,True
795,26.5,1202,truck,0.5195,1216,533,1549,666,1382.5,599.5,multiline,none,-1,False,recently_moving,6.47,71.1,True,True
795,26.5,1204,person,0.6186,1726,232,1738,254,1732.0,243.0,multiline,none,-1,False,recently_moving,0.28,1.3,True,True
796,26.5333,1162,car,0.6083,1612,603,1802,682,1707.0,642.5,multiline,none,-1,False,stationary,7.9,86.88,False,True
796,26.5333,1170,car,0.9016,0,512,80,568,40.0,540.0,multiline,none,-1,False,stationary,3.05,33.51,False,True
796,26.5333,1202,truck,0.3653,1209,534,1547,665,1378.0,599.5,multiline,none,-1,False,recently_moving,6.94,76.33,True,True
796,26.5333,1204,person,0.5724,1727,232,1738,254,1732.5,243.0,multiline,none,-1,False,recently_moving,0.3,0.97,True,True
797,26.5667,1170,car,0.8956,0,511,74,568,37.0,539.5,multiline,none,-1,False,stationary,3.06,33.59,False,True
797,26.5667,1202,truck,0.3338,1202,535,1546,665,1374.0,600.0,multiline,none,-1,False,stationary,7.19,79.02,False,True
797,26.5667,1204,person,0.4609,1727,232,1738,254,1732.5,243.0,multiline,none,-1,False,recently_moving,0.29,0.9,True,True
798,26.6,1170,car,0.8865,0,511,68,567,34.0,539.0,multiline,none,-1,False,stationary,3.06,33.6,False,True
798,26.6,1202,truck,0.6481,1195,535,1545,665,1370.0,600.0,multiline,none,-1,False,stationary,7.28,80.07,False,True
798,26.6,1162,car,0.3095,1611,605,1791,682,1701.0,643.5,multiline,none,-1,False,stationary,7.67,84.29,False,True
799,26.6333,1170,car,0.7989,0,511,62,565,31.0,538.0,multiline,none,-1,False,stationary,3.06,33.64,False,True
799,26.6333,1202,truck,0.6543,1187,535,1544,665,1365.5,600.0,multiline,none,-1,False,stationary,7.26,79.87,False,True
800,26.6667,1170,car,0.7823,0,511,56,563,28.0,537.0,multiline,none,-1,False,stationary,3.06,33.65,False,True
800,26.6667,1202,truck,0.6895,1180,535,1539,664,1359.5,599.5,multiline,none,-1,False,stationary,7.2,79.21,False,True
800,26.6667,1204,person,0.4835,1728,231,1738,254,1733.0,242.5,multiline,none,-1,False,recently_moving,0.29,1.04,True,True
801,26.7,1170,car,0.7492,0,511,50,562,25.0,536.5,multiline,none,-1,False,stationary,3.06,33.66,False,True
801,26.7,1202,truck,0.6836,1172,535,1535,663,1353.5,599.0,multiline,none,-1,False,stationary,7.13,78.43,False,True
801,26.7,1204,person,0.375,1728,231,1739,254,1733.5,242.5,multiline,none,-1,False,stationary,0.29,1.66,False,True
802,26.7333,1170,car,0.5048,0,512,43,560,21.5,536.0,multiline,none,-1,False,stationary,3.06,33.63,False,True
802,26.7333,1202,truck,0.3817,1165,536,1532,662,1348.5,599.0,multiline,none,-1,False,stationary,7.01,77.04,False,True
802,26.7333,1204,person,0.5114,1728,231,1740,254,1734.0,242.5,multiline,none,-1,False,stationary,0.31,2.32,False,True
803,26.7667,1202,truck,0.4875,1157,537,1527,662,1342.0,599.5,multiline,none,-1,False,stationary,6.89,75.78,False,True
803,26.7667,1204,person,0.4232,1729,230,1741,255,1735.0,242.5,multiline,none,-1,False,stationary,0.35,3.1,False,True
804,26.8,1202,truck,0.6428,1150,537,1520,662,1335.0,599.5,multiline,none,-1,False,stationary,6.78,74.59,False,True
804,26.8,1132,car,0.5219,1496,559,1656,628,1576.0,593.5,multiline,none,-1,False,stationary,9.93,109.23,False,True
805,26.8333,1202,truck,0.4291,1142,537,1515,662,1328.5,599.5,multiline,none,-1,False,stationary,6.33,69.63,False,True
805,26.8333,1132,car,0.4423,1439,556,1613,627,1526.0,591.5,multiline,none,-1,False,stationary,12.73,139.98,False,True
806,26.8667,1202,truck,0.3092,1135,538,1508,663,1321.5,600.5,multiline,none,-1,False,stationary,6.06,66.58,False,True
806,26.8667,1132,car,0.4279,1395,552,1584,626,1489.5,589.0,multiline,none,-1,False,moving,15.5,170.5,True,True
807,26.9,1202,truck,0.5105,1127,538,1494,662,1310.5,600.0,multiline,none,-1,False,stationary,6.08,66.87,False,True
807,26.9,1132,car,0.3225,1359,549,1551,625,1455.0,587.0,multiline,none,-1,False,moving,18.2,200.17,True,True
807,26.9,1227,car,0.7655,755,629,808,693,781.5,661.0,multiline,none,-1,False,insufficient_data,0.0,0.0,False,True
808,26.9333,1202,truck,0.3642,1121,538,1484,661,1302.5,599.5,multiline,none,-1,False,stationary,6.23,68.47,False,True
808,26.9333,1132,car,0.5181,1331,546,1522,623,1426.5,584.5,multiline,line_crossed,2,True,moving,20.46,225.08,True,True
808,26.9333,1227,car,0.5451,753,627,809,694,781.0,660.5,multiline,none,-1,False,insufficient_data,0.0,0.0,False,True
808,26.9333,1213,car,0.4506,442,605,612,685,527.0,645.0,multiline,line_crossed,0,True,recently_moving,7.17,28.66,True,True
809,26.9667,1132,car,0.6459,1308,544,1497,622,1402.5,583.0,multiline,none,-1,False,moving,22.46,247.04,True,True
809,26.9667,1227,car,0.7139,752,626,812,695,782.0,660.5,multiline,none,-1,False,insufficient_data,0.0,0.0,False,True
810,27.0,1132,car,0.6867,1289,543,1477,622,1383.0,582.5,multiline,none,-1,False,moving,24.24,266.58,True,True
810,27.0,1227,car,0.4199,751,624,814,695,782.5,659.5,multiline,none,-1,False,insufficient_data,0.0,0.0,False,True
811,27.0333,1132,car,0.7726,1273,541,1461,621,1367.0,581.0,multiline,none,-1,False,moving,25.79,283.7,True,True
811,27.0333,1227,car,0.5215,751,624,815,696,783.0,660.0,multiline,none,-1,False,recently_moving,0.36,1.12,True,True
812,27.0667,1132,car,0.7693,1258,540,1446,620,1352.0,580.0,multiline,none,-1,False,moving,26.9,295.86,True,True
812,27.0667,1227,car,0.7028,753,623,816,696,784.5,659.5,multiline,none,-1,False,recently_moving,0.45,1.87,True,True
813,27.1,1132,car,0.6841,1246,539,1433,619,1339.5,579.0,multiline,none,-1,False,moving,27.65,304.13,True,True
813,27.1,1227,car,0.7911,755,623,818,696,786.5,659.5,multiline,none,-1,False,recently_moving,0.58,3.01,True,True
814,27.1333,1132,car,0.8071,1234,539,1421,619,1327.5,579.0,multiline,none,-1,False,moving,28.02,308.26,True,True
814,27.1333,1227,car,0.694,757,624,820,697,788.5,660.5,multiline,none,-1,False,recently_moving,0.71,4.35,True,True
814,27.1333,1238,car,0.8871,280,538,435,601,357.5,569.5,multiline,none,-1,False,insufficient_data,0.0,0.0,False,True
815,27.1667,1132,car,0.8195,1224,538,1409,618,1316.5,578.0,multiline,none,-1,False,moving,26.49,291.37,True,True
815,27.1667,1227,car,0.4863,762,625,820,697,791.0,661.0,multiline,none,-1,False,recently_moving,0.86,6.11,True,True
815,27.1667,1238,car,0.8801,278,537,434,601,356.0,569.0,multiline,none,-1,False,insufficient_data,0.0,0.0,False,True
815,27.1667,1202,truck,0.58,1123,542,1470,662,1296.5,602.0,multiline,none,-1,False,stationary,6.39,70.22,False,True
815,27.1667,1213,car,0.7613,526,610,697,689,611.5,649.5,multiline,none,-1,False,recently_moving,14.64,73.18,True,True
816,27.2,1132,car,0.8258,1215,538,1398,618,1306.5,578.0,multiline,none,-1,False,moving,24.22,266.37,True,True
816,27.2,1238,car,0.8894,275,537,431,600,353.0,568.5,multiline,none,-1,False,insufficient_data,0.0,0.0,False,True
816,27.2,1202,truck,0.313,1125,545,1457,662,1291.0,603.5,multiline,none,-1,False,stationary,6.53,71.73,False,True
817,27.2333,1132,car,0.6706,1206,538,1389,618,1297.5,578.0,multiline,none,-1,False,moving,21.86,240.45,True,True
817,27.2333,1238,car,0.8904,272,536,428,599,350.0,567.5,multiline,none,-1,False,insufficient_data,0.0,0.0,False,True
818,27.2667,1132,car,0.6942,1196,537,1379,617,1287.5,577.0,multiline,none,-1,False,moving,19.55,215.02,True,True
818,27.2667,1238,car,0.8842,269,536,423,598,346.0,567.0,multiline,none,-1,False,recently_moving,1.68,6.72,True,True
819,27.3,1132,car,0.575,1187,537,1370,616,1278.5,576.5,multiline,none,-1,False,moving,17.42,191.65,True,True
819,27.3,1238,car,0.8436,266,536,418,597,342.0,566.5,multiline,none,-1,False,recently_moving,1.98,9.9,True,True
819,27.3,1245,person,0.3661,1740,229,1748,251,1744.0,240.0,multiline,none,-1,False,insufficient_data,0.0,0.0,False,True
819,27.3,1213,car,0.4678,623,616,782,695,702.5,655.5,multiline,none,-1,False,moving,22.34,134.04,True,True
820,27.3333,1132,car,0.5984,1172,537,1362,617,1267.0,577.0,multiline,none,-1,False,moving,15.64,172.06,True,True
820,27.3333,1238,car,0.8654,264,536,413,596,338.5,566.0,multiline,none,-1,False,recently_moving,2.2,13.2,True,True
820,27.3333,1245,person,0.3816,1740,229,1748,251,1744.0,240.0,multiline,none,-1,False,insufficient_data,0.0,0.0,False,True
821,27.3667,1132,car,0.5016,1163,536,1353,617,1258.0,576.5,multiline,none,-1,False,recently_moving,14.15,155.65,True,True
821,27.3667,1238,car,0.5421,262,536,407,596,334.5,566.0,multiline,none,-1,False,recently_moving,2.39,16.72,True,True
821,27.3667,1245,person,0.3669,1740,229,1749,251,1744.5,240.0,multiline,none,-1,False,insufficient_data,0.0,0.0,False,True
821,27.3667,1250,car,0.6316,1361,589,1550,665,1455.5,627.0,multiline,none,-1,False,insufficient_data,0.0,0.0,False,True
822,27.4,1132,car,0.6531,1155,536,1345,617,1250.0,576.5,multiline,none,-1,False,recently_moving,12.92,142.15,True,True
822,27.4,1238,car,0.7684,261,535,402,595,331.5,565.0,multiline,none,-1,False,recently_moving,2.52,20.1,True,True
822,27.4,1245,person,0.4054,1740,229,1749,251,1744.5,240.0,multiline,none,-1,False,insufficient_data,0.0,0.0,False,True
822,27.4,1250,car,0.5174,1360,589,1549,666,1454.5,627.5,multiline,none,-1,False,insufficient_data,0.0,0.0,False,True
823,27.4333,1132,car,0.7898,1150,536,1336,616,1243.0,576.0,multiline,none,-1,False,recently_moving,11.87,130.57,True,True
823,27.4333,1238,car,0.4553,258,534,397,594,327.5,564.0,multiline,none,-1,False,recently_moving,2.64,23.74,True,True
823,27.4333,1245,person,0.3929,1740,229,1750,251,1745.0,240.0,multiline,none,-1,False,recently_moving,0.14,0.55,True,True
823,27.4333,1250,car,0.6748,1358,589,1546,667,1452.0,628.0,multiline,none,-1,False,insufficient_data,0.0,0.0,False,True
824,27.4667,1132,car,0.5663,1143,536,1328,616,1235.5,576.0,multiline,none,-1,False,recently_moving,11.03,121.28,True,True
824,27.4667,1238,car,0.664,255,533,393,593,324.0,563.0,multiline,none,-1,False,recently_moving,2.74,27.38,True,True
824,27.4667,1245,person,0.4002,1740,229,1750,251,1745.0,240.0,multiline,none,-1,False,recently_moving,0.14,0.71,True,True
824,27.4667,1250,car,0.3961,1352,589,1542,667,1447.0,628.0,multiline,none,-1,False,insufficient_data,0.0,0.0,False,True
824,27.4667,1213,car,0.6227,704,620,870,702,787.0,661.0,multiline,none,-1,False,moving,29.03,203.23,True,True
825,27.5,1132,car,0.7675,1139,536,1320,615,1229.5,575.5,multiline,none,-1,False,recently_moving,10.29,113.16,True,True
825,27.5,1238,car,0.4566,253,534,381,592,317.0,563.0,multiline,none,-1,False,recently_moving,2.93,32.15,True,True
825,27.5,1245,person,0.2982,1740,229,1751,251,1745.5,240.0,multiline,none,-1,False,recently_moving,0.16,0.99,True,True
825,27.5,1250,car,0.5974,1347,589,1535,667,1441.0,628.0,multiline,none,-1,False,recently_moving,1.93,7.66,True,True
825,27.5,1213,car,0.4119,768,622,941,709,854.5,665.5,multiline,none,-1,False,moving,33.99,271.88,True,True
825,27.5,1202,truck,0.4389,1118,543,1425,660,1271.5,601.5,multiline,none,-1,False,stationary,7.05,77.43,False,True
826,27.5333,1132,car,0.794,1134,536,1313,615,1223.5,575.5,multiline,none,-1,False,recently_moving,9.65,106.1,True,True
826,27.5333,1238,car,0.6335,251,533,368,593,309.5,563.0,multiline,none,-1,False,recently_moving,3.4,37.29,True,True
826,27.5333,1245,person,0.3053,1740,229,1752,251,1746.0,240.0,multiline,none,-1,False,recently_moving,0.19,1.36,True,True
826,27.5333,1250,car,0.751,1340,589,1530,667,1435.0,628.0,multiline,line_crossed,2,True,recently_moving,2.44,12.15,True,True
826,27.5333,1213,car,0.817,820,625,999,714,909.5,669.5,multiline,none,-1,False,moving,37.31,335.82,True,True
827,27.5667,1132,car,0.6421,1129,535,1305,615,1217.0,575.0,multiline,none,-1,False,recently_moving,9.12,100.3,True,True
827,27.5667,1238,car,0.7861,249,532,357,593,303.0,562.5,multiline,none,-1,False,recently_moving,3.81,41.86,True,True
827,27.5667,1250,car,0.8319,1334,589,1524,666,1429.0,627.5,multiline,none,-1,False,recently_moving,2.87,17.16,True,True
827,27.5667,1213,car,0.7719,860,628,1048,718,954.0,673.0,multiline,none,-1,False,moving,39.3,392.99,True,True
828,27.6,1132,car,0.5651,1125,535,1297,614,1211.0,574.5,multiline,none,-1,False,recently_moving,8.68,95.49,True,True
828,27.6,1238,car,0.759,248,530,349,594,298.5,562.0,multiline,none,-1,False,recently_moving,4.13,45.32,True,True
828,27.6,1250,car,0.6836,1330,591,1516,666,1423.0,628.5,multiline,none,-1,False,recently_moving,3.23,22.53,True,True
828,27.6,1213,car,0.5805,887,630,1090,720,988.5,675.0,multiline,none,-1,False,moving,40.21,442.26,True,True
829,27.6333,1132,car,0.7485,1120,535,1289,614,1204.5,574.5,multiline,none,-1,False,recently_moving,8.28,91.12,True,True
829,27.6333,1238,car,0.6793,248,528,343,594,295.5,561.0,multiline,none,-1,False,stationary,4.3,47.25,False,True
829,27.6333,1250,car,0.7384,1323,591,1508,666,1415.5,628.5,multiline,none,-1,False,recently_moving,3.59,28.65,True,True
829,27.6333,1213,car,0.6883,925,632,1126,723,1025.5,677.5,multiline,none,-1,False,moving,44.26,486.9,True,True
830,27.6667,1132,car,0.7691,1116,534,1281,614,1198.5,574.0,multiline,none,-1,False,recently_moving,7.93,87.22,True,True
830,27.6667,1238,car,0.5153,247,527,338,594,292.5,560.5,multiline,none,-1,False,stationary,4.38,48.15,False,True
830,27.6667,1250,car,0.6739,1315,591,1501,665,1408.0,628.0,multiline,none,-1,False,recently_moving,3.92,35.23,True,True
830,27.6667,1213,car,0.8062,961,635,1159,725,1060.0,680.0,multiline,none,-1,False,moving,47.89,526.82,True,True
831,27.7,1132,car,0.8175,1113,534,1273,614,1193.0,574.0,multiline,none,-1,False,recently_moving,7.51,82.6,True,True
831,27.7,1238,car,0.6457,246,526,334,594,290.0,560.0,multiline,none,-1,False,stationary,4.4,48.39,False,True
831,27.7,1250,car,0.7227,1306,590,1495,665,1400.5,627.5,multiline,none,-1,False,recently_moving,4.22,42.14,True,True
831,27.7,1213,car,0.8564,992,637,1188,727,1090.0,682.0,multiline,none,-1,False,moving,50.94,560.3,True,True
832,27.7333,1132,car,0.6408,1111,534,1265,613,1188.0,573.5,multiline,none,-1,False,recently_moving,7.11,78.2,True,True
832,27.7333,1238,car,0.6605,245,526,330,593,287.5,559.5,multiline,none,-1,False,stationary,4.37,48.04,False,True
832,27.7333,1250,car,0.3937,1301,592,1485,664,1393.0,628.0,multiline,none,-1,False,recently_moving,4.49,49.26,True,True
832,27.7333,1213,car,0.8519,1015,639,1216,728,1115.5,683.5,multiline,none,-1,False,moving,51.87,570.62,True,True
833,27.7667,1238,car,0.6615,243,525,325,592,284.0,558.5,multiline,none,-1,False,stationary,4.37,48.0,False,True
833,27.7667,1250,car,0.8015,1293,591,1474,664,1383.5,627.5,multiline,none,-1,False,recently_moving,5.17,56.85,True,True
833,27.7667,1213,car,0.8927,1040,641,1241,729,1140.5,685.0,multiline,none,-1,False,moving,50.59,556.49,True,True
834,27.8,1238,car,0.5969,242,525,321,590,281.5,557.5,multiline,none,-1,False,stationary,4.32,47.45,False,True
834,27.8,1250,car,0.82,1284,590,1466,663,1375.0,626.5,multiline,none,-1,False,recently_moving,5.81,63.9,True,True
834,27.8,1213,car,0.8905,1063,643,1266,731,1164.5,687.0,multiline,none,-1,False,moving,47.62,523.8,True,True
835,27.8333,1238,car,0.7816,241,525,317,588,279.0,556.5,multiline,none,-1,False,stationary,4.26,46.76,False,True
835,27.8333,1250,car,0.8147,1275,589,1457,662,1366.0,625.5,multiline,none,-1,False,recently_moving,6.36,69.89,True,True
835,27.8333,1213,car,0.8938,1087,644,1289,732,1188.0,688.0,multiline,none,-1,False,moving,43.74,481.14,True,True
836,27.8667,1238,car,0.5291,240,525,312,587,276.0,556.0,multiline,none,-1,False,stationary,4.1,44.95,False,True
836,27.8667,1250,car,0.6633,1266,588,1449,661,1357.5,624.5,multiline,none,-1,False,stationary,6.79,74.68,False,True
836,27.8667,1213,car,0.8714,1111,645,1313,734,1212.0,689.5,multiline,none,-1,False,moving,39.83,438.14,True,True
837,27.9,1238,car,0.3787,239,525,307,586,273.0,555.5,multiline,none,-1,False,stationary,3.85,42.25,False,True
837,27.9,1250,car,0.7386,1257,587,1441,661,1349.0,624.0,multiline,none,-1,False,stationary,7.16,78.68,False,True
837,27.9,1213,car,0.8758,1136,647,1336,735,1236.0,691.0,multiline,none,-1,False,moving,36.3,399.3,True,True
837,27.9,1202,truck,0.5561,1062,539,1375,660,1218.5,599.5,multiline,none,-1,False,stationary,8.88,97.58,False,True
838,27.9333,1238,car,0.334,239,525,302,585,270.5,555.0,multiline,none,-1,False,stationary,3.57,39.14,False,True
838,27.9333,1250,car,0.7947,1249,585,1433,660,1341.0,622.5,multiline,none,-1,False,stationary,7.46,82.0,False,True
838,27.9333,1213,car,0.8488,1161,648,1354,735,1257.5,691.5,multiline,none,-1,False,moving,33.27,365.95,True,True
838,27.9333,1202,truck,0.3412,1019,536,1335,659,1177.0,597.5,multiline,none,-1,False,stationary,11.24,123.46,False,True
838,27.9333,1245,person,0.3635,1741,229,1754,251,1747.5,240.0,multiline,none,-1,False,recently_moving,0.26,2.1,True,True
839,27.9667,1250,car,0.8424,1240,585,1424,659,1332.0,622.0,multiline,none,-1,False,stationary,7.76,85.24,False,True
839,27.9667,1213,car,0.8032,1184,649,1368,736,1276.0,692.5,multiline,none,-1,False,moving,30.79,338.66,True,True
840,28.0,1250,car,0.7659,1232,584,1415,657,1323.5,620.5,multiline,none,-1,False,stationary,7.98,87.73,False,True
840,28.0,1213,car,0.8323,1207,650,1386,736,1296.5,693.0,multiline,none,-1,False,moving,28.65,315.12,True,True
840,28.0,1132,car,0.3488,1094,534,1242,613,1168.0,573.5,multiline,none,-1,False,recently_moving,7.23,79.57,True,True
841,28.0333,1250,car,0.8804,1224,583,1406,656,1315.0,619.5,multiline,none,-1,False,stationary,8.16,89.73,False,True
841,28.0333,1213,car,0.7196,1228,650,1410,737,1319.0,693.5,multiline,none,-1,False,moving,26.87,295.57,True,True
842,28.0667,1250,car,0.884,1216,583,1397,656,1306.5,619.5,multiline,none,-1,False,stationary,8.31,91.39,False,True
842,28.0667,1213,car,0.7317,1249,651,1430,739,1339.5,695.0,multiline,none,-1,False,moving,25.41,279.51,True,True
842,28.0667,1202,car,0.331,994,534,1297,656,1145.5,595.0,multiline,none,-1,False,stationary,13.57,149.07,False,True
842,28.0667,1245,person,0.3648,1743,229,1755,251,1749.0,240.0,multiline,none,-1,False,recently_moving,0.34,3.08,True,True
843,28.1,1250,car,0.8826,1209,583,1388,655,1298.5,619.0,multiline,none,-1,False,stationary,8.43,92.66,False,True
843,28.1,1213,car,0.3784,1268,656,1447,741,1357.5,698.5,multiline,none,-1,False,moving,24.23,266.51,True,True
843,28.1,1268,car,0.5171,103,529,166,580,134.5,554.5,multiline,none,-1,False,insufficient_data,0.0,0.0,False,True
843,28.1,1245,person,0.5449,1744,229,1757,251,1750.5,240.0,multiline,none,-1,False,recently_moving,0.43,4.25,True,True
844,28.1333,1250,car,0.8838,1203,582,1381,655,1292.0,618.5,multiline,none,-1,False,stationary,8.4,92.43,False,True
844,28.1333,1213,car,0.3815,1285,661,1460,742,1372.5,701.5,multiline,none,-1,False,moving,23.15,254.61,True,True
844,28.1333,1268,car,0.5514,102,529,166,579,134.0,554.0,multiline,none,-1,False,insufficient_data,0.0,0.0,False,True
844,28.1333,1245,person,0.5438,1745,230,1758,251,1751.5,240.5,multiline,none,-1,False,recently_moving,0.49,5.39,True,True
845,28.1667,1250,car,0.9006,1196,582,1375,655,1285.5,618.5,multiline,none,-1,False,stationary,8.33,91.55,False,True
845,28.1667,1268,car,0.4576,101,529,165,579,133.0,554.0,multiline,none,-1,False,insufficient_data,0.0,0.0,False,True
845,28.1667,1245,person,0.5176,1746,230,1759,251,1752.5,240.5,multiline,none,-1,False,recently_moving,0.59,6.47,True,True
845,28.1667,1202,truck,0.3817,975,532,1269,653,1122.0,592.5,multiline,none,-1,False,moving,15.61,171.5,True,True
846,28.2,1250,car,0.874,1189,581,1368,656,1278.5,618.5,multiline,none,-1,False,stationary,8.21,90.26,False,True
846,28.2,1268,car,0.5137,98,529,164,579,131.0,554.0,multiline,none,-1,False,insufficient_data,0.0,0.0,False,True
846,28.2,1245,person,0.4504,1747,230,1760,251,1753.5,240.5,multiline,none,-1,False,recently_moving,0.67,7.32,True,True
847,28.2333,1250,car,0.8937,1182,581,1360,656,1271.0,618.5,multiline,none,-1,False,stationary,8.1,89.04,False,True
847,28.2333,1268,car,0.5369,95,528,164,578,129.5,553.0,multiline,none,-1,False,recently_moving,0.74,2.91,True,True
848,28.2667,1250,car,0.8743,1174,581,1353,656,1263.5,618.5,multiline,none,-1,False,stationary,7.99,87.87,False,True
848,28.2667,1268,car,0.5571,91,526,163,578,127.0,552.0,multiline,none,-1,False,recently_moving,0.94,4.64,True,True
848,28.2667,1202,car,0.4243,963,533,1235,650,1099.0,591.5,multiline,none,-1,False,moving,17.47,191.86,True,True
848,28.2667,1245,person,0.4289,1748,230,1761,251,1754.5,240.5,multiline,none,-1,False,recently_moving,0.75,8.25,True,True
849,28.3,1250,car,0.8646,1165,580,1345,655,1255.0,617.5,multiline,none,-1,False,stationary,7.94,87.27,False,True
849,28.3,1268,car,0.4941,86,525,162,578,124.0,551.5,multiline,none,-1,False,recently_moving,1.15,6.83,True,True
849,28.3,1245,person,0.3653,1749,230,1762,251,1755.5,240.5,multiline,none,-1,False,stationary,0.82,9.02,False,True
850,28.3333,1250,car,0.8672,1159,580,1337,655,1248.0,617.5,multiline,none,-1,False,stationary,7.84,86.18,False,True
850,28.3333,1268,car,0.6869,81,523,161,577,121.0,550.0,multiline,none,-1,False,recently_moving,1.35,9.41,True,True
850,28.3333,1289,truck,0.4463,0,547,31,607,15.5,577.0,multiline,none,-1,False,insufficient_data,0.0,0.0,False,True
850,28.3333,1291,car,0.6783,798,559,831,615,814.5,587.0,multiline,none,-1,False,insufficient_data,0.0,0.0,False,True
851,28.3667,1250,car,0.884,1152,579,1329,655,1240.5,617.0,multiline,none,-1,False,stationary,7.74,85.11,False,True
851,28.3667,1268,car,0.7251,76,523,161,577,118.5,550.0,multiline,none,-1,False,recently_moving,1.5,11.93,True,True
851,28.3667,1289,truck,0.5335,0,546,32,607,16.0,576.5,multiline,none,-1,False,insufficient_data,0.0,0.0,False,True
851,28.3667,1291,car,0.7091,796,558,830,618,813.0,588.0,multiline,none,-1,False,insufficient_data,0.0,0.0,False,True
851,28.3667,1292,car,0.3724,1066,571,1182,642,1124.0,606.5,multiline,none,-1,False,insufficient_data,0.0,0.0,False,True
852,28.4,1250,car,0.8402,1146,579,1321,654,1233.5,616.5,multiline,none,-1,False,stationary,7.63,83.88,False,True
852,28.4,1268,car,0.7031,70,523,160,577,115.0,550.0,multiline,none,-1,False,recently_moving,1.65,14.75,True,True
852,28.4,1289,car,0.8688,0,541,36,608,18.0,574.5,multiline,none,-1,False,insufficient_data,0.0,0.0,False,True
852,28.4,1292,car,0.3974,1066,571,1183,642,1124.5,606.5,multiline,none,-1,False,insufficient_data,0.0,0.0,False,True
853,28.4333,1250,car,0.7313,1142,579,1313,654,1227.5,616.5,multiline,none,-1,False,stationary,7.47,82.17,False,True
853,28.4333,1268,car,0.7867,64,523,159,576,111.5,549.5,multiline,none,-1,False,recently_moving,1.79,17.81,True,True
853,28.4333,1289,car,0.8899,0,536,43,609,21.5,572.5,multiline,none,-1,False,insufficient_data,0.0,0.0,False,True
853,28.4333,1202,car,0.3525,949,532,1211,649,1080.0,590.5,multiline,none,-1,False,moving,19.05,209.33,True,True
853,28.4333,1245,person,0.3329,1750,230,1763,251,1756.5,240.5,multiline,none,-1,False,stationary,0.9,9.87,False,True
854,28.4667,1250,car,0.8219,1139,579,1305,654,1222.0,616.5,multiline,none,-1,False,stationary,7.29,80.2,False,True
854,28.4667,1268,car,0.8078,59,521,159,575,109.0,548.0,multiline,none,-1,False,recently_moving,1.9,20.79,True,True
854,28.4667,1289,car,0.8994,0,531,51,612,25.5,571.5,multiline,none,-1,False,recently_moving,1.58,6.24,True,True
854,28.4667,1202,truck,0.5067,915,530,1183,646,1049.0,588.0,multiline,none,-1,False,moving,20.72,227.71,True,True
855,28.5,1250,car,0.6701,1137,579,1297,653,1217.0,616.0,multiline,none,-1,False,stationary,7.13,78.41,False,True
855,28.5,1268,car,0.7912,53,521,158,575,105.5,548.0,multiline,none,-1,False,recently_moving,2.16,23.72,True,True
855,28.5,1289,car,0.9075,0,527,60,616,30.0,571.5,multiline,none,-1,False,recently_moving,1.92,9.43,True,True
855,28.5,1202,truck,0.4443,880,529,1166,644,1023.0,586.5,multiline,none,-1,False,moving,22.38,245.96,True,True
855,28.5,1298,truck,0.4406,761,529,841,632,801.0,580.5,multiline,none,-1,False,insufficient_data,0.0,0.0,False,True
855,28.5,1245,person,0.2592,1751,230,1764,251,1757.5,240.5,multiline,none,-1,False,stationary,0.97,10.6,False,True
856,28.5333,1250,car,0.85,1136,579,1288,653,1212.0,616.0,multiline,none,-1,False,stationary,6.97,76.7,False,True
856,28.5333,1268,car,0.6979,51,521,157,575,104.0,548.0,multiline,none,-1,False,recently_moving,2.35,25.77,True,True
856,28.5333,1289,car,0.8726,0,524,69,619,34.5,571.5,multiline,none,-1,False,recently_moving,2.22,13.01,True,True
856,28.5333,1298,truck,0.6185,759,529,841,631,800.0,580.0,multiline,none,-1,False,insufficient_data,0.0,0.0,False,True
857,28.5667,1250,car,0.6023,1134,579,1280,653,1207.0,616.0,multiline,none,-1,False,stationary,6.81,74.87,False,True
857,28.5667,1268,car,0.6977,50,519,157,576,103.5,547.5,multiline,none,-1,False,recently_moving,2.43,26.61,True,True
857,28.5667,1289,car,0.6389,0,522,79,622,39.5,572.0,multiline,none,-1,False,recently_moving,2.5,16.99,True,True
857,28.5667,1298,truck,0.6496,756,528,840,631,798.0,579.5,multiline,none,-1,False,insufficient_data,0.0,0.0,False,True
858,28.6,1250,car,0.4687,1127,579,1272,652,1199.5,615.5,multiline,none,-1,False,stationary,6.7,73.7,False,True
858,28.6,1268,car,0.6956,52,517,157,576,104.5,546.5,multiline,none,-1,False,stationary,2.41,26.32,False,True
858,28.6,1289,truck,0.7118,0,520,90,624,45.0,572.0,multiline,none,-1,False,recently_moving,2.76,21.49,True,True
858,28.6,1298,truck,0.6271,751,528,840,631,795.5,579.5,multiline,none,-1,False,insufficient_data,0.0,0.0,False,True
858,28.6,1245,person,0.3355,1752,230,1765,251,1758.5,240.5,multiline,none,-1,False,stationary,1.02,11.25,False,True
859,28.6333,1250,car,0.4976,1114,579,1264,652,1189.0,615.5,multiline,none,-1,False,stationary,6.73,74.04,False,True
859,28.6333,1268,car,0.7489,54,515,157,575,105.5,545.0,multiline,none,-1,False,stationary,2.34,25.04,False,True
859,28.6333,1289,truck,0.6894,0,519,101,627,50.5,573.0,multiline,none,-1,False,recently_moving,3.0,26.22,True,True
859,28.6333,1298,truck,0.7708,746,527,840,631,793.0,579.0,multiline,none,-1,False,recently_moving,1.18,4.7,True,True
859,28.6333,1245,person,0.292,1753,230,1766,251,1759.5,240.5,multiline,none,-1,False,stationary,1.04,11.47,False,True
860,28.6667,1250,car,0.7058,1101,578,1256,652,1178.5,615.0,multiline,none,-1,False,stationary,6.81,74.92,False,True
860,28.6667,1268,car,0.6994,55,513,156,573,105.5,543.0,multiline,none,-1,False,stationary,2.26,23.33,False,True
860,28.6667,1289,truck,0.882,0,518,111,629,55.5,573.5,multiline,none,-1,False,recently_moving,3.2,31.07,True,True
860,28.6667,1298,truck,0.8641,741,525,838,630,789.5,577.5,multiline,none,-1,False,recently_moving,1.45,7.21,True,True
861,28.7,1250,car,0.6529,1089,577,1248,652,1168.5,614.5,multiline,none,-1,False,stationary,6.96,76.55,False,True
861,28.7,1268,car,0.5653,55,512,155,572,105.0,542.0,multiline,none,-1,False,stationary,2.13,21.39,False,True
861,28.7,1289,truck,0.8184,0,517,121,631,60.5,574.0,multiline,none,-1,False,recently_moving,3.36,35.94,True,True
861,28.7,1298,truck,0.8759,736,524,837,629,786.5,576.5,multiline,none,-1,False,recently_moving,1.67,9.96,True,True
861,28.7,1309,car,0.8782,1761,678,1919,772,1840.0,725.0,multiline,none,-1,False,insufficient_data,0.0,0.0,False,True
862,28.7333,1250,car,0.7282,1080,576,1240,652,1160.0,614.0,multiline,none,-1,False,stationary,7.09,77.96,False,True
862,28.7333,1289,truck,0.8223,0,516,130,633,65.0,574.5,multiline,none,-1,False,recently_moving,3.78,40.5,True,True
862,28.7333,1298,truck,0.895,730,524,835,628,782.5,576.0,multiline,none,-1,False,recently_moving,1.88,13.16,True,True
862,28.7333,1309,car,0.7489,1760,678,1919,771,1839.5,724.5,multiline,none,-1,False,insufficient_data,0.0,0.0,False,True
863,28.7667,1250,car,0.6983,1073,576,1232,651,1152.5,613.5,multiline,none,-1,False,stationary,7.19,79.05,False,True
863,28.7667,1289,truck,0.8576,0,514,139,634,69.5,574.0,multiline,none,-1,False,recently_moving,4.1,44.32,True,True
863,28.7667,1298,truck,0.8757,724,523,833,627,778.5,575.0,multiline,none,-1,False,recently_moving,2.09,16.67,True,True
863,28.7667,1309,car,0.786,1761,678,1919,770,1840.0,724.0,multiline,none,-1,False,insufficient_data,0.0,0.0,False,True
864,28.8,1250,car,0.5269,1068,577,1224,651,1146.0,614.0,multiline,none,-1,False,stationary,7.27,79.91,False,True
864,28.8,1289,truck,0.8575,0,512,147,636,73.5,574.0,multiline,none,-1,False,recently_moving,4.31,46.99,True,True
864,28.8,1298,truck,0.8541,719,522,832,626,775.5,574.0,multiline,none,-1,False,recently_moving,2.23,20.03,True,True
864,28.8,1309,car,0.5892,1767,679,1919,769,1843.0,724.0,multiline,none,-1,False,insufficient_data,0.0,0.0,False,True
864,28.8,1245,person,0.2973,1754,230,1767,251,1760.5,240.5,multiline,none,-1,False,stationary,1.05,11.51,False,True
865,28.8333,1250,car,0.4701,1064,579,1215,650,1139.5,614.5,multiline,none,-1,False,stationary,7.35,80.81,False,True
865,28.8333,1289,truck,0.8167,0,510,153,637,76.5,573.5,multiline,none,-1,False,stationary,4.42,48.4,False,True
865,28.8333,1298,truck,0.8974,716,522,831,626,773.5,574.0,multiline,none,-1,False,recently_moving,2.29,22.9,True,True
865,28.8333,1309,car,0.8177,1779,680,1919,769,1849.0,724.5,multiline,none,-1,False,recently_moving,1.12,3.86,True,True
865,28.8333,1312,car,0.3555,924,570,1193,650,1058.5,610.0,multiline,none,-1,False,insufficient_data,0.0,0.0,False,True
865,28.8333,1245,person,0.3425,1755,230,1768,251,1761.5,240.5,multiline,none,-1,False,stationary,1.03,11.35,False,True
866,28.8667,1250,car,0.6084,1060,579,1207,649,1133.5,614.0,multiline,none,-1,False,stationary,7.43,81.76,False,True
866,28.8667,1289,truck,0.7068,0,509,158,637,79.0,573.0,multiline,none,-1,False,stationary,4.43,48.62,False,True
866,28.8667,1298,truck,0.8577,713,521,831,625,772.0,573.0,multiline,none,-1,False,recently_moving,2.31,25.37,True,True
866,28.8667,1245,person,0.3636,1756,230,1769,251,1762.5,240.5,multiline,none,-1,False,stationary,1.02,11.21,False,True
867,28.9,1250,car,0.5997,1057,580,1198,648,1127.5,614.0,multiline,none,-1,False,stationary,7.52,82.73,False,True
867,28.9,1289,truck,0.5521,0,508,161,637,80.5,572.5,multiline,none,-1,False,stationary,4.34,47.7,False,True
867,28.9,1298,truck,0.8455,711,521,830,625,770.5,573.0,multiline,none,-1,False,recently_moving,2.47,27.11,True,True
867,28.9,1245,person,0.5873,1757,230,1770,251,1763.5,240.5,multiline,none,-1,False,stationary,1.01,11.14,False,True
868,28.9333,1250,car,0.2765,1055,581,1189,647,1122.0,614.0,multiline,none,-1,False,stationary,7.6,83.54,False,True
868,28.9333,1298,truck,0.8505,708,520,830,625,769.0,572.5,multiline,none,-1,False,recently_moving,2.55,28.07,True,True
868,28.9333,1317,car,0.3467,800,523,966,597,883.0,560.0,multiline,none,-1,False,insufficient_data,0.0,0.0,False,True
868,28.9333,1268,car,0.79,42,510,146,569,94.0,539.5,multiline,none,-1,False,stationary,2.3,23.21,False,True
869,28.9667,1250,car,0.5434,1053,582,1181,647,1117.0,614.5,multiline,none,-1,False,stationary,7.56,83.19,False,True
869,28.9667,1298,truck,0.8282,699,520,830,626,764.5,573.0,multiline,none,-1,False,recently_moving,2.67,29.34,True,True
869,28.9667,1317,car,0.6942,798,523,964,596,881.0,559.5,multiline,none,-1,False,insufficient_data,0.0,0.0,False,True
869,28.9667,1268,car,0.7634,31,509,137,566,84.0,537.5,multiline,none,-1,False,stationary,2.62,26.78,False,True
869,28.9667,1289,truck,0.284,0,512,162,636,81.0,574.0,multiline,none,-1,False,stationary,4.15,45.53,False,True
870,29.0,1250,car,0.3566,1039,583,1172,646,1105.5,614.5,multiline,none,-1,False,stationary,7.57,83.26,False,True
870,29.0,1298,truck,0.7801,689,520,829,626,759.0,573.0,multiline,none,-1,False,stationary,2.84,31.1,False,True
870,29.0,1317,car,0.7875,794,523,961,595,877.5,559.0,multiline,none,-1,False,insufficient_data,0.0,0.0,False,True
870,29.0,1268,car,0.857,23,508,129,565,76.0,536.5,multiline,none,-1,False,stationary,2.96,30.63,False,True
870,29.0,1289,truck,0.344,0,518,163,635,81.5,576.5,multiline,none,-1,False,stationary,3.89,42.42,False,True
871,29.0333,1250,car,0.4473,1024,581,1164,646,1094.0,613.5,multiline,none,-1,False,stationary,7.61,83.72,False,True
871,29.0333,1298,truck,0.9179,685,519,829,626,757.0,572.5,multiline,none,-1,False,stationary,2.9,31.74,False,True
871,29.0333,1317,car,0.6934,790,523,957,594,873.5,558.5,multiline,none,-1,False,insufficient_data,0.0,0.0,False,True
871,29.0333,1268,car,0.868,17,507,122,563,69.5,535.0,multiline,none,-1,False,stationary,3.32,34.47,False,True
871,29.0333,1289,truck,0.4751,0,525,162,634,81.0,579.5,multiline,none,-1,False,stationary,3.62,38.4,False,True
872,29.0667,1298,truck,0.4559,684,519,829,626,756.5,572.5,multiline,none,-1,False,stationary,2.85,31.23,False,True
872,29.0667,1317,car,0.6142,785,523,952,594,868.5,558.5,multiline,none,-1,False,recently_moving,2.09,8.37,True,True
872,29.0667,1268,car,0.8334,13,506,115,563,64.0,534.5,multiline,none,-1,False,stationary,3.62,37.69,False,True
872,29.0667,1312,car,0.4886,925,570,1179,649,1052.0,609.5,multiline,none,-1,False,insufficient_data,0.0,0.0,False,True
873,29.1,1298,truck,0.4321,677,519,829,626,753.0,572.5,multiline,none,-1,False,stationary,2.8,30.67,False,True
873,29.1,1317,car,0.8513,779,523,946,594,862.5,558.5,multiline,none,-1,False,recently_moving,2.53,12.64,True,True
873,29.1,1268,car,0.9072,10,506,108,563,59.0,534.5,multiline,none,-1,False,stationary,3.92,40.95,False,True
873,29.1,1325,truck,0.5547,673,519,744,579,708.5,549.0,multiline,none,-1,False,insufficient_data,0.0,0.0,False,True
873,29.1,1250,car,0.4862,1008,579,1155,646,1081.5,612.5,multiline,none,-1,False,stationary,7.72,84.87,False,True
874,29.1333,1298,truck,0.6456,666,519,829,626,747.5,572.5,multiline,none,-1,False,stationary,2.82,30.8,False,True
874,29.1333,1317,car,0.6002,773,523,939,593,856.0,558.0,multiline,none,-1,False,recently_moving,2.96,17.71,True,True
874,29.1333,1268,car,0.9075,7,505,101,564,54.0,534.5,multiline,none,-1,False,stationary,4.25,44.53,False,True
875,29.1667,1298,truck,0.4136,654,518,829,627,741.5,572.5,multiline,none,-1,False,stationary,2.92,31.93,False,True
875,29.1667,1317,car,0.7285,766,524,919,593,842.5,558.5,multiline,none,-1,False,recently_moving,3.68,25.71,True,True
875,29.1667,1268,car,0.9028,5,504,95,565,50.0,534.5,multiline,none,-1,False,stationary,4.62,48.46,False,True
875,29.1667,1321,car,0.8065,1870,631,1919,688,1894.5,659.5,multiline,none,-1,False,insufficient_data,0.0,0.0,False,True
876,29.2,1298,truck,0.2677,643,518,829,628,736.0,573.0,multiline,none,-1,False,stationary,3.09,33.87,False,True
876,29.2,1317,car,0.6446,759,524,900,592,829.5,558.0,multiline,none,-1,False,recently_moving,4.44,35.46,True,True
876,29.2,1268,car,0.9152,4,504,89,565,46.5,534.5,multiline,none,-1,False,stationary,4.94,52.4,False,True
876,29.2,1321,car,0.9002,1867,630,1919,688,1893.0,659.0,multiline,none,-1,False,insufficient_data,0.0,0.0,False,True
876,29.2,1250,car,0.2546,989,576,1139,644,1064.0,610.0,multiline,none,-1,False,stationary,8.08,88.78,False,True
877,29.2333,1317,car,0.6478,752,524,885,591,818.5,557.5,multiline,none,-1,False,recently_moving,5.08,45.65,True,True
877,29.2333,1268,car,0.8793,3,503,83,566,43.0,534.5,multiline,none,-1,False,stationary,5.19,56.09,False,True
877,29.2333,1321,car,0.8916,1863,629,1919,689,1891.0,659.0,multiline,none,-1,False,insufficient_data,0.0,0.0,False,True
877,29.2333,1250,car,0.4812,974,574,1126,643,1050.0,608.5,multiline,none,-1,False,stationary,8.52,93.62,False,True
878,29.2667,1317,car,0.7136,746,523,874,591,810.0,557.0,multiline,none,-1,False,recently_moving,5.53,55.25,True,True
878,29.2667,1268,car,0.7742,2,502,76,566,39.0,534.0,multiline,none,-1,False,stationary,5.45,59.68,False,True
878,29.2667,1321,car,0.9003,1858,627,1919,689,1888.5,658.0,multiline,none,-1,False,insufficient_data,0.0,0.0,False,True
878,29.2667,1250,car,0.4813,963,572,1116,642,1039.5,607.0,multiline,none,-1,False,stationary,8.94,98.21,False,True
879,29.3,1317,car,0.754,739,522,865,590,802.0,556.0,multiline,none,-1,False,recently_moving,5.85,64.31,True,True
879,29.3,1268,car,0.7695,1,502,70,565,35.5,533.5,multiline,none,-1,False,stationary,5.41,59.36,False,True
879,29.3,1321,car,0.9052,1852,625,1919,689,1885.5,657.0,multiline,none,-1,False,recently_moving,1.34,5.34,True,True
879,29.3,1250,car,0.4677,955,571,1108,641,1031.5,606.0,multiline,none,-1,False,stationary,9.26,101.75,False,True
879,29.3,1332,truck,0.3847,34,533,319,638,176.5,585.5,multiline,none,-1,False,insufficient_data,0.0,0.0,False,True
879,29.3,1298,truck,0.6088,630,518,802,623,716.0,570.5,multiline,none,-1,False,stationary,3.79,41.64,False,True
880,29.3333,1317,car,0.4957,733,523,858,590,795.5,556.5,multiline,none,-1,False,recently_moving,6.53,71.76,True,True
880,29.3333,1268,car,0.7944,1,502,64,564,32.5,533.0,multiline,none,-1,False,stationary,5.16,56.67,False,True
880,29.3333,1321,car,0.9057,1845,623,1919,689,1882.0,656.0,multiline,none,-1,False,recently_moving,1.61,8.01,True,True
880,29.3333,1250,car,0.4761,947,571,1101,640,1024.0,605.5,multiline,none,-1,False,stationary,9.52,104.59,False,True
880,29.3333,1332,truck,0.5429,36,533,322,636,179.0,584.5,multiline,none,-1,False,insufficient_data,0.0,0.0,False,True
880,29.3333,1335,truck,0.3076,733,580,831,633,782.0,606.5,multiline,none,-1,False,insufficient_data,0.0,0.0,False,True
880,29.3333,1298,truck,0.3135,617,517,775,618,696.0,567.5,multiline,none,-1,False,stationary,4.85,53.23,False,True
881,29.3667,1317,car,0.7264,726,525,852,590,789.0,557.5,multiline,none,-1,False,recently_moving,7.06,77.62,True,True
881,29.3667,1268,car,0.7099,1,502,58,562,29.5,532.0,multiline,none,-1,False,stationary,4.84,53.18,False,True
881,29.3667,1321,car,0.9137,1838,621,1919,689,1878.5,655.0,multiline,none,-1,False,recently_moving,1.84,11.0,True,True
881,29.3667,1250,car,0.3996,941,570,1094,639,1017.5,604.5,multiline,none,-1,False,stationary,9.7,106.61,False,True
881,29.3667,1332,bus,0.2784,43,533,329,635,186.0,584.0,multiline,none,-1,False,insufficient_data,0.0,0.0,False,True
881,29.3667,1335,truck,0.4026,732,580,831,633,781.5,606.5,multiline,none,-1,False,insufficient_data,0.0,0.0,False,True
881,29.3667,1298,truck,0.5633,606,517,751,615,678.5,566.0,multiline,none,-1,False,stationary,6.04,66.35,False,True
882,29.4,1317,car,0.7644,719,527,847,591,783.0,559.0,multiline,none,-1,False,recently_moving,7.47,82.08,True,True
882,29.4,1268,car,0.6496,0,502,52,561,26.0,531.5,multiline,none,-1,False,stationary,4.53,49.81,False,True
882,29.4,1321,car,0.9143,1830,619,1919,688,1874.5,653.5,multiline,none,-1,False,recently_moving,2.07,14.45,True,True
882,29.4,1298,truck,0.4916,597,517,732,611,664.5,564.0,multiline,none,-1,False,stationary,7.12,78.26,False,True
883,29.4333,1317,car,0.7834,711,526,844,591,777.5,558.5,multiline,none,-1,False,stationary,7.75,85.17,False,True
883,29.4333,1268,car,0.5886,0,502,47,560,23.5,531.0,multiline,none,-1,False,stationary,4.24,46.57,False,True
883,29.4333,1321,car,0.9187,1822,618,1919,688,1870.5,653.0,multiline,none,-1,False,recently_moving,2.26,18.08,True,True
883,29.4333,1298,truck,0.4649,588,516,717,608,652.5,562.0,multiline,none,-1,False,stationary,8.04,88.35,False,True
884,29.4667,1317,car,0.7712,703,524,841,592,772.0,558.0,multiline,none,-1,False,stationary,7.92,87.04,False,True
884,29.4667,1268,truck,0.536,0,502,41,559,20.5,530.5,multiline,none,-1,False,stationary,3.99,43.82,False,True
884,29.4667,1321,car,0.9041,1814,617,1919,688,1866.5,652.5,multiline,none,-1,False,recently_moving,2.43,21.85,True,True
884,29.4667,1298,car,0.6937,579,516,704,606,641.5,561.0,multiline,none,-1,False,stationary,8.92,98.03,False,True
884,29.4667,1250,car,0.728,931,569,1080,639,1005.5,604.0,multiline,none,-1,False,stationary,10.03,110.23,False,True
885,29.5,1317,car,0.8198,693,523,838,592,765.5,557.5,multiline,none,-1,False,stationary,8.03,88.24,False,True
885,29.5,1321,car,0.9084,1806,616,1919,687,1862.5,651.5,multiline,none,-1,False,recently_moving,2.58,25.73,True,True
885,29.5,1298,car,0.6181,569,516,692,605,630.5,560.5,multiline,none,-1,False,stationary,9.82,107.99,False,True
885,29.5,1250,car,0.3992,924,568,1066,639,995.0,603.5,multiline,none,-1,False,stationary,10.42,114.51,False,True
886,29.5333,1317,car,0.5546,683,521,836,592,759.5,556.5,multiline,none,-1,False,stationary,7.86,86.4,False,True
886,29.5333,1321,car,0.9027,1798,615,1919,687,1858.5,651.0,multiline,none,-1,False,recently_moving,2.7,29.65,True,True
886,29.5333,1298,car,0.6611,560,516,682,604,621.0,560.0,multiline,none,-1,False,stationary,10.61,116.59,False,True
886,29.5333,1250,car,0.2934,918,568,1057,639,987.5,603.5,multiline,none,-1,False,stationary,10.54,115.92,False,True
887,29.5667,1317,car,0.7975,675,519,833,592,754.0,555.5,multiline,none,-1,False,stationary,7.52,82.59,False,True
887,29.5667,1321,car,0.9079,1789,614,1919,687,1854.0,650.5,multiline,none,-1,False,recently_moving,3.03,33.24,True,True
887,29.5667,1298,car,0.367,553,516,673,604,613.0,560.0,multiline,none,-1,False,stationary,11.19,123.05,False,True
887,29.5667,1250,car,0.5167,912,567,1047,638,979.5,602.5,multiline,none,-1,False,stationary,10.51,115.58,False,True
887,29.5667,1332,car,0.5942,94,535,361,641,227.5,588.0,multiline,none,-1,False,insufficient_data,0.0,0.0,False,True
888,29.6,1317,car,0.8232,675,518,830,592,752.5,555.0,multiline,none,-1,False,stationary,6.99,76.77,False,True
888,29.6,1321,car,0.8993,1781,614,1919,686,1850.0,650.0,multiline,none,-1,False,recently_moving,3.3,36.28,True,True
888,29.6,1298,car,0.6395,546,516,664,603,605.0,559.5,multiline,none,-1,False,stationary,11.64,127.95,False,True
888,29.6,1250,car,0.5982,907,566,1037,638,972.0,602.0,multiline,none,-1,False,stationary,10.33,113.61,False,True
888,29.6,1349,car,0.5033,733,560,833,618,783.0,589.0,multiline,none,-1,False,insufficient_data,0.0,0.0,False,True
888,29.6,1332,car,0.5951,134,537,389,647,261.5,592.0,multiline,none,-1,False,recently_moving,10.82,43.1,True,True
889,29.6333,1317,car,0.7389,676,518,825,591,750.5,554.5,multiline,none,-1,False,stationary,6.45,70.73,False,True
889,29.6333,1321,car,0.9027,1773,613,1919,686,1846.0,649.5,multiline,none,-1,False,recently_moving,3.53,38.73,True,True
889,29.6333,1250,car,0.2749,903,566,1029,637,966.0,601.5,multiline,none,-1,False,stationary,9.84,108.25,False,True
889,29.6333,1349,car,0.2676,731,560,832,617,781.5,588.5,multiline,none,-1,False,insufficient_data,0.0,0.0,False,True
889,29.6333,1332,car,0.4205,165,538,413,653,289.0,595.5,multiline,none,-1,False,recently_moving,13.55,67.56,True,True
890,29.6667,1317,car,0.6348,678,517,820,591,749.0,554.0,multiline,none,-1,False,stationary,5.88,64.51,False,True
890,29.6667,1321,car,0.8898,1765,612,1919,686,1842.0,649.0,multiline,none,-1,False,stationary,3.7,40.63,False,True
890,29.6667,1332,car,0.4624,210,540,436,658,323.0,599.0,multiline,none,-1,False,moving,15.94,95.43,True,True
891,29.7,1317,car,0.511,680,516,814,590,747.0,553.0,multiline,none,-1,False,stationary,5.38,58.91,False,True
891,29.7,1321,car,0.9023,1756,612,1919,687,1837.5,649.5,multiline,none,-1,False,stationary,3.84,42.11,False,True
891,29.7,1332,car,0.6186,252,543,457,662,354.5,602.5,multiline,none,-1,False,moving,17.83,124.63,True,True
892,29.7333,1317,car,0.3386,682,516,808,589,745.0,552.5,multiline,none,-1,False,stationary,4.92,53.76,False,True
892,29.7333,1321,car,0.9056,1747,611,1919,687,1833.0,649.0,multiline,none,-1,False,stationary,3.96,43.42,False,True
892,29.7333,1250,car,0.5819,882,567,1015,636,948.5,601.5,multiline,none,-1,False,stationary,9.63,105.94,False,True
893,29.7667,1317,car,0.711,675,516,801,588,738.0,552.0,multiline,none,-1,False,stationary,4.64,50.83,False,True
893,29.7667,1321,car,0.9005,1738,611,1919,688,1828.5,649.5,multiline,none,-1,False,stationary,4.04,44.34,False,True
893,29.7667,1250,car,0.8064,862,568,1001,635,931.5,601.5,multiline,none,-1,False,stationary,9.7,106.68,False,True
894,29.8,1317,car,0.781,663,515,794,587,728.5,551.0,multiline,none,-1,False,stationary,4.59,50.35,False,True
894,29.8,1321,car,0.9055,1729,610,1919,688,1824.0,649.0,multiline,none,-1,False,stationary,4.11,45.12,False,True
894,29.8,1250,car,0.76,845,568,989,634,917.0,601.0,multiline,none,-1,False,stationary,9.95,109.42,False,True
894,29.8,1354,car,0.5704,797,571,831,613,814.0,592.0,multiline,none,-1,False,insufficient_data,0.0,0.0,False,True
895,29.8333,1317,car,0.5581,655,515,787,585,721.0,550.0,multiline,none,-1,False,stationary,4.62,50.76,False,True
895,29.8333,1321,car,0.8931,1719,610,1919,687,1819.0,648.5,multiline,none,-1,False,stationary,4.19,45.99,False,True
895,29.8333,1354,car,0.6882,795,570,831,613,813.0,591.5,multiline,none,-1,False,insufficient_data,0.0,0.0,False,True
896,29.8667,1317,car,0.3375,644,515,780,585,712.0,550.0,multiline,none,-1,False,stationary,4.72,51.89,False,True
896,29.8667,1321,car,0.8844,1710,609,1918,687,1814.0,648.0,multiline,none,-1,False,stationary,4.27,46.89,False,True
896,29.8667,1354,car,0.477,791,568,831,613,811.0,590.5,multiline,none,-1,False,insufficient_data,0.0,0.0,False,True
897,29.9,1317,car,0.4949,629,514,773,587,701.0,550.5,multiline,none,-1,False,stationary,4.95,54.29,False,True
897,29.9,1321,car,0.8868,1701,609,1915,687,1808.0,648.0,multiline,none,-1,False,stationary,4.38,48.16,False,True
897,29.9,1354,car,0.7616,787,567,831,613,809.0,590.0,multiline,none,-1,False,insufficient_data,0.0,0.0,False,True
898,29.9333,1317,car,0.3932,620,514,765,589,692.5,551.5,multiline,none,-1,False,stationary,5.18,56.81,False,True
898,29.9333,1321,car,0.8647,1692,608,1911,686,1801.5,647.0,multiline,none,-1,False,stationary,4.52,49.7,False,True
898,29.9333,1354,car,0.6596,782,566,831,614,806.5,590.0,multiline,none,-1,False,recently_moving,1.14,4.53,True,True
899,29.9667,1321,car,0.8818,1683,608,1905,686,1794.0,647.0,multiline,none,-1,False,stationary,4.72,51.92,False,True
899,29.9667,1354,car,0.5736,776,565,831,614,803.5,589.5,multiline,none,-1,False,recently_moving,1.35,6.71,True,True
900,30.0,1321,car,0.9018,1674,607,1899,685,1786.5,646.0,multiline,none,-1,False,stationary,4.97,54.59,False,True
900,30.0,1354,car,0.6678,769,564,832,615,800.5,589.5,multiline,none,-1,False,recently_moving,1.54,9.14,True,True
900,30.0,1317,car,0.3357,608,514,756,591,682.0,552.5,multiline,none,-1,False,stationary,5.62,61.57,False,True
901,30.0333,1321,car,0.9055,1666,607,1891,685,1778.5,646.0,multiline,none,-1,False,stationary,5.25,57.7,False,True
901,30.0333,1354,car,0.7603,762,563,832,617,797.0,590.0,multiline,none,-1,False,recently_moving,1.72,11.89,True,True
901,30.0333,1298,car,0.4927,517,515,635,601,576.0,558.0,multiline,none,-1,False,stationary,12.67,139.37,False,True
902,30.0667,1321,car,0.8993,1659,607,1883,684,1771.0,645.5,multiline,none,-1,False,stationary,5.53,60.8,False,True
902,30.0667,1354,car,0.7325,755,562,832,618,793.5,590.0,multiline,none,-1,False,recently_moving,1.88,14.9,True,True
902,30.0667,1298,car,0.6198,493,516,613,601,553.0,558.5,multiline,none,-1,False,stationary,13.44,147.74,False,True
902,30.0667,1317,car,0.589,591,514,746,594,668.5,554.0,multiline,none,-1,False,stationary,6.28,68.66,False,True
903,30.1,1321,car,0.8971,1650,606,1875,684,1762.5,645.0,multiline,none,-1,False,stationary,5.84,64.21,False,True
903,30.1,1354,car,0.8022,748,561,832,619,790.0,590.0,multiline,none,-1,False,recently_moving,2.03,18.09,True,True
904,30.1333,1321,car,0.9003,1640,606,1866,683,1753.0,644.5,multiline,none,-1,False,stationary,6.2,68.2,False,True
904,30.1333,1354,car,0.8563,741,560,832,620,786.5,590.0,multiline,none,-1,False,recently_moving,2.16,21.38,True,True
904,30.1333,1298,car,0.273,472,515,591,599,531.5,557.0,multiline,none,-1,False,stationary,13.98,153.66,False,True
905,30.1667,1321,car,0.8976,1631,605,1857,683,1744.0,644.0,multiline,none,-1,False,stationary,6.58,72.34,False,True
905,30.1667,1354,car,0.8139,736,560,832,621,784.0,590.5,multiline,none,-1,False,recently_moving,2.24,24.36,True,True
906,30.2,1321,car,0.887,1624,605,1848,683,1736.0,644.0,multiline,none,-1,False,stationary,6.92,76.08,False,True
906,30.2,1354,car,0.7456,731,560,832,622,781.5,591.0,multiline,none,-1,False,recently_moving,2.46,26.81,True,True
906,30.2,1317,car,0.3589,575,513,729,596,652.0,554.5,multiline,none,-1,False,stationary,7.17,78.52,False,True
906,30.2,1298,car,0.3332,453,513,572,598,512.5,555.5,multiline,none,-1,False,stationary,14.38,158.05,False,True
907,30.2333,1321,car,0.8363,1617,605,1839,682,1728.0,643.5,multiline,none,-1,False,stationary,7.23,79.57,False,True
907,30.2333,1354,car,0.8322,728,560,832,623,780.0,591.5,multiline,none,-1,False,recently_moving,2.59,28.24,True,True
907,30.2333,1317,car,0.3769,562,513,716,598,639.0,555.5,multiline,none,-1,False,stationary,8.1,88.8,False,True
908,30.2667,1321,car,0.7854,1611,606,1830,682,1720.5,644.0,multiline,none,-1,False,stationary,7.49,82.35,False,True
908,30.2667,1354,car,0.8427,726,560,832,625,779.0,592.5,multiline,none,-1,False,recently_moving,2.64,28.83,True,True
908,30.2667,1317,car,0.4764,551,512,704,597,627.5,554.5,multiline,none,-1,False,stationary,9.01,98.82,False,True
909,30.3,1321,car,0.7419,1607,606,1821,683,1714.0,644.5,multiline,none,-1,False,stationary,7.65,84.11,False,True
909,30.3,1354,car,0.6714,723,560,831,626,777.0,593.0,multiline,none,-1,False,stationary,2.66,29.04,False,True
909,30.3,1298,car,0.2534,433,512,552,598,492.5,555.0,multiline,none,-1,False,stationary,14.82,162.94,False,True
910,30.3333,1321,car,0.6055,1602,606,1811,683,1706.5,644.5,multiline,none,-1,False,stationary,7.76,85.29,False,True
910,30.3333,1354,car,0.8467,720,559,831,626,775.5,592.5,multiline,none,-1,False,stationary,2.62,28.7,False,True
911,30.3667,1321,car,0.3028,1598,606,1802,683,1700.0,644.5,multiline,none,-1,False,stationary,7.79,85.7,False,True
911,30.3667,1354,car,0.8679,718,559,830,627,774.0,593.0,multiline,none,-1,False,stationary,2.56,27.98,False,True
912,30.4,1321,car,0.2729,1595,607,1792,682,1693.5,644.5,multiline,none,-1,False,stationary,7.77,85.44,False,True
912,30.4,1354,car,0.8699,717,559,828,626,772.5,592.5,multiline,none,-1,False,stationary,2.45,26.79,False,True
913,30.4333,1354,car,0.8587,716,559,824,624,770.0,591.5,multiline,none,-1,False,stationary,2.35,25.64,False,True
914,30.4667,1354,car,0.7955,714,558,820,621,767.0,589.5,multiline,none,-1,False,stationary,2.28,24.67,False,True
914,30.4667,1370,car,0.4961,718,573,820,698,769.0,635.5,multiline,none,-1,False,insufficient_data,0.0,0.0,False,True
915,30.5,1370,truck,0.2728,720,573,822,698,771.0,635.5,multiline,none,-1,False,insufficient_data,0.0,0.0,False,True
915,30.5,1321,car,0.3789,1581,607,1778,681,1679.5,644.0,multiline,none,-1,False,stationary,7.96,87.55,False,True
916,30.5333,1370,truck,0.4975,724,573,824,698,774.0,635.5,multiline,none,-1,False,insufficient_data,0.0,0.0,False,True
916,30.5333,1321,truck,0.2959,1568,607,1766,679,1667.0,643.0,multiline,none,-1,False,stationary,8.21,90.32,False,True
917,30.5667,1370,truck,0.7949,730,573,826,697,778.0,635.0,multiline,none,-1,False,insufficient_data,0.0,0.0,False,True
918,30.6,1370,bus,0.5224,738,572,827,696,782.5,634.0,multiline,none,-1,False,recently_moving,1.93,7.71,True,True
918,30.6,1354,car,0.7911,712,559,808,619,760.0,589.0,multiline,none,-1,False,stationary,2.35,25.3,False,True
919,30.6333,1370,truck,0.3826,745,572,827,695,786.0,633.5,multiline,none,-1,False,recently_moving,2.21,11.01,True,True
919,30.6333,1354,car,0.658,710,559,797,618,753.5,588.5,multiline,none,-1,False,stationary,2.51,27.11,False,True
921,30.7,1379,car,0.4379,595,556,752,613,673.5,584.5,multiline,none,-1,False,insufficient_data,0.0,0.0,False,True
922,30.7333,1321,car,0.4823,1558,609,1742,676,1650.0,642.5,multiline,none,-1,False,stationary,8.61,94.74,False,True
924,30.8,1317,car,0.4543,510,514,658,590,584.0,552.0,multiline,none,-1,False,stationary,10.76,118.09,False,True
925,30.8333,1321,car,0.5045,1550,613,1717,675,1633.5,644.0,multiline,none,-1,False,stationary,9.11,100.22,False,True
926,30.8667,1298,truck,0.3693,388,509,524,598,456.0,553.5,multiline,line_crossed,0,True,moving,15.89,174.72,True,True
926,30.8667,1317,car,0.4956,474,513,628,592,551.0,552.5,multiline,none,-1,False,stationary,12.64,138.88,False,True
927,30.9,1298,truck,0.3227,352,507,501,598,426.5,552.5,multiline,none,-1,False,moving,17.17,188.81,True,True
927,30.9,1317,car,0.3415,446,512,606,595,526.0,553.5,multiline,none,-1,False,stationary,14.42,158.5,False,True
928,30.9333,1298,truck,0.5914,324,505,484,596,404.0,550.5,multiline,none,-1,False,moving,18.37,202.05,True,True
929,30.9667,1317,car,0.3679,422,512,585,596,503.5,554.0,multiline,none,-1,False,moving,16.01,175.96,True,True
930,31.0,1317,car,0.6316,404,511,568,598,486.0,554.5,multiline,none,-1,False,moving,17.25,189.62,True,True
930,31.0,1298,truck,0.7259,302,502,451,595,376.5,548.5,multiline,none,-1,False,moving,19.73,216.98,True,True
931,31.0333,1317,car,0.788,391,511,555,599,473.0,555.0,multiline,line_crossed,0,True,moving,18.2,200.08,True,True
931,31.0333,1298,truck,0.6295,285,500,420,593,352.5,546.5,multiline,none,-1,False,moving,21.12,232.3,True,True
932,31.0667,1317,car,0.6476,381,510,546,599,463.5,554.5,multiline,none,-1,False,moving,18.78,206.53,True,True
932,31.0667,1298,truck,0.7136,273,498,396,592,334.5,545.0,multiline,none,-1,False,moving,22.35,245.79,True,True
933,31.1,1408,car,0.5899,0,569,32,618,16.0,593.5,multiline,none,-1,False,insufficient_data,0.0,0.0,False,True
934,31.1333,1408,car,0.565,0,568,33,618,16.5,593.0,multiline,none,-1,False,insufficient_data,0.0,0.0,False,True
934,31.1333,1298,truck,0.2963,262,497,377,590,319.5,543.5,multiline,none,-1,False,moving,22.7,249.71,True,True
935,31.1667,1408,car,0.8871,0,567,37,619,18.5,593.0,multiline,none,-1,False,insufficient_data,0.0,0.0,False,True
935,31.1667,1298,truck,0.4117,253,496,363,589,308.0,542.5,multiline,none,-1,False,moving,22.57,248.26,True,True
936,31.2,1408,car,0.9199,0,566,44,621,22.0,593.5,multiline,none,-1,False,insufficient_data,0.0,0.0,False,True
936,31.2,1298,truck,0.4678,245,495,351,588,298.0,541.5,multiline,none,-1,False,moving,22.12,243.29,True,True
936,31.2,1419,car,0.392,1353,607,1544,665,1448.5,636.0,multiline,none,-1,False,insufficient_data,0.0,0.0,False,True
937,31.2333,1408,car,0.9109,0,564,53,622,26.5,593.0,multiline,none,-1,False,recently_moving,1.38,5.43,True,True
937,31.2333,1298,truck,0.6316,238,494,343,588,290.5,541.0,multiline,none,-1,False,moving,21.46,236.04,True,True
937,31.2333,1419,car,0.3083,1351,606,1542,665,1446.5,635.5,multiline,none,-1,False,insufficient_data,0.0,0.0,False,True
938,31.2667,1408,car,0.9211,0,563,62,624,31.0,593.5,multiline,none,-1,False,recently_moving,1.77,8.76,True,True
938,31.2667,1298,truck,0.4696,231,494,336,588,283.5,541.0,multiline,none,-1,False,moving,20.62,226.78,True,True
938,31.2667,1419,car,0.4682,1350,606,1538,665,1444.0,635.5,multiline,none,-1,False,insufficient_data,0.0,0.0,False,True
939,31.3,1408,car,0.9304,0,562,72,625,36.0,593.5,multiline,none,-1,False,recently_moving,2.13,12.68,True,True
939,31.3,1419,car,0.7845,1350,607,1531,664,1440.5,635.5,multiline,none,-1,False,insufficient_data,0.0,0.0,False,True
940,31.3333,1408,car,0.9241,0,562,83,627,41.5,594.5,multiline,none,-1,False,recently_moving,2.47,17.15,True,True
940,31.3333,1419,car,0.6489,1344,607,1525,664,1434.5,635.5,multiline,line_crossed,2,True,recently_moving,1.9,7.58,True,True
940,31.3333,1429,truck,0.3937,913,573,1230,729,1071.5,651.0,multiline,none,-1,False,insufficient_data,0.0,0.0,False,True
940,31.3333,1430,truck,0.38,216,492,278,552,247.0,522.0,multiline,none,-1,False,insufficient_data,0.0,0.0,False,True
941,31.3667,1408,car,0.9066,0,562,94,629,47.0,595.5,multiline,none,-1,False,recently_moving,2.77,22.0,True,True
941,31.3667,1419,car,0.4597,1343,607,1518,663,1430.5,635.0,multiline,none,-1,False,recently_moving,2.25,11.24,True,True
941,31.3667,1429,truck,0.6343,914,576,1233,728,1073.5,652.0,multiline,none,-1,False,insufficient_data,0.0,0.0,False,True
941,31.3667,1317,car,0.6671,353,509,516,591,434.5,550.0,multiline,none,-1,False,moving,19.66,216.15,True,True
942,31.4,1408,car,0.9212,0,562,105,630,52.5,596.0,multiline,none,-1,False,recently_moving,3.03,27.09,True,True
942,31.4,1419,car,0.6615,1335,607,1511,663,1423.0,635.0,multiline,none,-1,False,recently_moving,2.71,16.23,True,True
942,31.4,1429,truck,0.6067,915,579,1240,727,1077.5,653.0,multiline,none,-1,False,insufficient_data,0.0,0.0,False,True
942,31.4,1317,car,0.5777,330,509,492,585,411.0,547.0,multiline,none,-1,False,moving,20.46,224.89,True,True
943,31.4333,1408,car,0.914,0,563,115,631,57.5,597.0,multiline,none,-1,False,recently_moving,3.23,32.17,True,True
943,31.4333,1419,car,0.5114,1332,607,1504,663,1418.0,635.0,multiline,none,-1,False,recently_moving,3.04,21.23,True,True
943,31.4333,1429,truck,0.7733,916,581,1250,726,1083.0,653.5,multiline,none,-1,False,insufficient_data,0.0,0.0,False,True
943,31.4333,1317,car,0.5563,311,509,473,579,392.0,544.0,multiline,none,-1,False,moving,21.18,232.71,True,True
944,31.4667,1408,car,0.9206,0,564,123,633,61.5,598.5,multiline,none,-1,False,recently_moving,3.37,36.91,True,True
944,31.4667,1419,car,0.4208,1331,607,1496,663,1413.5,635.0,multiline,none,-1,False,recently_moving,3.26,26.05,True,True
944,31.4667,1429,truck,0.7765,917,583,1262,726,1089.5,654.5,multiline,none,-1,False,recently_moving,2.57,10.23,True,True
944,31.4667,1317,car,0.5149,295,508,456,574,375.5,541.0,multiline,none,-1,False,moving,21.81,239.59,True,True
944,31.4667,1443,car,0.5185,249,510,320,560,284.5,535.0,multiline,none,-1,False,insufficient_data,0.0,0.0,False,True
945,31.5,1408,car,0.9075,0,565,130,634,65.0,599.5,multiline,none,-1,False,recently_moving,3.75,41.1,True,True
945,31.5,1419,car,0.3489,1329,607,1482,662,1405.5,634.5,multiline,none,-1,False,recently_moving,3.56,31.99,True,True
945,31.5,1429,truck,0.6585,919,584,1275,727,1097.0,655.5,multiline,none,-1,False,recently_moving,3.15,15.71,True,True
945,31.5,1317,car,0.563,281,505,442,570,361.5,537.5,multiline,none,-1,False,moving,21.3,233.79,True,True
946,31.5333,1408,car,0.8817,2,566,136,636,69.0,601.0,multiline,none,-1,False,recently_moving,4.07,44.61,True,True
946,31.5333,1419,car,0.4178,1320,605,1473,661,1396.5,633.0,multiline,none,-1,False,recently_moving,3.9,39.01,True,True
946,31.5333,1429,truck,0.5783,924,585,1290,729,1107.0,657.0,multiline,none,-1,False,recently_moving,3.81,22.82,True,True
946,31.5333,1317,car,0.5513,270,504,430,567,350.0,535.5,multiline,none,-1,False,moving,20.28,222.52,True,True
947,31.5667,1408,car,0.859,7,567,142,636,74.5,601.5,multiline,none,-1,False,recently_moving,4.34,47.59,True,True
947,31.5667,1419,car,0.4157,1312,602,1465,661,1388.5,631.5,multiline,none,-1,False,recently_moving,4.22,46.41,True,True
947,31.5667,1429,truck,0.5683,929,582,1305,730,1117.0,656.0,multiline,none,-1,False,recently_moving,4.42,30.84,True,True
947,31.5667,1317,car,0.5651,261,504,419,564,340.0,534.0,multiline,none,-1,False,moving,19.15,210.07,True,True
947,31.5667,1451,car,0.6179,403,550,524,604,463.5,577.0,multiline,none,-1,False,insufficient_data,0.0,0.0,False,True
948,31.6,1408,car,0.8436,14,568,147,636,80.5,602.0,multiline,none,-1,False,stationary,4.57,50.09,False,True
948,31.6,1419,car,0.4784,1309,601,1458,660,1383.5,630.5,multiline,none,-1,False,recently_moving,4.76,52.28,True,True
948,31.6,1429,truck,0.5403,937,579,1321,731,1129.0,655.0,multiline,none,-1,False,recently_moving,5.05,40.2,True,True
948,31.6,1451,car,0.6042,397,549,524,603,460.5,576.0,multiline,none,-1,False,insufficient_data,0.0,0.0,False,True
948,31.6,1298,car,0.5777,200,499,330,590,265.0,544.5,multiline,none,-1,False,moving,19.5,214.33,True,True
948,31.6,1443,car,0.5873,246,508,321,558,283.5,533.0,multiline,none,-1,False,insufficient_data,0.0,0.0,False,True
949,31.6333,1408,car,0.735,22,569,150,637,86.0,603.0,multiline,none,-1,False,stationary,4.75,52.1,False,True
949,31.6333,1419,car,0.3449,1310,601,1451,659,1380.5,630.0,multiline,none,-1,False,recently_moving,5.12,56.28,True,True
949,31.6333,1429,truck,0.5476,963,580,1337,733,1150.0,656.5,multiline,none,-1,False,recently_moving,5.99,53.67,True,True
949,31.6333,1451,car,0.6515,393,549,523,603,458.0,576.0,multiline,none,-1,False,insufficient_data,0.0,0.0,False,True
949,31.6333,1298,car,0.5311,174,503,327,592,250.5,547.5,multiline,none,-1,False,moving,18.3,200.94,True,True
949,31.6333,1443,car,0.4831,244,507,321,557,282.5,532.0,multiline,none,-1,False,insufficient_data,0.0,0.0,False,True
950,31.6667,1408,car,0.4587,31,570,153,637,92.0,603.5,multiline,none,-1,False,stationary,4.9,53.78,False,True
950,31.6667,1419,car,0.4633,1296,599,1444,659,1370.0,629.0,multiline,none,-1,False,recently_moving,5.59,61.35,True,True
950,31.6667,1429,truck,0.5143,972,579,1354,735,1163.0,657.0,multiline,none,-1,False,recently_moving,6.72,66.99,True,True
950,31.6667,1451,car,0.6853,388,549,522,603,455.0,576.0,multiline,none,-1,False,insufficient_data,0.0,0.0,False,True
950,31.6667,1298,truck,0.4964,152,502,325,593,238.5,547.5,multiline,none,-1,False,moving,17.18,188.53,True,True
950,31.6667,1443,car,0.8129,242,506,322,556,282.0,531.0,multiline,none,-1,False,insufficient_data,0.0,0.0,False,True
950,31.6667,1460,car,0.5694,1233,601,1280,646,1256.5,623.5,multiline,none,-1,False,insufficient_data,0.0,0.0,False,True
951,31.7,1408,car,0.6998,42,569,183,637,112.5,603.0,multiline,none,-1,False,stationary,5.47,59.97,False,True
951,31.7,1419,car,0.4973,1279,596,1429,657,1354.0,626.5,multiline,none,-1,False,stationary,6.21,68.22,False,True
951,31.7,1429,truck,0.4472,989,577,1373,736,1181.0,656.5,multiline,none,-1,False,recently_moving,7.47,81.91,True,True
951,31.7,1451,car,0.7678,383,548,521,604,452.0,576.0,multiline,none,-1,False,recently_moving,1.78,7.1,True,True
951,31.7,1298,truck,0.5064,134,499,309,591,221.5,545.0,multiline,none,-1,False,moving,16.11,176.81,True,True
951,31.7,1443,car,0.6703,240,505,322,556,281.0,530.5,multiline,none,-1,False,recently_moving,0.95,3.79,True,True
952,31.7333,1408,car,0.3371,52,567,214,638,133.0,602.5,multiline,none,-1,False,stationary,6.31,69.15,False,True
952,31.7333,1419,car,0.4511,1263,594,1416,655,1339.5,624.5,multiline,none,-1,False,stationary,6.95,76.39,False,True
952,31.7333,1451,car,0.7294,379,546,519,604,449.0,575.0,multiline,none,-1,False,recently_moving,1.95,9.73,True,True
952,31.7333,1298,truck,0.4547,119,496,307,589,213.0,542.5,multiline,none,-1,False,recently_moving,14.93,163.77,True,True
952,31.7333,1443,car,0.3212,236,503,322,557,279.0,530.0,multiline,none,-1,False,recently_moving,1.03,5.03,True,True
953,31.7667,1419,car,0.4101,1248,592,1409,654,1328.5,623.0,multiline,none,-1,False,stationary,7.55,82.99,False,True
953,31.7667,1451,car,0.7547,376,545,517,604,446.5,574.5,multiline,none,-1,False,recently_moving,2.06,12.34,True,True
953,31.7667,1298,truck,0.6143,106,494,308,587,207.0,540.5,multiline,none,-1,False,recently_moving,13.78,151.12,True,True
953,31.7667,1443,car,0.5346,232,500,322,558,277.0,529.0,multiline,none,-1,False,recently_moving,1.13,6.6,True,True
953,31.7667,1467,car,0.6806,100,584,149,639,124.5,611.5,multiline,none,-1,False,insufficient_data,0.0,0.0,False,True
954,31.8,1419,car,0.4385,1235,590,1397,652,1316.0,621.0,multiline,none,-1,False,stationary,8.18,89.95,False,True
954,31.8,1451,car,0.6848,374,544,514,604,444.0,574.0,multiline,none,-1,False,recently_moving,2.13,14.9,True,True
954,31.8,1298,truck,0.7698,95,491,310,586,202.5,538.5,multiline,none,-1,False,recently_moving,12.7,139.19,True,True
954,31.8,1443,car,0.304,232,498,322,559,277.0,528.5,multiline,none,-1,False,recently_moving,1.13,7.72,True,True
954,31.8,1469,car,0.6818,1875,607,1919,679,1897.0,643.0,multiline,none,-1,False,insufficient_data,0.0,0.0,False,True
955,31.8333,1419,car,0.6856,1223,588,1387,650,1305.0,619.0,multiline,none,-1,False,stationary,8.81,96.83,False,True
955,31.8333,1451,car,0.5479,372,543,512,604,442.0,573.5,multiline,none,-1,False,recently_moving,2.17,17.3,True,True
955,31.8333,1298,truck,0.5168,85,489,312,585,198.5,537.0,multiline,none,-1,False,recently_moving,11.77,128.83,True,True
955,31.8333,1443,car,0.5074,230,496,322,560,276.0,528.0,multiline,none,-1,False,recently_moving,1.13,8.85,True,True
955,31.8333,1469,car,0.7415,1872,606,1919,680,1895.5,643.0,multiline,none,-1,False,insufficient_data,0.0,0.0,False,True
956,31.8667,1419,car,0.8173,1213,587,1380,649,1296.5,618.0,multiline,none,-1,False,stationary,9.23,101.52,False,True
956,31.8667,1298,truck,0.4781,75,487,314,585,194.5,536.0,multiline,none,-1,False,recently_moving,10.98,120.01,True,True
956,31.8667,1443,car,0.5718,227,494,321,560,274.0,527.0,multiline,none,-1,False,recently_moving,1.18,10.36,True,True
956,31.8667,1469,truck,0.5773,1867,604,1919,682,1893.0,643.0,multiline,none,-1,False,insufficient_data,0.0,0.0,False,True
957,31.9,1419,car,0.8672,1203,586,1374,648,1288.5,617.0,multiline,none,-1,False,stationary,9.47,104.2,False,True
957,31.9,1298,truck,0.3351,67,485,315,583,191.0,534.0,multiline,none,-1,False,recently_moving,10.34,112.9,True,True
957,31.9,1443,car,0.442,225,493,321,560,273.0,526.5,multiline,none,-1,False,recently_moving,1.2,11.7,True,True
957,31.9,1469,car,0.7558,1861,601,1919,683,1890.0,642.0,multiline,none,-1,False,insufficient_data,0.0,0.0,False,True
957,31.9,1482,truck,0.4204,44,482,161,576,102.5,529.0,multiline,none,-1,False,insufficient_data,0.0,0.0,False,True
957,31.9,1451,car,0.3098,367,542,510,605,438.5,573.5,multiline,none,-1,False,recently_moving,2.23,20.07,True,True
958,31.9333,1419,car,0.882,1193,585,1368,647,1280.5,616.0,multiline,none,-1,False,stationary,9.63,105.87,False,True
958,31.9333,1443,car,0.6222,222,492,319,559,270.5,525.5,multiline,none,-1,False,recently_moving,1.25,13.48,True,True
958,31.9333,1469,truck,0.6894,1854,597,1919,684,1886.5,640.5,multiline,none,-1,False,recently_moving,1.54,6.11,True,True
958,31.9333,1482,truck,0.7755,42,481,159,576,100.5,528.5,multiline,none,-1,False,insufficient_data,0.0,0.0,False,True
958,31.9333,1451,car,0.7168,365,541,503,604,434.0,572.5,multiline,none,-1,False,recently_moving,2.35,23.44,True,True
959,31.9667,1419,car,0.872,1184,584,1361,646,1272.5,615.0,multiline,none,-1,False,stationary,9.82,108.03,False,True
959,31.9667,1443,car,0.588,220,490,316,557,268.0,523.5,multiline,none,-1,False,recently_moving,1.39,15.08,True,True
959,31.9667,1469,truck,0.7563,1847,594,1919,685,1883.0,639.5,multiline,none,-1,False,recently_moving,1.82,9.02,True,True
959,31.9667,1482,truck,0.7603,39,481,157,575,98.0,528.0,multiline,none,-1,False,insufficient_data,0.0,0.0,False,True
959,31.9667,1430,truck,0.4037,215,491,284,551,249.5,521.0,multiline,none,-1,False,insufficient_data,0.0,0.0,False,True
960,32.0,1419,car,0.874,1175,584,1354,646,1264.5,615.0,multiline,none,-1,False,stationary,10.11,111.16,False,True
960,32.0,1443,truck,0.3968,219,489,312,555,265.5,522.0,multiline,none,-1,False,recently_moving,1.53,16.71,True,True
960,32.0,1469,truck,0.7865,1838,591,1919,685,1878.5,638.0,multiline,none,-1,False,recently_moving,2.11,12.6,True,True
960,32.0,1482,truck,0.8432,35,481,154,575,94.5,528.0,multiline,none,-1,False,insufficient_data,0.0,0.0,False,True
960,32.0,1430,car,0.4477,215,490,288,551,251.5,520.5,multiline,none,-1,False,insufficient_data,0.0,0.0,False,True
960,32.0,1451,car,0.6782,363,540,493,604,428.0,572.0,multiline,none,-1,False,recently_moving,2.53,27.79,True,True
961,32.0333,1419,car,0.8893,1167,583,1347,646,1257.0,614.5,multiline,none,-1,False,stationary,10.2,112.13,False,True
961,32.0333,1469,truck,0.8384,1829,584,1919,685,1874.0,634.5,multiline,none,-1,False,recently_moving,2.42,16.76,True,True
961,32.0333,1482,truck,0.8224,31,480,153,574,92.0,527.0,multiline,none,-1,False,recently_moving,1.62,6.46,True,True
961,32.0333,1430,car,0.6292,215,489,290,550,252.5,519.5,multiline,none,-1,False,insufficient_data,0.0,0.0,False,True
961,32.0333,1451,car,0.4655,361,540,482,604,421.5,572.0,multiline,none,-1,False,recently_moving,2.89,31.77,True,True
962,32.0667,1419,car,0.8734,1158,583,1338,646,1248.0,614.5,multiline,none,-1,False,stationary,10.02,110.21,False,True
962,32.0667,1469,truck,0.8574,1820,575,1919,685,1869.5,630.0,multiline,none,-1,False,recently_moving,2.73,21.51,True,True
962,32.0667,1482,truck,0.7416,25,480,151,574,88.0,527.0,multiline,none,-1,False,recently_moving,1.87,9.32,True,True
962,32.0667,1430,car,0.3371,213,488,289,550,251.0,519.0,multiline,none,-1,False,recently_moving,1.06,4.06,True,True
962,32.0667,1451,car,0.5087,348,539,473,603,410.5,571.0,multiline,none,-1,False,recently_moving,3.4,37.37,True,True
963,32.1,1419,car,0.8854,1151,583,1330,646,1240.5,614.5,multiline,none,-1,False,stationary,9.68,106.44,False,True
963,32.1,1469,truck,0.7411,1811,568,1919,684,1865.0,626.0,multiline,none,-1,False,recently_moving,3.01,26.63,True,True
963,32.1,1482,truck,0.8522,20,479,151,574,85.5,526.5,multiline,none,-1,False,recently_moving,2.01,12.06,True,True
963,32.1,1451,car,0.6142,330,538,464,602,397.0,570.0,multiline,none,-1,False,recently_moving,4.07,44.68,True,True
963,32.1,1317,car,0.8023,224,499,383,559,303.5,529.0,multiline,none,-1,False,moving,18.87,207.06,True,True
964,32.1333,1419,car,0.8783,1144,582,1322,647,1233.0,614.5,multiline,none,-1,False,stationary,9.35,102.72,False,True
964,32.1333,1469,truck,0.9164,1802,562,1919,684,1860.5,623.0,multiline,none,-1,False,recently_moving,3.25,31.87,True,True
964,32.1333,1482,truck,0.6762,15,479,151,574,83.0,526.5,multiline,none,-1,False,recently_moving,2.11,14.72,True,True
964,32.1333,1451,car,0.5195,314,537,456,601,385.0,569.0,multiline,none,-1,False,stationary,4.79,52.61,False,True
964,32.1333,1317,car,0.8301,195,495,355,556,275.0,525.5,multiline,none,-1,False,moving,19.04,209.08,True,True
965,32.1667,1419,car,0.8455,1139,582,1313,648,1226.0,615.0,multiline,none,-1,False,stationary,8.95,98.34,False,True
965,32.1667,1469,truck,0.9109,1792,558,1919,684,1855.5,621.0,multiline,none,-1,False,recently_moving,3.44,37.18,True,True
965,32.1667,1482,truck,0.8289,11,478,151,574,81.0,526.0,multiline,none,-1,False,recently_moving,2.15,17.18,True,True
965,32.1667,1451,car,0.8013,301,536,448,600,374.5,568.0,multiline,none,-1,False,stationary,5.49,60.39,False,True
965,32.1667,1317,car,0.8542,170,493,332,553,251.0,523.0,multiline,none,-1,False,moving,19.51,214.37,True,True
966,32.2,1419,car,0.8347,1136,584,1305,649,1220.5,616.5,multiline,none,-1,False,stationary,8.52,93.47,False,True
966,32.2,1469,truck,0.9148,1782,554,1919,683,1850.5,618.5,multiline,none,-1,False,recently_moving,3.88,42.11,True,True
966,32.2,1482,truck,0.9244,8,478,151,574,79.5,526.0,multiline,none,-1,False,recently_moving,2.15,19.29,True,True
966,32.2,1451,car,0.6105,289,535,441,599,365.0,567.0,multiline,none,-1,False,stationary,6.18,67.89,False,True
966,32.2,1317,car,0.8093,150,490,313,551,231.5,520.5,multiline,none,-1,False,moving,20.13,221.4,True,True
967,32.2333,1419,car,0.8578,1134,584,1297,649,1215.5,616.5,multiline,none,-1,False,stationary,8.11,89.03,False,True
967,32.2333,1469,truck,0.9112,1772,551,1919,682,1845.5,616.5,multiline,none,-1,False,recently_moving,4.25,46.37,True,True
967,32.2333,1482,truck,0.8819,6,477,150,575,78.0,526.0,multiline,none,-1,False,recently_moving,2.12,21.15,True,True
967,32.2333,1451,car,0.8372,279,535,434,598,356.5,566.5,multiline,none,-1,False,stationary,6.81,74.85,False,True
967,32.2333,1317,car,0.7293,134,489,297,550,215.5,519.5,multiline,none,-1,False,moving,20.12,221.25,True,True
968,32.2667,1419,car,0.7747,1133,584,1288,649,1210.5,616.5,multiline,none,-1,False,stationary,7.76,85.13,False,True
968,32.2667,1469,truck,0.9067,1763,549,1919,682,1841.0,615.5,multiline,none,-1,False,recently_moving,4.54,49.64,True,True
968,32.2667,1482,truck,0.6903,4,477,150,575,77.0,526.0,multiline,none,-1,False,recently_moving,2.07,22.71,True,True
968,32.2667,1451,car,0.8249,271,534,427,597,349.0,565.5,multiline,none,-1,False,stationary,7.39,81.29,False,True
968,32.2667,1317,car,0.7866,121,488,284,549,202.5,518.5,multiline,none,-1,False,moving,19.77,217.44,True,True
969,32.3,1419,car,0.4846,1126,582,1280,649,1203.0,615.5,multiline,none,-1,False,stationary,7.51,82.47,False,True
969,32.3,1469,truck,0.9135,1753,547,1919,681,1836.0,614.0,multiline,none,-1,False,stationary,4.78,52.25,False,True
969,32.3,1482,truck,0.7003,3,476,150,576,76.5,526.0,multiline,none,-1,False,recently_moving,2.11,23.23,True,True
969,32.3,1451,car,0.8292,264,533,420,596,342.0,564.5,multiline,none,-1,False,stationary,7.89,86.76,False,True
969,32.3,1317,car,0.5985,109,488,259,548,184.0,518.0,multiline,none,-1,False,moving,19.52,214.68,True,True
970,32.3333,1419,car,0.4507,1125,581,1271,649,1198.0,615.0,multiline,none,-1,False,stationary,7.25,79.68,False,True
970,32.3333,1469,truck,0.9003,1744,546,1919,681,1831.5,613.5,multiline,none,-1,False,stationary,4.96,54.17,False,True
970,32.3333,1482,truck,0.7787,2,476,151,578,76.5,527.0,multiline,none,-1,False,recently_moving,2.07,22.63,True,True
970,32.3333,1451,car,0.6959,258,533,413,595,335.5,564.0,multiline,none,-1,False,stationary,8.28,91.03,False,True
970,32.3333,1317,car,0.6783,99,489,235,547,167.0,518.0,multiline,none,-1,False,moving,19.37,212.94,True,True
971,32.3667,1419,car,0.8503,1119,580,1263,649,1191.0,614.5,multiline,none,-1,False,stationary,7.05,77.49,False,True
971,32.3667,1469,truck,0.829,1735,544,1919,680,1827.0,612.0,multiline,none,-1,False,stationary,5.08,55.4,False,True
971,32.3667,1482,truck,0.8244,2,476,151,579,76.5,527.5,multiline,none,-1,False,recently_moving,1.93,20.98,True,True
971,32.3667,1317,car,0.5937,90,489,216,546,153.0,517.5,multiline,none,-1,False,moving,19.26,211.68,True,True
972,32.4,1419,car,0.8021,1112,578,1254,648,1183.0,613.0,multiline,none,-1,False,stationary,6.94,76.28,False,True
972,32.4,1469,truck,0.8761,1725,544,1919,679,1822.0,611.5,multiline,none,-1,False,stationary,5.14,55.9,False,True
972,32.4,1482,truck,0.8393,1,475,152,579,76.5,527.0,multiline,none,-1,False,stationary,1.75,19.05,False,True
972,32.4,1317,car,0.7431,81,489,201,545,141.0,517.0,multiline,none,-1,False,moving,19.2,211.02,True,True
973,32.4333,1419,car,0.7287,1107,577,1245,648,1176.0,612.5,multiline,none,-1,False,stationary,6.81,74.78,False,True
973,32.4333,1469,truck,0.8856,1716,543,1919,678,1817.5,610.5,multiline,none,-1,False,stationary,5.12,55.72,False,True
973,32.4333,1482,truck,0.6988,1,475,152,580,76.5,527.5,multiline,none,-1,False,stationary,1.52,16.39,False,True
973,32.4333,1317,car,0.7409,73,488,192,545,132.5,516.5,multiline,none,-1,False,moving,19.11,210.02,True,True
973,32.4333,1531,car,0.3324,386,608,529,678,457.5,643.0,multiline,none,-1,False,insufficient_data,0.0,0.0,False,True
974,32.4667,1419,car,0.5361,1103,576,1237,647,1170.0,611.5,multiline,none,-1,False,stationary,6.68,73.31,False,True
974,32.4667,1469,truck,0.7334,1707,542,1919,677,1813.0,609.5,multiline,none,-1,False,stationary,5.07,55.25,False,True
974,32.4667,1482,truck,0.4952,0,475,152,580,76.0,527.5,multiline,none,-1,False,stationary,1.3,13.98,False,True
974,32.4667,1317,car,0.7381,66,487,184,544,125.0,515.5,multiline,none,-1,False,moving,18.12,199.17,True,True
974,32.4667,1531,car,0.3497,386,607,531,678,458.5,642.5,multiline,none,-1,False,insufficient_data,0.0,0.0,False,True
974,32.4667,1533,car,0.4012,240,531,321,590,280.5,560.5,multiline,none,-1,False,insufficient_data,0.0,0.0,False,True
975,32.5,1419,car,0.7082,1101,578,1228,647,1164.5,612.5,multiline,none,-1,False,stationary,6.53,71.63,False,True
975,32.5,1469,truck,0.4982,1698,541,1919,679,1808.5,610.0,multiline,none,-1,False,stationary,5.0,54.56,False,True
975,32.5,1482,truck,0.6784,0,474,152,580,76.0,527.0,multiline,none,-1,False,stationary,1.08,11.53,False,True
975,32.5,1317,car,0.756,58,486,178,543,118.0,514.5,multiline,none,-1,False,moving,16.78,184.53,True,True
975,32.5,1531,car,0.4246,388,607,532,678,460.0,642.5,multiline,none,-1,False,insufficient_data,0.0,0.0,False,True
975,32.5,1533,car,0.6238,239,530,320,590,279.5,560.0,multiline,none,-1,False,insufficient_data,0.0,0.0,False,True
976,32.5333,1419,car,0.4432,1100,580,1219,647,1159.5,613.5,multiline,none,-1,False,stationary,6.36,69.83,False,True
976,32.5333,1469,truck,0.5576,1689,541,1919,682,1804.0,611.5,multiline,none,-1,False,stationary,4.93,53.65,False,True
976,32.5333,1482,truck,0.8495,0,474,152,580,76.0,527.0,multiline,none,-1,False,stationary,0.87,9.24,False,True
976,32.5333,1317,car,0.5687,51,486,172,543,111.5,514.5,multiline,none,-1,False,moving,15.36,168.84,True,True
976,32.5333,1531,car,0.3441,394,606,541,679,467.5,642.5,multiline,none,-1,False,insufficient_data,0.0,0.0,False,True
976,32.5333,1533,car,0.8022,239,529,320,591,279.5,560.0,multiline,none,-1,False,insufficient_data,0.0,0.0,False,True
976,32.5333,1541,truck,0.3591,1555,613,1910,772,1732.5,692.5,multiline,none,-1,False,insufficient_data,0.0,0.0,False,True
977,32.5667,1419,car,0.4713,1089,580,1210,647,1149.5,613.5,multiline,none,-1,False,stationary,6.4,70.24,False,True
977,32.5667,1469,truck,0.7221,1679,541,1919,683,1799.0,612.0,multiline,none,-1,False,stationary,4.87,52.88,False,True
977,32.5667,1482,truck,0.8755,0,473,151,580,75.5,526.5,multiline,none,-1,False,stationary,0.71,7.39,False,True
977,32.5667,1317,car,0.6163,44,486,168,543,106.0,514.5,multiline,none,-1,False,recently_moving,13.98,153.69,True,True
977,32.5667,1533,car,0.7954,238,529,320,592,279.0,560.5,multiline,none,-1,False,insufficient_data,0.0,0.0,False,True
977,32.5667,1541,truck,0.3564,1537,614,1911,773,1724.0,693.5,multiline,none,-1,False,insufficient_data,0.0,0.0,False,True
978,32.6,1469,truck,0.4917,1669,541,1919,699,1794.0,620.0,multiline,none,-1,False,stationary,4.9,51.94,False,True
978,32.6,1482,truck,0.5451,0,473,151,579,75.5,526.0,multiline,none,-1,False,stationary,0.57,5.7,False,True
978,32.6,1317,car,0.6973,37,485,165,543,101.0,514.0,multiline,none,-1,False,recently_moving,12.73,140.04,True,True
978,32.6,1533,car,0.8248,238,528,320,593,279.0,560.5,multiline,none,-1,False,recently_moving,0.3,1.1,True,True
979,32.6333,1469,truck,0.4968,1658,541,1919,700,1788.5,620.5,multiline,none,-1,False,stationary,4.93,51.92,False,True
979,32.6333,1482,truck,0.7071,0,473,151,579,75.5,526.0,multiline,none,-1,False,stationary,0.45,4.23,False,True
979,32.6333,1317,car,0.8642,31,483,164,543,97.5,513.0,multiline,none,-1,False,recently_moving,11.62,127.83,True,True
979,32.6333,1533,car,0.8043,238,527,319,593,278.5,560.0,multiline,none,-1,False,recently_moving,0.3,1.42,True,True
979,32.6333,1419,car,0.3678,1078,579,1199,646,1138.5,612.5,multiline,none,-1,False,stationary,6.61,72.65,False,True
980,32.6667,1482,truck,0.4712,0,473,150,579,75.0,526.0,multiline,none,-1,False,stationary,0.37,3.27,False,True
980,32.6667,1317,car,0.8279,24,481,162,543,93.0,512.0,multiline,none,-1,False,recently_moving,10.46,115.0,True,True
980,32.6667,1533,car,0.8186,237,527,319,593,278.0,560.0,multiline,none,-1,False,recently_moving,0.32,1.8,True,True
980,32.6667,1419,car,0.3231,1069,577,1188,645,1128.5,611.0,multiline,none,-1,False,stationary,6.92,75.99,False,True
981,32.7,1482,car,0.4655,0,482,148,578,74.0,530.0,multiline,none,-1,False,stationary,0.42,3.16,False,True
981,32.7,1317,car,0.8584,18,479,159,543,88.5,511.0,multiline,none,-1,False,recently_moving,9.31,102.32,True,True
981,32.7,1533,car,0.7959,237,526,319,593,278.0,559.5,multiline,none,-1,False,recently_moving,0.32,2.1,True,True
982,32.7333,1482,truck,0.3031,0,490,148,578,74.0,534.0,multiline,none,-1,False,stationary,0.57,4.07,False,True
982,32.7333,1317,car,0.8721,13,478,157,543,85.0,510.5,multiline,none,-1,False,recently_moving,8.23,90.41,True,True
982,32.7333,1533,car,0.8368,237,526,317,592,277.0,559.0,multiline,none,-1,False,recently_moving,0.35,2.67,True,True
982,32.7333,1531,car,0.5441,418,609,571,682,494.5,645.5,multiline,line_crossed,0,True,recently_moving,3.95,15.73,True,True
983,32.7667,1482,truck,0.2844,0,497,148,577,74.0,537.0,multiline,none,-1,False,stationary,0.77,6.03,False,True
983,32.7667,1317,car,0.8842,10,477,154,543,82.0,510.0,multiline,none,-1,False,recently_moving,7.24,79.53,True,True
983,32.7667,1533,car,0.8518,237,526,314,591,275.5,558.5,multiline,none,-1,False,recently_moving,0.42,3.61,True,True
984,32.8,1482,truck,0.3123,0,502,147,577,73.5,539.5,multiline,none,-1,False,stationary,0.97,8.19,False,True
984,32.8,1317,car,0.8735,7,476,150,542,78.5,509.0,multiline,none,-1,False,recently_moving,6.44,70.75,True,True
984,32.8,1533,car,0.5653,236,526,310,590,273.0,558.0,multiline,none,-1,False,recently_moving,0.53,5.11,True,True
984,32.8,1469,truck,0.4536,1646,540,1918,695,1782.0,617.5,multiline,none,-1,False,stationary,4.97,52.61,False,True
985,32.8333,1317,car,0.866,5,475,145,542,75.0,508.5,multiline,none,-1,False,recently_moving,5.79,63.64,True,True
985,32.8333,1533,car,0.7312,236,526,306,589,271.0,557.5,multiline,none,-1,False,recently_moving,0.63,6.8,True,True
985,32.8333,1419,car,0.475,1038,579,1169,644,1103.5,611.5,multiline,none,-1,False,stationary,7.67,84.25,False,True
986,32.8667,1317,car,0.8805,4,474,140,541,72.0,507.5,multiline,none,-1,False,recently_moving,5.25,57.65,True,True
986,32.8667,1533,car,0.3987,236,527,300,588,268.0,557.5,multiline,none,-1,False,recently_moving,0.79,8.53,True,True
986,32.8667,1482,truck,0.2692,0,505,146,576,73.0,540.5,multiline,none,-1,False,stationary,1.12,9.96,False,True
986,32.8667,1469,truck,0.3881,1628,539,1918,689,1773.0,614.0,multiline,none,-1,False,stationary,5.15,54.66,False,True
987,32.9,1317,car,0.8287,3,474,135,541,69.0,507.5,multiline,none,-1,False,recently_moving,4.78,52.5,True,True
987,32.9,1533,car,0.3495,237,529,295,587,266.0,558.0,multiline,none,-1,False,recently_moving,0.95,10.25,True,True
987,32.9,1482,truck,0.5628,0,507,146,575,73.0,541.0,multiline,none,-1,False,stationary,1.24,11.52,False,True
987,32.9,1469,truck,0.3599,1612,539,1917,698,1764.5,618.5,multiline,none,-1,False,stationary,5.38,57.41,False,True
987,32.9,1451,car,0.7771,224,531,379,592,301.5,561.5,multiline,none,-1,False,stationary,9.41,103.54,False,True
987,32.9,1419,car,0.6408,1010,578,1152,643,1081.0,610.5,multiline,none,-1,False,stationary,8.71,95.69,False,True
988,32.9333,1317,car,0.8532,2,473,129,540,65.5,506.5,multiline,none,-1,False,recently_moving,4.42,48.53,True,True
988,32.9333,1482,truck,0.5358,0,509,144,575,72.0,542.0,multiline,none,-1,False,stationary,1.35,12.92,False,True
988,32.9333,1469,truck,0.2945,1597,538,1916,698,1756.5,618.0,multiline,none,-1,False,stationary,5.63,60.29,False,True
988,32.9333,1451,car,0.6748,196,529,352,589,274.0,559.0,multiline,none,-1,False,stationary,10.83,119.1,False,True
988,32.9333,1419,car,0.7186,987,576,1140,642,1063.5,609.0,multiline,none,-1,False,stationary,9.72,106.85,False,True
989,32.9667,1317,car,0.8876,1,473,124,540,62.5,506.5,multiline,none,-1,False,recently_moving,4.12,45.25,True,True
989,32.9667,1482,truck,0.4383,0,508,142,574,71.0,541.0,multiline,none,-1,False,stationary,1.4,13.74,False,True
989,32.9667,1451,car,0.7872,174,528,330,586,252.0,557.0,multiline,none,-1,False,stationary,12.1,133.08,False,True
989,32.9667,1419,car,0.4034,969,575,1130,642,1049.5,608.5,multiline,none,-1,False,stationary,10.57,116.17,False,True
990,33.0,1317,car,0.8423,1,472,118,539,59.5,505.5,multiline,none,-1,False,recently_moving,3.91,42.96,True,True
990,33.0,1482,truck,0.5081,0,509,140,573,70.0,541.0,multiline,none,-1,False,stationary,1.44,14.53,False,True
990,33.0,1451,car,0.321,155,527,311,582,233.0,554.5,multiline,none,-1,False,stationary,13.11,144.15,False,True
990,33.0,1561,car,0.6321,102,524,144,565,123.0,544.5,multiline,none,-1,False,insufficient_data,0.0,0.0,False,True
991,33.0333,1317,car,0.8322,1,472,112,539,56.5,505.5,multiline,none,-1,False,recently_moving,3.72,40.9,True,True
991,33.0333,1561,car,0.6967,100,523,144,565,122.0,544.0,multiline,none,-1,False,insufficient_data,0.0,0.0,False,True
991,33.0333,1565,car,0.7365,747,636,795,695,771.0,665.5,multiline,none,-1,False,insufficient_data,0.0,0.0,False,True
991,33.0333,1531,car,0.34,466,612,628,685,547.0,648.5,multiline,none,-1,False,recently_moving,8.34,41.61,True,True
991,33.0333,1419,car,0.6335,953,574,1108,640,1030.5,607.0,multiline,none,-1,False,stationary,11.5,126.47,False,True
992,33.0667,1317,car,0.8191,0,471,105,538,52.5,504.5,multiline,none,-1,False,recently_moving,3.58,39.36,True,True
992,33.0667,1561,car,0.6291,97,521,144,565,120.5,543.0,multiline,none,-1,False,insufficient_data,0.0,0.0,False,True
992,33.0667,1565,car,0.8163,747,635,797,695,772.0,665.0,multiline,none,-1,False,insufficient_data,0.0,0.0,False,True
992,33.0667,1419,car,0.5551,941,573,1089,639,1015.0,606.0,multiline,none,-1,False,stationary,12.41,136.45,False,True
992,33.0667,1469,truck,0.3418,1576,537,1916,708,1746.0,622.5,multiline,none,-1,False,stationary,5.99,64.45,False,True
993,33.1,1317,car,0.6052,0,470,99,538,49.5,504.0,multiline,none,-1,False,recently_moving,3.48,38.22,True,True
993,33.1,1561,car,0.7381,93,520,144,566,118.5,543.0,multiline,none,-1,False,insufficient_data,0.0,0.0,False,True
993,33.1,1565,car,0.6868,747,633,800,696,773.5,664.5,multiline,none,-1,False,insufficient_data,0.0,0.0,False,True
993,33.1,1419,car,0.4928,930,573,1075,638,1002.5,605.5,multiline,none,-1,False,stationary,13.23,145.44,False,True
993,33.1,1469,truck,0.2702,1560,537,1916,718,1738.0,627.5,multiline,none,-1,False,stationary,6.37,68.73,False,True
993,33.1,1531,car,0.3348,506,613,674,689,590.0,651.0,multiline,none,-1,False,recently_moving,12.27,73.52,True,True
994,33.1333,1317,car,0.7861,0,470,92,537,46.0,503.5,multiline,none,-1,False,recently_moving,3.42,37.65,True,True
994,33.1333,1561,car,0.6591,89,519,145,567,117.0,543.0,multiline,none,-1,False,recently_moving,0.95,3.77,True,True
994,33.1333,1565,car,0.523,746,631,802,697,774.0,664.0,multiline,none,-1,False,insufficient_data,0.0,0.0,False,True
994,33.1333,1419,car,0.5044,923,573,1064,637,993.5,605.0,multiline,none,-1,False,stationary,13.89,152.71,False,True
994,33.1333,1531,car,0.2773,536,615,709,692,622.5,653.5,multiline,none,-1,False,moving,15.11,105.66,True,True
995,33.1667,1317,car,0.8409,0,469,86,536,43.0,502.5,multiline,none,-1,False,recently_moving,3.37,37.08,True,True
995,33.1667,1561,car,0.6147,84,519,146,569,115.0,544.0,multiline,none,-1,False,recently_moving,1.07,5.21,True,True
995,33.1667,1565,car,0.6482,745,629,804,698,774.5,663.5,multiline,none,-1,False,recently_moving,0.67,2.68,True,True
995,33.1667,1419,car,0.4419,917,572,1055,636,986.0,604.0,multiline,none,-1,False,stationary,14.24,156.57,False,True
995,33.1667,1531,car,0.309,559,617,736,694,647.5,655.5,multiline,none,-1,False,moving,16.93,135.34,True,True
996,33.2,1317,car,0.8366,0,468,80,536,40.0,502.0,multiline,none,-1,False,recently_moving,3.33,36.56,True,True
996,33.2,1561,car,0.4176,79,518,146,570,112.5,544.0,multiline,none,-1,False,recently_moving,1.21,7.06,True,True
996,33.2,1565,car,0.5911,744,628,806,698,775.0,663.0,multiline,none,-1,False,recently_moving,0.68,3.39,True,True
996,33.2,1419,car,0.5598,914,572,1047,636,980.5,604.0,multiline,none,-1,False,stationary,14.29,157.16,False,True
996,33.2,1531,car,0.2607,576,618,756,695,666.0,656.5,multiline,none,-1,False,moving,17.91,161.11,True,True
997,33.2333,1317,car,0.8534,0,468,74,535,37.0,501.5,multiline,none,-1,False,recently_moving,3.29,36.2,True,True
997,33.2333,1561,car,0.6458,73,515,148,571,110.5,543.0,multiline,none,-1,False,recently_moving,1.32,9.01,True,True
997,33.2333,1419,car,0.274,911,571,1041,635,976.0,603.0,multiline,none,-1,False,stationary,14.15,155.61,False,True
998,33.2667,1317,car,0.8348,0,468,68,533,34.0,500.5,multiline,none,-1,False,recently_moving,3.28,36.05,True,True
998,33.2667,1561,car,0.742,67,514,149,572,108.0,543.0,multiline,none,-1,False,recently_moving,1.42,11.14,True,True
998,33.2667,1419,car,0.3768,906,571,1033,634,969.5,602.5,multiline,none,-1,False,stationary,13.47,148.15,False,True
998,33.2667,1565,car,0.7564,746,627,809,698,777.5,662.5,multiline,none,-1,False,recently_moving,0.79,4.7,True,True
999,33.3,1317,car,0.8437,0,467,62,531,31.0,499.0,multiline,none,-1,False,recently_moving,3.26,35.8,True,True
999,33.3,1561,car,0.7807,61,514,150,573,105.5,543.5,multiline,none,-1,False,recently_moving,1.51,13.38,True,True
999,33.3,1419,car,0.3915,900,571,1030,634,965.0,602.5,multiline,none,-1,False,stationary,12.46,137.02,False,True
999,33.3,1565,car,0.6674,747,628,810,698,778.5,663.0,multiline,none,-1,False,recently_moving,0.84,5.8,True,True
1000,33.3333,1317,car,0.8153,0,467,56,529,28.0,498.0,multiline,none,-1,False,recently_moving,3.25,35.7,True,True
1000,33.3333,1561,car,0.8395,55,514,150,574,102.5,544.0,multiline,none,-1,False,recently_moving,1.61,15.87,True,True
1000,33.3333,1565,car,0.505,748,628,811,698,779.5,663.0,multiline,none,-1,False,recently_moving,0.88,6.86,True,True
1001,33.3667,1317,car,0.8368,0,468,50,527,25.0,497.5,multiline,none,-1,False,recently_moving,3.24,35.61,True,True
1001,33.3667,1561,car,0.8499,49,514,150,576,99.5,545.0,multiline,none,-1,False,recently_moving,1.71,18.54,True,True
1001,33.3667,1565,car,0.6503,750,629,812,699,781.0,664.0,multiline,none,-1,False,recently_moving,0.92,7.96,True,True
1001,33.3667,1531,car,0.5634,620,621,802,697,711.0,659.0,multiline,none,-1,False,moving,19.37,193.63,True,True
1002,33.4,1317,car,0.7167,0,468,43,525,21.5,496.5,multiline,none,-1,False,recently_moving,3.26,35.79,True,True
1002,33.4,1561,car,0.8609,43,514,150,577,96.5,545.5,multiline,none,-1,False,recently_moving,1.94,20.98,True,True
1002,33.4,1565,car,0.6518,755,631,811,699,783.0,665.0,multiline,none,-1,False,recently_moving,0.99,9.32,True,True
1002,33.4,1531,car,0.3223,658,625,841,700,749.5,662.5,multiline,none,-1,False,moving,20.76,228.29,True,True
1003,33.4333,1561,car,0.8744,37,514,151,577,94.0,545.5,multiline,none,-1,False,recently_moving,2.11,22.97,True,True
1003,33.4333,1531,car,0.6089,691,628,875,702,783.0,665.0,multiline,none,-1,False,moving,23.84,262.24,True,True
1004,33.4667,1561,car,0.869,30,513,152,577,91.0,545.0,multiline,none,-1,False,recently_moving,2.25,24.6,True,True
1004,33.4667,1582,car,0.6472,789,584,820,628,804.5,606.0,multiline,none,-1,False,insufficient_data,0.0,0.0,False,True
1005,33.5,1561,car,0.8942,24,513,152,577,88.0,545.0,multiline,none,-1,False,stationary,2.39,26.18,False,True
1005,33.5,1582,car,0.5454,787,583,820,628,803.5,605.5,multiline,none,-1,False,insufficient_data,0.0,0.0,False,True
1005,33.5,1585,car,0.4976,780,582,947,632,863.5,607.0,multiline,none,-1,False,insufficient_data,0.0,0.0,False,True
1006,33.5333,1561,car,0.8947,18,513,152,577,85.0,545.0,multiline,none,-1,False,stationary,2.52,27.56,False,True
1006,33.5333,1582,car,0.6609,783,583,819,628,801.0,605.5,multiline,none,-1,False,insufficient_data,0.0,0.0,False,True
1006,33.5333,1585,car,0.3274,778,581,945,631,861.5,606.0,multiline,none,-1,False,insufficient_data,0.0,0.0,False,True
1007,33.5667,1561,car,0.8949,13,512,151,577,82.0,544.5,multiline,none,-1,False,stationary,2.61,28.61,False,True
1007,33.5667,1582,car,0.7827,779,582,819,628,799.0,605.0,multiline,none,-1,False,insufficient_data,0.0,0.0,False,True
1008,33.6,1561,car,0.8928,10,511,149,577,79.5,544.0,multiline,none,-1,False,stationary,2.69,29.46,False,True
1008,33.6,1582,car,0.782,774,580,819,628,796.5,604.0,multiline,none,-1,False,recently_moving,1.21,4.8,True,True
1009,33.6333,1561,car,0.9092,7,510,146,576,76.5,543.0,multiline,none,-1,False,stationary,2.76,30.19,False,True
1009,33.6333,1582,car,0.803,768,578,819,628,793.5,603.0,multiline,none,-1,False,recently_moving,1.43,7.12,True,True
1010,33.6667,1561,car,0.9132,5,510,143,576,74.0,543.0,multiline,none,-1,False,stationary,2.81,30.67,False,True
1010,33.6667,1582,car,0.6949,761,576,819,628,790.0,602.0,multiline,none,-1,False,recently_moving,1.66,9.9,True,True
1011,33.7,1561,car,0.9069,4,510,139,575,71.5,542.5,multiline,none,-1,False,stationary,2.82,30.81,False,True
1011,33.7,1582,car,0.6632,754,574,820,628,787.0,601.0,multiline,none,-1,False,recently_moving,1.84,12.82,True,True
1012,33.7333,1582,car,0.7716,748,573,820,627,784.0,600.0,multiline,none,-1,False,recently_moving,1.98,15.81,True,True
1012,33.7333,1531,car,0.6394,750,630,938,707,844.0,668.5,multiline,none,-1,False,moving,27.74,305.14,True,True
1013,33.7667,1582,car,0.8104,743,574,820,627,781.5,600.5,multiline,none,-1,False,recently_moving,2.07,18.56,True,True
1013,33.7667,1531,car,0.8036,798,631,989,711,893.5,671.0,multiline,none,-1,False,moving,31.61,347.76,True,True
1013,33.7667,1482,car,0.9145,0,509,134,573,67.0,541.0,multiline,none,-1,False,stationary,1.57,15.46,False,True
1014,33.8,1582,car,0.5259,738,574,820,626,779.0,600.0,multiline,none,-1,False,recently_moving,2.13,21.24,True,True
1014,33.8,1531,car,0.5906,839,634,1031,714,935.0,674.0,multiline,none,-1,False,moving,34.59,380.51,True,True
1014,33.8,1482,car,0.9239,0,508,127,572,63.5,540.0,multiline,none,-1,False,stationary,1.75,16.27,False,True
1015,33.8333,1582,car,0.7597,735,574,821,625,778.0,599.5,multiline,none,-1,False,recently_moving,2.13,23.37,True,True
1015,33.8333,1531,car,0.7202,872,636,1067,716,969.5,676.0,multiline,none,-1,False,moving,35.95,395.5,True,True
1015,33.8333,1482,car,0.928,0,508,121,572,60.5,540.0,multiline,none,-1,False,stationary,1.85,16.16,False,True
1016,33.8667,1582,car,0.7157,731,572,822,625,776.5,598.5,multiline,none,-1,False,recently_moving,2.28,24.97,True,True
1016,33.8667,1531,car,0.4495,910,638,1099,718,1004.5,678.0,multiline,none,-1,False,moving,36.58,402.42,True,True
1016,33.8667,1482,car,0.9194,0,507,115,571,57.5,539.0,multiline,none,-1,False,stationary,1.9,15.86,False,True
1017,33.9,1582,car,0.6393,728,571,822,626,775.0,598.5,multiline,none,-1,False,recently_moving,2.34,25.66,True,True
1017,33.9,1531,car,0.66,944,640,1126,719,1035.0,679.5,multiline,none,-1,False,moving,36.93,406.21,True,True
1017,33.9,1482,car,0.9164,0,507,109,570,54.5,538.5,multiline,none,-1,False,stationary,1.92,16.43,False,True
1018,33.9333,1582,car,0.6502,725,570,822,626,773.5,598.0,multiline,none,-1,False,recently_moving,2.36,25.94,True,True
1018,33.9333,1531,car,0.5873,973,641,1151,721,1062.0,681.0,multiline,none,-1,False,moving,37.21,409.34,True,True
1018,33.9333,1482,car,0.911,0,506,103,569,51.5,537.5,multiline,none,-1,False,stationary,1.96,17.8,False,True
1018,33.9333,1605,car,0.4591,717,563,819,592,768.0,577.5,multiline,none,-1,False,insufficient_data,0.0,0.0,False,True
1019,33.9667,1582,car,0.8596,723,569,822,626,772.5,597.5,multiline,none,-1,False,stationary,2.33,25.58,False,True
1019,33.9667,1531,car,0.5188,995,642,1175,723,1085.0,682.5,multiline,none,-1,False,moving,37.54,412.98,True,True
1019,33.9667,1482,car,0.8855,0,505,97,569,48.5,537.0,multiline,none,-1,False,stationary,2.05,19.92,False,True
1019,33.9667,1608,truck,0.7871,1265,529,1604,664,1434.5,596.5,multiline,none,-1,False,insufficient_data,0.0,0.0,False,True
1020,34.0,1582,car,0.8286,721,567,821,626,771.0,596.5,multiline,none,-1,False,stationary,2.26,24.83,False,True
1020,34.0,1531,car,0.8475,1014,644,1198,724,1106.0,684.0,multiline,none,-1,False,moving,37.0,406.94,True,True
1020,34.0,1482,car,0.8855,0,505,91,569,45.5,537.0,multiline,none,-1,False,stationary,2.18,22.61,False,True
1020,34.0,1608,truck,0.8823,1262,528,1604,664,1433.0,596.0,multiline,none,-1,False,insufficient_data,0.0,0.0,False,True
1021,34.0333,1582,car,0.8886,719,566,820,626,769.5,596.0,multiline,none,-1,False,stationary,2.15,23.62,False,True
1021,34.0333,1531,car,0.903,1030,645,1218,726,1124.0,685.5,multiline,none,-1,False,moving,35.98,395.82,True,True
1021,34.0333,1482,car,0.8886,0,504,85,568,42.5,536.0,multiline,none,-1,False,stationary,2.33,25.17,False,True
1021,34.0333,1608,truck,0.8099,1258,528,1604,664,1431.0,596.0,multiline,none,-1,False,insufficient_data,0.0,0.0,False,True
1022,34.0667,1582,car,0.8784,717,564,819,626,768.0,595.0,multiline,none,-1,False,stationary,2.04,22.32,False,True
1022,34.0667,1531,car,0.8828,1046,646,1238,727,1142.0,686.5,multiline,none,-1,False,moving,34.83,383.14,True,True
1022,34.0667,1482,car,0.8769,0,504,79,568,39.5,536.0,multiline,none,-1,False,stationary,2.52,27.54,False,True
1022,34.0667,1608,truck,0.8754,1253,528,1604,664,1428.5,596.0,multiline,none,-1,False,insufficient_data,0.0,0.0,False,True
1023,34.1,1582,car,0.8457,714,563,816,626,765.0,594.5,multiline,none,-1,False,stationary,1.96,21.45,False,True
1023,34.1,1531,car,0.8967,1062,646,1258,728,1160.0,687.0,multiline,none,-1,False,moving,32.71,359.83,True,True
1023,34.1,1482,car,0.8722,0,504,73,567,36.5,535.5,multiline,none,-1,False,stationary,2.72,29.81,False,True
1023,34.1,1608,truck,0.8349,1246,528,1604,664,1425.0,596.0,multiline,none,-1,False,recently_moving,1.34,5.35,True,True
1024,34.1333,1582,car,0.421,710,562,813,626,761.5,594.0,multiline,none,-1,False,stationary,1.94,21.29,False,True
1024,34.1333,1531,car,0.8865,1078,647,1277,729,1177.5,688.0,multiline,none,-1,False,moving,30.32,333.47,True,True
1024,34.1333,1482,car,0.8856,0,505,66,566,33.0,535.5,multiline,none,-1,False,stationary,2.86,31.42,False,True
1024,34.1333,1608,truck,0.8458,1239,527,1604,663,1421.5,595.0,multiline,none,-1,False,recently_moving,1.61,8.05,True,True
1025,34.1667,1582,car,0.6291,708,561,808,625,758.0,593.0,multiline,none,-1,False,stationary,1.97,21.57,False,True
1025,34.1667,1531,car,0.9245,1094,647,1296,731,1195.0,689.0,multiline,none,-1,False,moving,27.99,307.94,True,True
1025,34.1667,1482,car,0.8701,0,506,60,565,30.0,535.5,multiline,none,-1,False,stationary,2.93,32.22,False,True
1025,34.1667,1608,truck,0.8493,1232,527,1602,663,1417.0,595.0,multiline,none,-1,False,recently_moving,1.89,11.34,True,True
1026,34.2,1582,car,0.785,692,561,802,625,747.0,593.0,multiline,none,-1,False,stationary,2.3,25.08,False,True
1026,34.2,1531,car,0.9158,1112,648,1314,732,1213.0,690.0,multiline,none,-1,False,moving,25.96,285.53,True,True
1026,34.2,1482,car,0.8418,0,507,54,563,27.0,535.0,multiline,none,-1,False,stationary,2.99,32.8,False,True
1026,34.2,1608,truck,0.6396,1224,527,1585,663,1404.5,595.0,multiline,none,-1,False,recently_moving,2.56,17.88,True,True
1027,34.2333,1582,car,0.7496,675,560,796,624,735.5,592.0,multiline,none,-1,False,stationary,2.82,30.77,False,True
1027,34.2333,1531,car,0.9048,1129,649,1332,733,1230.5,691.0,multiline,none,-1,False,moving,24.08,264.84,True,True
1027,34.2333,1482,car,0.7897,0,508,48,562,24.0,535.0,multiline,none,-1,False,stationary,3.01,33.11,False,True
1027,34.2333,1608,truck,0.8524,1216,527,1566,662,1391.0,594.5,multiline,none,-1,False,recently_moving,3.36,26.85,True,True
1028,34.2667,1582,car,0.8654,658,560,790,623,724.0,591.5,multiline,none,-1,False,stationary,3.48,37.98,False,True
1028,34.2667,1531,car,0.8434,1147,649,1349,734,1248.0,691.5,multiline,none,-1,False,moving,22.44,246.83,True,True
1028,34.2667,1482,car,0.8183,0,509,42,561,21.0,535.0,multiline,none,-1,False,stationary,3.03,33.29,False,True
1028,34.2667,1608,truck,0.9197,1208,526,1547,661,1377.5,593.5,multiline,none,-1,False,recently_moving,4.16,37.41,True,True
1029,34.3,1582,car,0.7937,643,560,783,622,713.0,591.0,multiline,none,-1,False,stationary,4.21,45.95,False,True
1029,34.3,1531,car,0.8548,1165,650,1361,734,1263.0,692.0,multiline,none,-1,False,moving,20.99,230.92,True,True
1029,34.3,1482,car,0.6861,0,511,37,560,18.5,535.5,multiline,none,-1,False,stationary,3.02,33.17,False,True
1029,34.3,1608,truck,0.9037,1200,526,1531,660,1365.5,593.0,multiline,none,-1,False,recently_moving,4.85,48.47,True,True
1030,34.3333,1582,car,0.7617,626,556,776,622,701.0,589.0,multiline,none,-1,False,stationary,5.04,55.05,False,True
1030,34.3333,1531,car,0.8796,1182,651,1378,735,1280.0,693.0,multiline,none,-1,False,moving,19.86,218.47,True,True
1030,34.3333,1608,truck,0.884,1192,526,1520,659,1356.0,592.5,multiline,none,-1,False,recently_moving,5.37,59.0,True,True
1031,34.3667,1582,car,0.2911,612,555,769,621,690.5,588.0,multiline,none,-1,False,stationary,5.85,64.06,False,True
1031,34.3667,1531,car,0.8145,1198,651,1397,736,1297.5,693.5,multiline,none,-1,False,moving,19.01,209.16,True,True
1031,34.3667,1608,truck,0.8554,1183,525,1511,658,1347.0,591.5,multiline,none,-1,False,recently_moving,6.22,68.44,True,True
1032,34.4,1531,car,0.4081,1215,652,1413,737,1314.0,694.5,multiline,none,-1,False,moving,18.41,202.53,True,True
1032,34.4,1608,truck,0.838,1175,525,1505,657,1340.0,591.0,multiline,none,-1,False,recently_moving,6.95,76.38,True,True
1033,34.4333,1531,car,0.6272,1233,652,1429,739,1331.0,695.5,multiline,none,-1,False,moving,17.99,197.9,True,True
1033,34.4333,1608,truck,0.819,1166,525,1499,656,1332.5,590.5,multiline,none,-1,False,recently_moving,7.57,83.27,True,True
1034,34.4667,1531,car,0.7189,1250,653,1443,740,1346.5,696.5,multiline,none,-1,False,moving,17.64,194.02,True,True
1034,34.4667,1608,truck,0.8153,1157,524,1493,655,1325.0,589.5,multiline,none,-1,False,stationary,8.11,89.17,False,True
1035,34.5,1531,car,0.7173,1268,655,1456,741,1362.0,698.0,multiline,none,-1,False,moving,17.35,190.81,True,True
1035,34.5,1608,truck,0.7726,1147,524,1479,655,1313.0,589.5,multiline,none,-1,False,stationary,8.73,95.96,False,True
1036,34.5333,1608,truck,0.8836,1139,524,1464,656,1301.5,590.0,multiline,none,-1,False,stationary,9.35,102.84,False,True
1037,34.5667,1608,truck,0.7487,1130,524,1449,656,1289.5,590.0,multiline,none,-1,False,stationary,9.74,107.09,False,True
1038,34.6,1608,truck,0.7519,1121,524,1435,656,1278.0,590.0,multiline,none,-1,False,stationary,9.93,109.15,False,True
1039,34.6333,1608,truck,0.8913,1113,524,1421,657,1267.0,590.5,multiline,none,-1,False,stationary,9.97,109.6,False,True
1039,34.6333,1641,car,0.6596,0,570,30,622,15.0,596.0,multiline,none,-1,False,insufficient_data,0.0,0.0,False,True
1040,34.6667,1608,truck,0.8419,1108,524,1408,657,1258.0,590.5,multiline,none,-1,False,stationary,9.91,108.89,False,True
1040,34.6667,1641,car,0.5133,0,568,31,622,15.5,595.0,multiline,none,-1,False,insufficient_data,0.0,0.0,False,True
1041,34.7,1608,truck,0.5565,1102,523,1396,657,1249.0,590.0,multiline,none,-1,False,stationary,9.84,108.15,False,True
1041,34.7,1641,car,0.874,0,567,35,623,17.5,595.0,multiline,none,-1,False,insufficient_data,0.0,0.0,False,True
1042,34.7333,1608,truck,0.7796,1094,523,1384,657,1239.0,590.0,multiline,none,-1,False,stationary,9.84,108.14,False,True
1042,34.7333,1641,car,0.9038,0,565,42,625,21.0,595.0,multiline,none,-1,False,insufficient_data,0.0,0.0,False,True
1043,34.7667,1608,truck,0.7142,1087,523,1374,657,1230.5,590.0,multiline,none,-1,False,stationary,9.88,108.62,False,True
1043,34.7667,1641,car,0.7837,0,563,51,627,25.5,595.0,multiline,none,-1,False,recently_moving,1.41,5.46,True,True
1044,34.8,1608,truck,0.8739,1078,523,1363,657,1220.5,590.0,multiline,none,-1,False,stationary,9.99,109.81,False,True
1044,34.8,1641,car,0.8909,0,562,60,629,30.0,595.5,multiline,none,-1,False,recently_moving,1.8,8.76,True,True
1045,34.8333,1608,truck,0.831,1069,522,1352,657,1210.5,589.5,multiline,none,-1,False,stationary,10.13,111.45,False,True
1045,34.8333,1641,car,0.8949,0,561,70,631,35.0,596.0,multiline,none,-1,False,recently_moving,2.15,12.66,True,True
1045,34.8333,1582,car,0.6664,579,556,736,620,657.5,588.0,multiline,none,-1,False,stationary,7.38,80.9,False,True
1046,34.8667,1608,truck,0.8162,1058,522,1344,656,1201.0,589.0,multiline,none,-1,False,stationary,10.15,111.66,False,True
1046,34.8667,1641,car,0.8912,0,560,80,632,40.0,596.0,multiline,none,-1,False,recently_moving,2.46,16.95,True,True
1046,34.8667,1582,car,0.2933,552,556,709,619,630.5,587.5,multiline,none,-1,False,stationary,9.18,100.74,False,True
1047,34.9,1608,truck,0.8649,1044,521,1334,655,1189.0,588.0,multiline,none,-1,False,stationary,10.18,111.98,False,True
1047,34.9,1641,car,0.8838,0,559,91,634,45.5,596.5,multiline,none,-1,False,recently_moving,2.74,21.66,True,True
1048,34.9333,1608,truck,0.7884,1033,521,1324,655,1178.5,588.0,multiline,none,-1,False,stationary,10.15,111.65,False,True
1048,34.9333,1641,car,0.8928,0,559,101,635,50.5,597.0,multiline,none,-1,False,recently_moving,2.97,26.49,True,True
1049,34.9667,1608,truck,0.8209,1022,520,1315,655,1168.5,587.5,multiline,none,-1,False,stationary,10.09,110.94,False,True
1049,34.9667,1641,car,0.913,0,559,111,637,55.5,598.0,multiline,none,-1,False,recently_moving,3.17,31.36,True,True
1050,35.0,1608,truck,0.6032,1014,519,1305,653,1159.5,586.0,multiline,none,-1,False,stationary,9.99,109.81,False,True
1050,35.0,1641,car,0.8968,0,560,119,639,59.5,599.5,multiline,none,-1,False,recently_moving,3.3,35.96,True,True
1051,35.0333,1608,truck,0.8458,1007,519,1295,653,1151.0,586.0,multiline,none,-1,False,stationary,9.9,108.87,False,True
1051,35.0333,1641,car,0.8805,0,562,124,640,62.0,601.0,multiline,none,-1,False,recently_moving,3.63,39.74,True,True
1051,35.0333,1531,car,0.746,1359,658,1558,748,1458.5,703.0,multiline,none,-1,False,moving,19.67,216.34,True,True
1052,35.0667,1608,truck,0.8346,1000,519,1285,653,1142.5,586.0,multiline,none,-1,False,stationary,9.84,108.16,False,True
1052,35.0667,1641,car,0.8636,2,563,129,641,65.5,602.0,multiline,none,-1,False,recently_moving,3.9,42.69,True,True
1052,35.0667,1531,car,0.5275,1440,665,1639,754,1539.5,709.5,multiline,none,-1,False,moving,23.19,255.1,True,True
1053,35.1,1608,truck,0.8694,993,519,1275,652,1134.0,585.5,multiline,none,-1,False,stationary,9.74,107.1,False,True
1053,35.1,1641,car,0.7876,5,564,132,641,68.5,602.5,multiline,none,-1,False,recently_moving,4.07,44.56,True,True
1053,35.1,1531,car,0.6029,1498,668,1706,758,1602.0,713.0,multiline,none,-1,False,moving,26.92,296.05,True,True
1054,35.1333,1608,truck,0.5851,985,519,1266,652,1125.5,585.5,multiline,none,-1,False,stationary,9.68,106.42,False,True
1054,35.1333,1641,car,0.8217,12,566,134,641,73.0,603.5,multiline,none,-1,False,stationary,4.18,45.82,False,True
1054,35.1333,1531,car,0.8959,1544,671,1759,762,1651.5,716.5,multiline,none,-1,False,moving,30.36,333.91,True,True
1055,35.1667,1608,truck,0.6103,974,519,1257,652,1115.5,585.5,multiline,none,-1,False,stationary,9.64,105.97,False,True
1055,35.1667,1641,car,0.646,20,568,136,642,78.0,605.0,multiline,none,-1,False,stationary,4.28,46.87,False,True
1055,35.1667,1531,car,0.8573,1586,673,1799,765,1692.5,719.0,multiline,none,-1,False,moving,33.42,367.64,True,True
1055,35.1667,1582,truck,0.2929,516,558,672,617,594.0,587.5,multiline,none,-1,False,stationary,11.41,125.36,False,True
1056,35.2,1608,truck,0.5639,960,519,1248,651,1104.0,585.0,multiline,none,-1,False,stationary,9.66,106.22,False,True
1056,35.2,1641,car,0.8135,30,570,137,642,83.5,606.0,multiline,none,-1,False,stationary,4.36,47.77,False,True
1056,35.2,1531,car,0.558,1621,675,1829,766,1725.0,720.5,multiline,none,-1,False,moving,35.91,394.99,True,True
1056,35.2,1582,car,0.5434,486,559,643,616,564.5,587.5,multiline,none,-1,False,stationary,13.69,150.47,False,True
1057,35.2333,1641,car,0.7413,40,572,138,642,89.0,607.0,multiline,none,-1,False,stationary,4.43,48.6,False,True
1057,35.2333,1531,car,0.728,1651,677,1852,767,1751.5,722.0,multiline,none,-1,False,moving,37.81,415.91,True,True
1057,35.2333,1582,car,0.4341,463,561,618,615,540.5,588.0,multiline,none,-1,False,moving,15.83,173.97,True,True
1058,35.2667,1641,car,0.6878,51,574,138,643,94.5,608.5,multiline,none,-1,False,stationary,4.48,49.21,False,True
1058,35.2667,1531,car,0.8457,1679,678,1869,768,1774.0,723.0,multiline,none,-1,False,moving,39.24,431.63,True,True
1058,35.2667,1582,car,0.2847,443,561,594,613,518.5,587.0,multiline,none,-1,False,moving,17.56,193.1,True,True
1058,35.2667,1608,truck,0.4339,949,519,1237,650,1093.0,584.5,multiline,none,-1,False,stationary,9.72,106.91,False,True
1059,35.3,1531,car,0.9039,1704,680,1881,768,1792.5,724.0,multiline,none,-1,False,moving,40.21,442.35,True,True
1059,35.3,1582,car,0.5445,427,559,573,612,500.0,585.5,multiline,none,-1,False,moving,18.92,207.98,True,True
1060,35.3333,1531,car,0.906,1727,681,1891,769,1809.0,725.0,multiline,none,-1,False,moving,40.88,449.68,True,True
1060,35.3333,1582,car,0.6936,413,557,557,611,485.0,584.0,multiline,none,-1,False,moving,19.91,218.9,True,True
1060,35.3333,1608,truck,0.2672,939,518,1225,648,1082.0,583.0,multiline,none,-1,False,stationary,9.73,106.99,False,True
1061,35.3667,1531,car,0.7984,1750,683,1898,770,1824.0,726.5,multiline,none,-1,False,moving,41.3,454.27,True,True
1061,35.3667,1582,car,0.3123,401,555,544,611,472.5,583.0,multiline,line_crossed,0,True,moving,20.6,226.53,True,True
1061,35.3667,1608,truck,0.6069,931,517,1214,648,1072.5,582.5,multiline,none,-1,False,stationary,9.7,106.73,False,True
1062,35.4,1531,car,0.7298,1773,684,1903,770,1838.0,727.0,multiline,none,-1,False,moving,38.94,428.34,True,True
1062,35.4,1582,car,0.7031,391,553,533,610,462.0,581.5,multiline,none,-1,False,moving,21.01,230.98,True,True
1062,35.4,1608,truck,0.3057,923,517,1204,647,1063.5,582.0,multiline,none,-1,False,stationary,9.66,106.2,False,True
1063,35.4333,1531,car,0.579,1795,686,1907,769,1851.0,727.5,multiline,none,-1,False,moving,35.24,387.61,True,True
1063,35.4333,1608,truck,0.4008,916,517,1195,647,1055.5,582.0,multiline,none,-1,False,stationary,9.59,105.48,False,True
1064,35.4667,1608,truck,0.2968,913,517,1187,647,1050.0,582.0,multiline,none,-1,False,stationary,9.45,103.94,False,True
1064,35.4667,1582,car,0.3036,381,548,524,609,452.5,578.5,multiline,none,-1,False,moving,21.24,233.55,True,True
1065,35.5,1608,truck,0.4057,910,517,1179,648,1044.5,582.5,multiline,none,-1,False,stationary,9.26,101.89,False,True
1067,35.5667,1582,car,0.5341,375,549,511,609,443.0,579.0,multiline,none,-1,False,moving,20.65,226.97,True,True
1068,35.6,1582,car,0.4203,372,550,499,608,435.5,579.0,multiline,none,-1,False,moving,19.64,215.87,True,True
1069,35.6333,1663,car,0.898,1869,635,1919,695,1894.0,665.0,multiline,none,-1,False,insufficient_data,0.0,0.0,False,True
1070,35.6667,1663,car,0.9095,1866,634,1919,695,1892.5,664.5,multiline,none,-1,False,insufficient_data,0.0,0.0,False,True
1096,36.5333,1709,person,0.8519,0,628,25,695,12.5,661.5,multiline,none,-1,False,insufficient_data,0.0,0.0,False,True
1097,36.5667,1709,person,0.8589,0,628,26,695,13.0,661.5,multiline,none,-1,False,insufficient_data,0.0,0.0,False,True
1098,36.6,1709,person,0.8484,0,628,27,694,13.5,661.0,multiline,none,-1,False,insufficient_data,0.0,0.0,False,True
1099,36.6333,1709,person,0.8609,0,628,29,694,14.5,661.0,multiline,none,-1,False,insufficient_data,0.0,0.0,False,True
1100,36.6667,1709,person,0.86,0,628,31,694,15.5,661.0,multiline,none,-1,False,recently_moving,0.43,1.7,True,True
1101,36.7,1709,person,0.8684,0,628,32,694,16.0,661.0,multiline,none,-1,False,recently_moving,0.47,2.32,True,True
1102,36.7333,1709,person,0.8656,0,629,33,694,16.5,661.5,multiline,none,-1,False,recently_moving,0.49,2.88,True,True
1103,36.7667,1709,person,0.88,0,629,34,694,17.0,661.5,multiline,none,-1,False,recently_moving,0.51,3.45,True,True
1104,36.8,1709,person,0.8937,0,629,35,694,17.5,661.5,multiline,none,-1,False,recently_moving,0.51,3.98,True,True
1105,36.8333,1709,person,0.8737,0,629,36,694,18.0,661.5,multiline,none,-1,False,recently_moving,0.51,4.51,True,True
1106,36.8667,1709,person,0.832,0,629,37,694,18.5,661.5,multiline,none,-1,False,recently_moving,0.51,5.02,True,True
1107,36.9,1709,person,0.8086,0,629,37,694,18.5,661.5,multiline,none,-1,False,recently_moving,0.5,5.36,True,True
1108,36.9333,1709,person,0.8263,0,629,38,694,19.0,661.5,multiline,none,-1,False,recently_moving,0.52,5.6,True,True
1109,36.9667,1709,person,0.8186,1,629,39,694,20.0,661.5,multiline,none,-1,False,recently_moving,0.54,5.94,True,True
1110,37.0,1709,person,0.7281,2,629,39,694,20.5,661.5,multiline,none,-1,False,recently_moving,0.55,6.01,True,True
1111,37.0333,1709,person,0.6823,4,629,39,694,21.5,661.5,multiline,none,-1,False,stationary,0.55,6.0,False,True
1112,37.0667,1709,person,0.7376,5,629,39,694,22.0,661.5,multiline,none,-1,False,stationary,0.55,6.01,False,True
1113,37.1,1709,person,0.7306,6,628,39,693,22.5,660.5,multiline,none,-1,False,stationary,0.56,6.02,False,True
1114,37.1333,1709,person,0.4577,7,628,40,693,23.5,660.5,multiline,none,-1,False,stationary,0.57,6.18,False,True
1115,37.1667,1709,person,0.5337,9,628,41,693,25.0,660.5,multiline,none,-1,False,stationary,0.61,6.65,False,True
1116,37.2,1709,person,0.7095,11,628,43,693,27.0,660.5,multiline,none,-1,False,stationary,0.69,7.48,False,True
1117,37.2333,1709,person,0.7739,14,628,47,693,30.5,660.5,multiline,none,-1,False,stationary,0.83,9.08,False,True
1118,37.2667,1709,person,0.7292,16,628,49,693,32.5,660.5,multiline,none,-1,False,stationary,0.99,10.8,False,True
1119,37.3,1709,person,0.4273,17,628,51,693,34.0,660.5,multiline,none,-1,False,stationary,1.13,12.28,False,True
1120,37.3333,1709,person,0.4956,19,628,55,693,37.0,660.5,multiline,none,-1,False,stationary,1.28,13.93,False,True
1121,37.3667,1709,person,0.4156,20,628,56,692,38.0,660.0,multiline,none,-1,False,stationary,1.39,15.2,False,True
1122,37.4,1709,person,0.6133,22,628,59,692,40.5,660.0,multiline,none,-1,False,stationary,1.51,16.55,False,True
1123,37.4333,1709,person,0.7824,23,628,64,692,43.5,660.0,multiline,none,-1,False,stationary,1.68,18.32,False,True
1124,37.4667,1709,person,0.7457,24,628,67,692,45.5,660.0,multiline,none,-1,False,stationary,1.81,19.92,False,True
1125,37.5,1709,person,0.6833,25,627,71,692,48.0,659.5,multiline,none,-1,False,stationary,1.96,21.53,False,True
1127,37.5667,1709,person,0.7662,27,627,73,691,50.0,659.0,multiline,none,-1,False,stationary,2.07,22.75,False,True
1128,37.6,1709,person,0.7261,30,627,75,691,52.5,659.0,multiline,none,-1,False,stationary,2.16,23.72,False,True
1129,37.6333,1709,person,0.7578,33,627,76,690,54.5,658.5,multiline,none,-1,False,stationary,2.17,23.85,False,True
1131,37.7,1709,person,0.5896,37,627,77,690,57.0,658.5,multiline,none,-1,False,stationary,2.19,24.09,False,True
1132,37.7333,1709,person,0.6127,40,626,78,689,59.0,657.5,multiline,none,-1,False,stationary,2.23,24.46,False,True
1133,37.7667,1709,person,0.7217,43,626,78,688,60.5,657.0,multiline,none,-1,False,stationary,2.2,24.19,False,True
1134,37.8,1709,person,0.8323,46,625,79,688,62.5,656.5,multiline,none,-1,False,stationary,2.22,24.37,False,True
1135,37.8333,1709,person,0.8559,48,625,81,687,64.5,656.0,multiline,none,-1,False,stationary,2.22,24.33,False,True
1136,37.8667,1709,person,0.8691,50,624,84,687,67.0,655.5,multiline,none,-1,False,stationary,2.2,24.18,False,True
1137,37.9,1709,person,0.8378,51,624,87,687,69.0,655.5,multiline,none,-1,False,stationary,2.19,24.07,False,True
1138,37.9333,1709,person,0.8594,53,624,91,687,72.0,655.5,multiline,none,-1,False,stationary,2.2,24.13,False,True
1139,37.9667,1709,person,0.8891,54,623,95,687,74.5,655.0,multiline,none,-1,False,stationary,2.22,24.37,False,True
1140,38.0,1709,person,0.861,56,623,98,687,77.0,655.0,multiline,none,-1,False,stationary,2.23,24.51,False,True
1141,38.0333,1709,person,0.8583,58,623,101,687,79.5,655.0,multiline,none,-1,False,stationary,2.25,24.72,False,True
1142,38.0667,1709,person,0.8514,60,623,104,688,82.0,655.5,multiline,none,-1,False,stationary,2.27,24.9,False,True
1143,38.1,1709,person,0.8583,61,623,106,688,83.5,655.5,multiline,none,-1,False,stationary,2.26,24.79,False,True
1144,38.1333,1709,person,0.8417,63,622,108,688,85.5,655.0,multiline,none,-1,False,stationary,2.27,24.89,False,True
1144,38.1333,1858,person,0.8148,0,581,21,632,10.5,606.5,multiline,none,-1,False,insufficient_data,0.0,0.0,False,True
1145,38.1667,1709,person,0.8532,64,622,109,687,86.5,654.5,multiline,none,-1,False,stationary,2.25,24.61,False,True
1145,38.1667,1858,person,0.8139,0,579,22,631,11.0,605.0,multiline,none,-1,False,insufficient_data,0.0,0.0,False,True
1146,38.2,1709,person,0.8636,66,622,111,687,88.5,654.5,multiline,none,-1,False,stationary,2.23,24.42,False,True
1146,38.2,1858,person,0.8153,0,577,24,631,12.0,604.0,multiline,none,-1,False,insufficient_data,0.0,0.0,False,True
1147,38.2333,1709,person,0.8319,68,621,112,687,90.0,654.0,multiline,none,-1,False,stationary,2.18,23.94,False,True
1147,38.2333,1858,person,0.8682,0,576,26,631,13.0,603.5,multiline,none,-1,False,insufficient_data,0.0,0.0,False,True
1148,38.2667,1709,person,0.8051,70,621,112,686,91.0,653.5,multiline,none,-1,False,stationary,2.13,23.33,False,True
1148,38.2667,1858,person,0.8459,0,575,29,631,14.5,603.0,multiline,none,-1,False,recently_moving,0.86,3.32,True,True
1149,38.3,1709,person,0.7506,73,620,113,685,93.0,652.5,multiline,none,-1,False,stationary,2.07,22.62,False,True
1149,38.3,1858,person,0.8324,0,574,31,631,15.5,602.5,multiline,none,-1,False,recently_moving,0.91,4.41,True,True
1150,38.3333,1709,person,0.7314,76,620,113,684,94.5,652.0,multiline,none,-1,False,stationary,2.0,21.8,False,True
1150,38.3333,1858,person,0.8655,0,573,33,631,16.5,602.0,multiline,none,-1,False,recently_moving,0.94,5.5,True,True
1151,38.3667,1709,person,0.6483,78,619,113,683,95.5,651.0,multiline,none,-1,False,stationary,1.92,20.82,False,True
1151,38.3667,1858,person,0.8123,0,572,34,631,17.0,601.5,multiline,none,-1,False,recently_moving,0.95,6.47,True,True
1152,38.4,1709,person,0.5826,80,618,113,681,96.5,649.5,multiline,none,-1,False,stationary,1.84,19.77,False,True
1152,38.4,1858,person,0.782,0,572,35,631,17.5,601.5,multiline,none,-1,False,recently_moving,0.93,7.24,True,True
1153,38.4333,1709,person,0.7312,82,618,114,681,98.0,649.5,multiline,none,-1,False,stationary,1.74,18.78,False,True
1153,38.4333,1858,person,0.7915,1,571,36,631,18.5,601.0,multiline,none,-1,False,recently_moving,0.92,8.11,True,True
1154,38.4667,1709,person,0.67,84,617,115,680,99.5,648.5,multiline,none,-1,False,stationary,1.69,18.26,False,True
1154,38.4667,1858,person,0.6995,3,570,36,630,19.5,600.0,multiline,none,-1,False,recently_moving,0.94,9.17,True,True
1155,38.5,1709,person,0.6859,85,617,117,680,101.0,648.5,multiline,none,-1,False,stationary,1.64,17.76,False,True
1155,38.5,1858,person,0.6654,6,570,37,629,21.5,599.5,multiline,none,-1,False,recently_moving,0.98,10.54,True,True
1156,38.5333,1709,person,0.7861,86,616,120,679,103.0,647.5,multiline,none,-1,False,stationary,1.64,17.82,False,True
1156,38.5333,1858,person,0.5282,7,569,37,629,22.0,599.0,multiline,none,-1,False,recently_moving,1.03,11.23,True,True
1157,38.5667,1709,person,0.7824,87,616,123,679,105.0,647.5,multiline,none,-1,False,stationary,1.63,17.81,False,True
1157,38.5667,1858,person,0.6478,10,571,38,629,24.0,600.0,multiline,none,-1,False,recently_moving,1.07,11.61,True,True
1158,38.6,1709,person,0.7347,88,615,126,678,107.0,646.5,multiline,none,-1,False,stationary,1.65,18.08,False,True
1158,38.6,1858,person,0.4366,13,573,39,628,26.0,600.5,multiline,none,-1,False,recently_moving,1.14,12.14,True,True
1159,38.6333,1709,person,0.6868,90,615,129,678,109.5,646.5,multiline,none,-1,False,stationary,1.71,18.66,False,True
1159,38.6333,1858,person,0.5942,15,575,39,628,27.0,601.5,multiline,none,-1,False,stationary,1.17,12.19,False,True
1160,38.6667,1709,person,0.7559,91,615,131,678,111.0,646.5,multiline,none,-1,False,stationary,1.72,18.74,False,True
1160,38.6667,1858,person,0.3038,17,577,39,628,28.0,602.5,multiline,none,-1,False,stationary,1.19,12.15,False,True
1161,38.7,1709,person,0.7903,93,614,134,678,113.5,646.0,multiline,none,-1,False,stationary,1.76,19.13,False,True
1161,38.7,1875,person,0.6952,24,571,63,627,43.5,599.0,multiline,none,-1,False,insufficient_data,0.0,0.0,False,True
1162,38.7333,1709,person,0.787,94,614,136,678,115.0,646.0,multiline,none,-1,False,stationary,1.79,19.45,False,True
1162,38.7333,1875,person,0.8044,24,570,64,627,44.0,598.5,multiline,none,-1,False,insufficient_data,0.0,0.0,False,True
1163,38.7667,1709,person,0.8042,96,614,138,677,117.0,645.5,multiline,none,-1,False,stationary,1.82,19.91,False,True
1163,38.7667,1875,person,0.5381,24,569,65,626,44.5,597.5,multiline,none,-1,False,insufficient_data,0.0,0.0,False,True
1164,38.8,1709,person,0.8314,98,614,139,677,118.5,645.5,multiline,none,-1,False,stationary,1.85,20.24,False,True
1164,38.8,1875,person,0.5352,25,568,66,626,45.5,597.0,multiline,none,-1,False,insufficient_data,0.0,0.0,False,True
1165,38.8333,1709,person,0.8229,100,613,140,676,120.0,644.5,multiline,none,-1,False,stationary,1.87,20.46,False,True
1165,38.8333,1875,person,0.648,28,567,67,625,47.5,596.0,multiline,none,-1,False,recently_moving,0.7,2.76,True,True
1166,38.8667,1709,person,0.8149,101,612,141,676,121.0,644.0,multiline,none,-1,False,stationary,1.86,20.43,False,True
1166,38.8667,1875,person,0.7704,32,567,67,624,49.5,595.5,multiline,none,-1,False,recently_moving,0.85,4.19,True,True
1167,38.9,1709,person,0.8204,103,612,142,675,122.5,643.5,multiline,none,-1,False,stationary,1.84,20.2,False,True
1167,38.9,1875,person,0.7664,34,566,68,623,51.0,594.5,multiline,none,-1,False,recently_moving,0.98,5.77,True,True
1168,38.9333,1709,person,0.7465,106,611,142,674,124.0,642.5,multiline,none,-1,False,stationary,1.83,20.01,False,True
1168,38.9333,1875,person,0.7974,36,566,68,623,52.0,594.5,multiline,none,-1,False,recently_moving,1.03,7.1,True,True
1169,38.9667,1709,person,0.7006,108,611,142,673,125.0,642.0,multiline,none,-1,False,stationary,1.78,19.46,False,True
1169,38.9667,1875,person,0.6583,39,565,69,622,54.0,593.5,multiline,none,-1,False,recently_moving,1.11,8.75,True,True
1170,39.0,1709,person,0.5068,109,610,141,672,125.0,641.0,multiline,none,-1,False,stationary,1.69,18.35,False,True
1170,39.0,1875,person,0.5737,40,564,70,622,55.0,593.0,multiline,none,-1,False,recently_moving,1.15,10.21,True,True
1171,39.0333,1875,person,0.5703,42,563,72,621,57.0,592.0,multiline,none,-1,False,recently_moving,1.21,11.95,True,True
1172,39.0667,1875,person,0.7561,45,563,75,621,60.0,592.0,multiline,none,-1,False,recently_moving,1.29,14.04,True,True
1173,39.1,1875,person,0.7913,48,562,79,620,63.5,591.0,multiline,none,-1,False,recently_moving,1.51,16.41,True,True
1174,39.1333,1875,person,0.8086,50,562,83,620,66.5,591.0,multiline,none,-1,False,recently_moving,1.71,18.61,True,True
1175,39.1667,1875,person,0.8047,52,561,88,620,70.0,590.5,multiline,none,-1,False,recently_moving,1.92,20.9,True,True
1176,39.2,1875,person,0.8312,54,561,92,619,73.0,590.0,multiline,none,-1,False,stationary,2.08,22.72,False,True
1177,39.2333,1875,person,0.8261,55,561,95,619,75.0,590.0,multiline,none,-1,False,stationary,2.19,23.88,False,True
1178,39.2667,1875,person,0.819,57,561,98,619,77.5,590.0,multiline,none,-1,False,stationary,2.28,24.9,False,True
1179,39.3,1875,person,0.8253,59,561,100,619,79.5,590.0,multiline,none,-1,False,stationary,2.38,25.94,False,True
1180,39.3333,1875,person,0.8142,61,560,101,618,81.0,589.0,multiline,none,-1,False,stationary,2.42,26.44,False,True
1181,39.3667,1875,person,0.8053,63,560,102,618,82.5,589.0,multiline,none,-1,False,stationary,2.46,26.93,False,True
1182,39.4,1875,person,0.7942,66,560,103,617,84.5,588.5,multiline,none,-1,False,stationary,2.48,27.21,False,True
1183,39.4333,1875,person,0.7527,69,559,104,617,86.5,588.0,multiline,none,-1,False,stationary,2.46,27.07,False,True
1184,39.4667,1875,person,0.7648,73,558,105,616,89.0,587.0,multiline,none,-1,False,stationary,2.42,26.63,False,True
1185,39.5,1875,person,0.7401,75,558,106,615,90.5,586.5,multiline,none,-1,False,stationary,2.36,25.89,False,True
1186,39.5333,1875,person,0.7204,78,557,107,614,92.5,585.5,multiline,none,-1,False,stationary,2.27,24.92,False,True
1187,39.5667,1875,person,0.7223,81,557,109,614,95.0,585.5,multiline,none,-1,False,stationary,2.2,24.07,False,True
1188,39.6,1875,person,0.7792,83,556,112,613,97.5,584.5,multiline,none,-1,False,stationary,2.17,23.79,False,True
1189,39.6333,1875,person,0.7913,85,556,115,613,100.0,584.5,multiline,none,-1,False,stationary,2.15,23.6,False,True
1190,39.6667,1875,person,0.8333,87,555,118,613,102.5,584.0,multiline,none,-1,False,stationary,2.15,23.66,False,True
1191,39.7,1875,person,0.8235,89,555,121,613,105.0,584.0,multiline,none,-1,False,stationary,2.18,23.97,False,True
1192,39.7333,1875,person,0.833,91,554,124,612,107.5,583.0,multiline,none,-1,False,stationary,2.24,24.62,False,True
1193,39.7667,1875,person,0.8459,92,554,127,612,109.5,583.0,multiline,none,-1,False,stationary,2.28,24.99,False,True
1194,39.8,1875,person,0.8643,94,554,130,611,112.0,582.5,multiline,none,-1,False,stationary,2.31,25.38,False,True
1195,39.8333,1875,person,0.8628,96,553,131,611,113.5,582.0,multiline,none,-1,False,stationary,2.3,25.23,False,True
1196,39.8667,1875,person,0.8351,98,553,132,610,115.0,581.5,multiline,none,-1,False,stationary,2.29,25.17,False,True
1197,39.9,1875,person,0.7637,101,552,133,610,117.0,581.0,multiline,none,-1,False,stationary,2.28,25.08,False,True
1198,39.9333,1875,person,0.6957,104,552,134,609,119.0,580.5,multiline,none,-1,False,stationary,2.26,24.86,False,True
1199,39.9667,1875,person,0.5523,106,551,134,608,120.0,579.5,multiline,none,-1,False,stationary,2.21,24.22,False,True
1200,40.0,1875,person,0.5997,108,550,135,607,121.5,578.5,multiline,none,-1,False,stationary,2.15,23.55,False,True
1201,40.0333,1875,person,0.743,111,550,136,606,123.5,578.0,multiline,none,-1,False,stationary,2.09,22.92,False,True
1202,40.0667,1875,person,0.6848,114,550,138,605,126.0,577.5,multiline,none,-1,False,stationary,2.06,22.57,False,True
1203,40.1,1875,person,0.644,116,549,138,605,127.0,577.0,multiline,none,-1,False,stationary,1.99,21.79,False,True
1204,40.1333,1875,person,0.5977,118,549,139,605,128.5,577.0,multiline,none,-1,False,stationary,1.93,21.11,False,True
1205,40.1667,1875,person,0.7529,120,549,142,604,131.0,576.5,multiline,none,-1,False,stationary,1.89,20.67,False,True
1206,40.2,1875,person,0.7034,121,548,144,604,132.5,576.0,multiline,none,-1,False,stationary,1.86,20.44,False,True
1207,40.2333,1875,person,0.6484,122,549,146,604,134.0,576.5,multiline,none,-1,False,stationary,1.84,20.12,False,True
1208,40.2667,1875,person,0.5984,124,548,149,604,136.5,576.0,multiline,none,-1,False,stationary,1.84,20.09,False,True
1209,40.3,1875,person,0.6358,125,548,152,604,138.5,576.0,multiline,none,-1,False,stationary,1.84,20.07,False,True
1210,40.3333,1875,person,0.4821,127,547,154,601,140.5,574.0,multiline,none,-1,False,stationary,1.87,20.47,False,True
1263,42.1,1963,person,0.7742,244,524,274,574,259.0,549.0,multiline,none,-1,False,insufficient_data,0.0,0.0,False,True
1264,42.1333,1963,person,0.7421,244,523,274,573,259.0,548.0,multiline,none,-1,False,insufficient_data,0.0,0.0,False,True
1265,42.1667,1963,person,0.8027,245,523,276,573,260.5,548.0,multiline,none,-1,False,insufficient_data,0.0,0.0,False,True
1266,42.2,1963,person,0.8038,245,523,277,573,261.0,548.0,multiline,none,-1,False,insufficient_data,0.0,0.0,False,True
1267,42.2333,1963,person,0.7848,246,523,279,572,262.5,547.5,multiline,none,-1,False,recently_moving,0.59,2.14,True,True
1268,42.2667,1963,person,0.819,247,523,280,572,263.5,547.5,multiline,none,-1,False,recently_moving,0.66,3.05,True,True
1269,42.3,1963,person,0.797,249,522,280,572,264.5,547.0,multiline,none,-1,False,recently_moving,0.71,4.02,True,True
1270,42.3333,1963,person,0.7397,250,522,281,572,265.5,547.0,multiline,none,-1,False,recently_moving,0.75,5.0,True,True
1271,42.3667,1963,person,0.7055,252,522,281,572,266.5,547.0,multiline,none,-1,False,recently_moving,0.78,5.97,True,True
1272,42.4,1963,person,0.7273,253,521,281,572,267.0,546.5,multiline,none,-1,False,recently_moving,0.79,6.82,True,True
1273,42.4333,1963,person,0.5431,256,521,282,572,269.0,546.5,multiline,none,-1,False,recently_moving,0.83,8.02,True,True
1274,42.4667,1963,person,0.5766,258,520,282,571,270.0,545.5,multiline,none,-1,False,recently_moving,0.87,9.25,True,True
1275,42.5,1963,person,0.6397,260,520,283,571,271.5,545.5,multiline,none,-1,False,recently_moving,0.95,10.46,True,True
1276,42.5333,1963,person,0.5419,262,520,284,571,273.0,545.5,multiline,none,-1,False,recently_moving,1.03,11.26,True,True
1277,42.5667,1963,person,0.6937,264,520,287,571,275.5,545.5,multiline,none,-1,False,recently_moving,1.14,12.45,True,True
1278,42.6,1963,person,0.7466,266,519,289,571,277.5,545.0,multiline,none,-1,False,stationary,1.22,13.41,False,True
1279,42.6333,1963,person,0.7712,268,519,292,571,280.0,545.0,multiline,none,-1,False,stationary,1.33,14.56,False,True
1280,42.6667,1963,person,0.7384,269,519,295,570,282.0,544.5,multiline,none,-1,False,stationary,1.43,15.66,False,True
1280,42.6667,1988,person,0.3298,249,545,274,598,261.5,571.5,multiline,none,-1,False,insufficient_data,0.0,0.0,False,True
1281,42.7,1963,person,0.7462,270,518,298,570,284.0,544.0,multiline,none,-1,False,stationary,1.53,16.74,False,True
1281,42.7,1988,person,0.4902,249,545,274,597,261.5,571.0,multiline,none,-1,False,insufficient_data,0.0,0.0,False,True
1282,42.7333,1963,person,0.7538,272,518,300,570,286.0,544.0,multiline,none,-1,False,stationary,1.62,17.78,False,True
1282,42.7333,1988,person,0.5057,249,544,273,597,261.0,570.5,multiline,none,-1,False,insufficient_data,0.0,0.0,False,True
1283,42.7667,1963,person,0.7955,273,518,302,570,287.5,544.0,multiline,none,-1,False,stationary,1.71,18.78,False,True
1283,42.7667,1988,person,0.5292,250,544,273,597,261.5,570.5,multiline,none,-1,False,insufficient_data,0.0,0.0,False,True
1284,42.8,1963,person,0.7673,274,517,304,570,289.0,543.5,multiline,none,-1,False,stationary,1.76,19.31,False,True
1284,42.8,1988,person,0.6163,250,543,273,597,261.5,570.0,multiline,none,-1,False,recently_moving,0.25,0.94,True,True
1285,42.8333,1963,person,0.7401,276,517,306,570,291.0,543.5,multiline,none,-1,False,stationary,1.81,19.93,False,True
1285,42.8333,1988,person,0.5788,251,543,273,597,262.0,570.0,multiline,none,-1,False,recently_moving,0.26,1.14,True,True
1286,42.8667,1963,person,0.7355,278,517,307,570,292.5,543.5,multiline,none,-1,False,stationary,1.85,20.34,False,True
1286,42.8667,1988,person,0.7921,252,542,273,597,262.5,569.5,multiline,none,-1,False,recently_moving,0.28,1.47,True,True
1287,42.9,1963,person,0.6864,280,516,307,570,293.5,543.0,multiline,none,-1,False,stationary,1.86,20.46,False,True
1287,42.9,1988,person,0.7787,253,542,274,597,263.5,569.5,multiline,none,-1,False,recently_moving,0.32,1.88,True,True
1288,42.9333,1963,person,0.6738,282,516,308,569,295.0,542.5,multiline,none,-1,False,stationary,1.84,20.22,False,True
1288,42.9333,1988,person,0.8253,254,541,275,596,264.5,568.5,multiline,none,-1,False,recently_moving,0.39,2.67,True,True
1289,42.9667,1963,person,0.596,284,516,308,568,296.0,542.0,multiline,none,-1,False,stationary,1.79,19.7,False,True
1289,42.9667,1988,person,0.8464,255,541,276,596,265.5,568.5,multiline,none,-1,False,recently_moving,0.44,3.44,True,True
1290,43.0,1963,person,0.6129,286,516,309,567,297.5,541.5,multiline,none,-1,False,stationary,1.74,19.05,False,True
1290,43.0,1988,person,0.8175,256,540,278,596,267.0,568.0,multiline,none,-1,False,recently_moving,0.51,4.48,True,True
1291,43.0333,1963,person,0.4965,288,516,311,566,299.5,541.0,multiline,none,-1,False,stationary,1.7,18.62,False,True
1291,43.0333,1988,person,0.8396,256,540,280,596,268.0,568.0,multiline,none,-1,False,recently_moving,0.56,5.47,True,True
1292,43.0667,1963,person,0.6361,291,516,313,564,302.0,540.0,multiline,none,-1,False,stationary,1.69,18.56,False,True
1292,43.0667,1988,person,0.8295,257,540,281,596,269.0,568.0,multiline,none,-1,False,recently_moving,0.64,6.36,True,True
1293,43.1,1963,person,0.7021,293,516,315,563,304.0,539.5,multiline,none,-1,False,stationary,1.69,18.56,False,True
1293,43.1,1988,person,0.8213,258,539,283,596,270.5,567.5,multiline,none,-1,False,recently_moving,0.72,7.59,True,True
1294,43.1333,1963,person,0.7201,294,516,317,563,305.5,539.5,multiline,none,-1,False,stationary,1.69,18.57,False,True
1294,43.1333,1988,person,0.8037,259,539,284,595,271.5,567.0,multiline,none,-1,False,recently_moving,0.81,8.65,True,True
1295,43.1667,1963,person,0.4297,296,516,320,563,308.0,539.5,multiline,none,-1,False,stationary,1.72,18.87,False,True
1295,43.1667,1988,person,0.8218,260,539,285,595,272.5,567.0,multiline,none,-1,False,stationary,0.88,9.6,False,True
1296,43.2,1963,person,0.6457,297,515,322,562,309.5,538.5,multiline,none,-1,False,stationary,1.73,18.97,False,True
1296,43.2,1988,person,0.8229,261,538,286,594,273.5,566.0,multiline,none,-1,False,stationary,0.96,10.51,False,True
1297,43.2333,1963,person,0.3362,299,515,324,562,311.5,538.5,multiline,none,-1,False,stationary,1.75,19.22,False,True
1297,43.2333,1988,person,0.8081,262,538,287,594,274.5,566.0,multiline,none,-1,False,stationary,1.03,11.21,False,True
1298,43.2667,1988,person,0.823,263,537,288,593,275.5,565.0,multiline,none,-1,False,stationary,1.08,11.79,False,True
1299,43.3,1988,person,0.8008,263,537,288,592,275.5,564.5,multiline,none,-1,False,stationary,1.08,11.77,False,True
1300,43.3333,1988,person,0.8171,264,536,288,590,276.0,563.0,multiline,none,-1,False,stationary,1.1,11.78,False,True
1301,43.3667,1988,person,0.7721,265,535,288,589,276.5,562.0,multiline,none,-1,False,stationary,1.1,11.58,False,True
1302,43.4,1988,person,0.7145,265,535,289,588,277.0,561.5,multiline,none,-1,False,stationary,1.09,11.38,False,True
1303,43.4333,1988,person,0.7786,266,534,289,587,277.5,560.5,multiline,none,-1,False,stationary,1.08,11.32,False,True
1304,43.4667,1988,person,0.8191,267,533,290,587,278.5,560.0,multiline,none,-1,False,stationary,1.06,11.17,False,True
1305,43.5,1988,person,0.8064,267,533,291,586,279.0,559.5,multiline,none,-1,False,stationary,1.04,10.96,False,True
1306,43.5333,1988,person,0.834,268,532,292,586,280.0,559.0,multiline,none,-1,False,stationary,1.02,10.93,False,True
1307,43.5667,1988,person,0.8143,269,532,293,585,281.0,558.5,multiline,none,-1,False,stationary,1.01,10.83,False,True
1308,43.6,1988,person,0.8404,269,531,295,585,282.0,558.0,multiline,none,-1,False,stationary,1.01,10.89,False,True
1309,43.6333,1988,person,0.8537,270,531,297,585,283.5,558.0,multiline,none,-1,False,stationary,1.01,10.79,False,True
1310,43.6667,1988,person,0.8475,271,531,299,585,285.0,558.0,multiline,none,-1,False,stationary,1.04,11.01,False,True
1311,43.7,1988,person,0.8576,272,531,300,585,286.0,558.0,multiline,none,-1,False,stationary,1.05,11.0,False,True
1312,43.7333,1988,person,0.8268,273,531,301,585,287.0,558.0,multiline,none,-1,False,stationary,1.05,10.99,False,True
1313,43.7667,1988,person,0.8207,274,530,301,585,287.5,557.5,multiline,none,-1,False,stationary,1.05,11.04,False,True
1314,43.8,1988,person,0.8243,275,530,302,584,288.5,557.0,multiline,none,-1,False,stationary,1.05,11.19,False,True
1315,43.8333,1988,person,0.829,276,530,303,584,289.5,557.0,multiline,none,-1,False,stationary,1.05,11.23,False,True
1316,43.8667,1988,person,0.7986,277,529,303,584,290.0,556.5,multiline,none,-1,False,stationary,1.04,11.28,False,True
1317,43.9,1988,person,0.7962,278,529,304,583,291.0,556.0,multiline,none,-1,False,stationary,1.04,11.33,False,True
1318,43.9333,1988,person,0.7893,279,528,304,583,291.5,555.5,multiline,none,-1,False,stationary,1.03,11.18,False,True
1319,43.9667,1988,person,0.7953,280,527,304,582,292.0,554.5,multiline,none,-1,False,stationary,1.02,10.99,False,True
1320,44.0,1988,person,0.7871,281,527,304,581,292.5,554.0,multiline,none,-1,False,stationary,0.99,10.58,False,True
1321,44.0333,1988,person,0.7833,282,526,304,580,293.0,553.0,multiline,none,-1,False,stationary,0.96,10.15,False,True
1321,44.0333,1963,person,0.5081,313,514,336,560,324.5,537.0,multiline,none,-1,False,stationary,2.15,23.56,False,True
1322,44.0667,1988,person,0.7886,283,526,304,579,293.5,552.5,multiline,none,-1,False,stationary,0.93,9.81,False,True
1322,44.0667,1963,person,0.6627,323,514,347,559,335.0,536.5,multiline,none,-1,False,stationary,2.69,29.47,False,True
1323,44.1,1988,person,0.7899,284,525,304,578,294.0,551.5,multiline,none,-1,False,stationary,0.91,9.64,False,True
1323,44.1,1963,person,0.6821,331,513,356,559,343.5,536.0,multiline,none,-1,False,stationary,3.28,35.9,False,True
1324,44.1333,1988,person,0.8024,285,524,305,578,295.0,551.0,multiline,none,-1,False,stationary,0.91,9.72,False,True
1324,44.1333,1963,person,0.7286,337,513,363,558,350.0,535.5,multiline,none,-1,False,stationary,3.81,41.82,False,True
1325,44.1667,1988,person,0.7841,286,524,305,577,295.5,550.5,multiline,none,-1,False,stationary,0.9,9.64,False,True
1326,44.2,1988,person,0.7897,287,524,306,577,296.5,550.5,multiline,none,-1,False,stationary,0.89,9.6,False,True
1326,44.2,1963,person,0.6804,342,512,369,557,355.5,534.5,multiline,none,-1,False,moving,4.28,46.91,True,True
1327,44.2333,1988,person,0.7976,287,523,306,576,296.5,549.5,multiline,none,-1,False,stationary,0.88,9.57,False,True
1327,44.2333,1963,person,0.3876,346,512,374,557,360.0,534.5,multiline,none,-1,False,moving,4.63,50.88,True,True
1328,44.2667,1988,person,0.7954,288,523,307,576,297.5,549.5,multiline,none,-1,False,stationary,0.87,9.43,False,True
1328,44.2667,1963,person,0.5316,349,511,378,556,363.5,533.5,multiline,none,-1,False,moving,4.91,54.0,True,True
1329,44.3,1988,person,0.643,289,523,308,576,298.5,549.5,multiline,none,-1,False,stationary,0.87,9.35,False,True
1329,44.3,1963,person,0.7001,353,506,381,556,367.0,531.0,multiline,none,-1,False,moving,5.17,56.81,True,True
1330,44.3333,1988,person,0.6927,290,523,309,576,299.5,549.5,multiline,none,-1,False,stationary,0.86,9.19,False,True
1330,44.3333,1963,person,0.4967,355,501,383,556,369.0,528.5,multiline,none,-1,False,moving,5.35,58.59,True,True
1331,44.3667,1988,person,0.6069,291,523,310,576,300.5,549.5,multiline,none,-1,False,stationary,0.87,9.15,False,True
1331,44.3667,1963,person,0.3448,358,497,385,556,371.5,526.5,multiline,none,-1,False,moving,5.52,60.17,True,True
1332,44.4,1988,person,0.5629,292,523,312,576,302.0,549.5,multiline,none,-1,False,stationary,0.89,9.24,False,True
1333,44.4333,1988,person,0.6343,292,522,314,576,303.0,549.0,multiline,none,-1,False,stationary,0.91,9.5,False,True
1334,44.4667,1988,person,0.6292,293,522,316,575,304.5,548.5,multiline,none,-1,False,stationary,0.94,9.96,False,True
1335,44.5,1988,person,0.5441,294,521,316,575,305.0,548.0,multiline,none,-1,False,stationary,0.95,10.1,False,True
1336,44.5333,1988,person,0.5301,295,519,317,574,306.0,546.5,multiline,none,-1,False,stationary,0.98,10.5,False,True
1337,44.5667,1988,person,0.4434,296,519,317,571,306.5,545.0,multiline,none,-1,False,stationary,1.02,10.79,False,True
1338,44.6,1988,person,0.3561,296,520,317,568,306.5,544.0,multiline,none,-1,False,stationary,1.06,11.0,False,True
1338,44.6,1963,person,0.5909,363,497,390,555,376.5,526.0,multiline,none,-1,False,moving,5.71,62.26,True,True
1339,44.6333,1988,person,0.4713,297,521,318,565,307.5,543.0,multiline,none,-1,False,stationary,1.1,11.3,False,True
1339,44.6333,1963,person,0.4581,367,497,395,554,381.0,525.5,multiline,none,-1,False,moving,5.57,60.63,True,True
1340,44.6667,1988,person,0.3716,298,521,319,563,308.5,542.0,multiline,none,-1,False,stationary,1.14,11.68,False,True
1340,44.6667,1963,person,0.4249,370,497,399,554,384.5,525.5,multiline,none,-1,False,moving,5.24,57.14,True,True
1343,44.7667,1988,person,0.3964,299,521,320,563,309.5,542.0,multiline,none,-1,False,stationary,1.16,11.95,False,True
1343,44.7667,1963,person,0.3801,374,499,403,554,388.5,526.5,multiline,none,-1,False,moving,4.89,53.23,True,True
1344,44.8,1988,person,0.3052,300,521,322,563,311.0,542.0,multiline,none,-1,False,stationary,1.18,12.27,False,True
1375,45.8333,2129,person,0.6602,349,506,370,553,359.5,529.5,multiline,none,-1,False,insufficient_data,0.0,0.0,False,True
1376,45.8667,2129,person,0.5399,349,506,370,553,359.5,529.5,multiline,none,-1,False,insufficient_data,0.0,0.0,False,True
1377,45.9,2129,person,0.7389,349,505,370,553,359.5,529.0,multiline,none,-1,False,insufficient_data,0.0,0.0,False,True
1378,45.9333,2129,person,0.7154,349,505,370,552,359.5,528.5,multiline,none,-1,False,insufficient_data,0.0,0.0,False,True
1379,45.9667,2129,person,0.5069,349,505,370,552,359.5,528.5,multiline,none,-1,False,recently_moving,0.16,0.65,True,True
1380,46.0,2129,person,0.3446,349,505,371,552,360.0,528.5,multiline,none,-1,False,recently_moving,0.17,0.79,True,True
1381,46.0333,2129,person,0.6188,349,504,372,552,360.5,528.0,multiline,none,-1,False,recently_moving,0.21,1.13,True,True
1382,46.0667,2129,person,0.7039,350,504,374,552,362.0,528.0,multiline,none,-1,False,recently_moving,0.28,1.68,True,True
1383,46.1,2129,person,0.6798,350,504,376,553,363.0,528.5,multiline,none,-1,False,recently_moving,0.35,2.29,True,True
1384,46.1333,2129,person,0.6523,351,504,379,553,365.0,528.5,multiline,none,-1,False,recently_moving,0.45,3.4,True,True
1385,46.1667,2129,person,0.4527,352,504,381,553,366.5,528.5,multiline,none,-1,False,recently_moving,0.54,4.66,True,True
1386,46.2,2129,person,0.3604,353,504,384,553,368.5,528.5,multiline,none,-1,False,recently_moving,0.63,6.19,True,True
1388,46.2667,2129,person,0.4073,355,504,386,553,370.5,528.5,multiline,none,-1,False,recently_moving,0.78,7.88,True,True
1389,46.3,2129,person,0.4486,357,501,389,553,373.0,527.0,multiline,none,-1,False,recently_moving,0.95,9.89,True,True
1390,46.3333,2129,person,0.7148,358,497,390,553,374.0,525.0,multiline,none,-1,False,recently_moving,1.1,11.63,True,True
1391,46.3667,2129,person,0.6501,359,493,392,553,375.5,523.0,multiline,none,-1,False,stationary,1.28,13.45,False,True
1392,46.4,2129,person,0.7075,360,490,393,552,376.5,521.0,multiline,none,-1,False,stationary,1.45,15.02,False,True
1393,46.4333,2129,person,0.7013,361,488,394,552,377.5,520.0,multiline,none,-1,False,stationary,1.59,16.3,False,True
1394,46.4667,2129,person,0.7439,361,486,395,552,378.0,519.0,multiline,none,-1,False,stationary,1.66,16.98,False,True
1395,46.5,2129,person,0.7297,362,485,396,552,379.0,518.5,multiline,none,-1,False,stationary,1.72,17.6,False,True
1396,46.5333,2129,person,0.5695,363,487,396,551,379.5,519.0,multiline,none,-1,False,stationary,1.69,17.49,False,True
1397,46.5667,2129,person,0.5746,365,487,396,551,380.5,519.0,multiline,none,-1,False,stationary,1.66,17.27,False,True
1398,46.6,2129,person,0.4019,367,488,397,550,382.0,519.0,multiline,none,-1,False,stationary,1.62,17.0,False,True
1402,46.7333,2129,person,0.4316,369,485,398,550,383.5,517.5,multiline,none,-1,False,stationary,1.59,16.97,False,True
1403,46.7667,2129,person,0.4572,372,483,400,549,386.0,516.0,multiline,none,-1,False,stationary,1.58,16.98,False,True
1404,46.8,2129,person,0.3851,373,481,402,549,387.5,515.0,multiline,none,-1,False,stationary,1.57,16.91,False,True
1405,46.8333,2129,person,0.4117,375,480,402,549,388.5,514.5,multiline,none,-1,False,stationary,1.53,16.43,False,True
1406,46.8667,2129,person,0.3693,376,480,402,549,389.0,514.5,multiline,none,-1,False,stationary,1.45,15.57,False,True
1407,46.9,2129,person,0.5599,377,480,402,549,389.5,514.5,multiline,none,-1,False,stationary,1.36,14.71,False,True
1408,46.9333,2129,person,0.333,378,480,402,549,390.0,514.5,multiline,none,-1,False,stationary,1.29,14.01,False,True
1409,46.9667,2129,person,0.4972,379,482,403,549,391.0,515.5,multiline,none,-1,False,stationary,1.24,13.36,False,True
1410,47.0,2129,person,0.3579,380,483,404,549,392.0,516.0,multiline,none,-1,False,stationary,1.24,13.15,False,True
1411,47.0333,2129,person,0.3802,381,485,405,548,393.0,516.5,multiline,none,-1,False,stationary,1.24,12.98,False,True
1413,47.1,2129,person,0.36,382,487,407,548,394.5,517.5,multiline,none,-1,False,stationary,1.26,12.8,False,True
1424,47.4667,2129,person,0.409,388,490,411,547,399.5,518.5,multiline,none,-1,False,stationary,1.37,13.79,False,True
1426,47.5333,2129,person,0.3528,393,493,414,546,403.5,519.5,multiline,none,-1,False,stationary,1.47,15.04,False,True
1526,50.8667,2391,person,0.6106,654,444,672,484,663.0,464.0,multiline,none,-1,False,insufficient_data,0.0,0.0,False,True
1527,50.9,2391,person,0.719,654,444,672,484,663.0,464.0,multiline,none,-1,False,insufficient_data,0.0,0.0,False,True
1528,50.9333,2391,person,0.7057,654,443,672,484,663.0,463.5,multiline,none,-1,False,insufficient_data,0.0,0.0,False,True
1529,50.9667,2391,person,0.7227,654,443,672,485,663.0,464.0,multiline,none,-1,False,insufficient_data,0.0,0.0,False,True
1530,51.0,2391,person,0.7965,655,443,672,485,663.5,464.0,multiline,none,-1,False,recently_moving,0.12,0.19,True,True
1531,51.0333,2391,person,0.6563,655,442,673,485,664.0,463.5,multiline,none,-1,False,recently_moving,0.16,0.5,True,True
1532,51.0667,2391,person,0.7674,656,442,674,485,665.0,463.5,multiline,none,-1,False,recently_moving,0.22,1.03,True,True
1533,51.1,2391,person,0.8165,657,442,676,486,666.5,464.0,multiline,none,-1,False,recently_moving,0.32,1.86,True,True
1534,51.1333,2391,person,0.8107,658,442,678,486,668.0,464.0,multiline,none,-1,False,recently_moving,0.42,2.94,True,True
1535,51.1667,2391,person,0.7984,659,441,679,486,669.0,463.5,multiline,none,-1,False,recently_moving,0.49,4.0,True,True
1536,51.2,2391,person,0.805,660,441,681,486,670.5,463.5,multiline,none,-1,False,recently_moving,0.56,5.22,True,True
1537,51.2333,2391,person,0.8167,660,441,682,486,671.0,463.5,multiline,none,-1,False,recently_moving,0.6,6.18,True,True
1538,51.2667,2391,person,0.8287,661,441,683,486,672.0,463.5,multiline,none,-1,False,recently_moving,0.68,7.2,True,True
1539,51.3,2391,person,0.7843,662,440,684,486,673.0,463.0,multiline,none,-1,False,recently_moving,0.76,8.18,True,True
1540,51.3333,2391,person,0.6907,663,440,684,485,673.5,462.5,multiline,none,-1,False,recently_moving,0.83,9.01,True,True
1541,51.3667,2391,person,0.7871,664,439,684,485,674.0,462.0,multiline,none,-1,False,stationary,0.88,9.56,False,True
1542,51.4,2391,person,0.7646,665,439,685,485,675.0,462.0,multiline,none,-1,False,stationary,0.93,10.1,False,True
1543,51.4333,2391,person,0.7661,666,438,686,484,676.0,461.0,multiline,none,-1,False,stationary,0.98,10.5,False,True
1544,51.4667,2391,person,0.8094,668,438,687,484,677.5,461.0,multiline,none,-1,False,stationary,1.0,10.79,False,True
1545,51.5,2391,person,0.7844,669,437,688,483,678.5,460.0,multiline,none,-1,False,stationary,1.01,10.9,False,True
1546,51.5333,2391,person,0.7622,670,437,689,483,679.5,460.0,multiline,none,-1,False,stationary,1.01,10.95,False,True
1547,51.5667,2391,person,0.7911,671,436,690,482,680.5,459.0,multiline,none,-1,False,stationary,1.01,10.92,False,True
1548,51.6,2391,person,0.7971,672,436,691,482,681.5,459.0,multiline,none,-1,False,stationary,1.02,11.07,False,True
1549,51.6333,2391,person,0.8032,673,435,691,481,682.0,458.0,multiline,none,-1,False,stationary,1.02,11.15,False,True
1550,51.6667,2391,person,0.7852,674,435,692,481,683.0,458.0,multiline,none,-1,False,stationary,1.02,11.16,False,True
1551,51.7,2391,person,0.7775,675,435,693,481,684.0,458.0,multiline,none,-1,False,stationary,1.03,11.24,False,True
1552,51.7333,2391,person,0.7755,676,435,694,480,685.0,457.5,multiline,none,-1,False,stationary,1.05,11.46,False,True
1553,51.7667,2391,person,0.7612,677,435,694,480,685.5,457.5,multiline,none,-1,False,stationary,1.05,11.45,False,True
1554,51.8,2391,person,0.7511,678,434,695,480,686.5,457.0,multiline,none,-1,False,stationary,1.04,11.36,False,True
1555,51.8333,2391,person,0.7613,679,434,696,480,687.5,457.0,multiline,none,-1,False,stationary,1.02,11.15,False,True
1556,51.8667,2391,person,0.7704,680,433,697,480,688.5,456.5,multiline,none,-1,False,stationary,1.0,10.95,False,True
1557,51.9,2391,person,0.7481,681,433,698,479,689.5,456.0,multiline,none,-1,False,stationary,1.0,10.89,False,True
1558,51.9333,2391,person,0.7017,682,432,699,478,690.5,455.0,multiline,none,-1,False,stationary,0.99,10.86,False,True
1559,51.9667,2391,person,0.5545,683,432,700,478,691.5,455.0,multiline,none,-1,False,stationary,0.99,10.87,False,True
1560,52.0,2391,person,0.6581,684,432,701,478,692.5,455.0,multiline,none,-1,False,stationary,0.99,10.87,False,True
1561,52.0333,2391,person,0.7012,684,431,702,478,693.0,454.5,multiline,none,-1,False,stationary,0.99,10.79,False,True
1562,52.0667,2391,person,0.603,685,431,703,478,694.0,454.5,multiline,none,-1,False,stationary,0.98,10.77,False,True
1563,52.1,2391,person,0.7387,686,431,704,477,695.0,454.0,multiline,none,-1,False,stationary,0.98,10.71,False,True
1564,52.1333,2391,person,0.6958,687,431,706,477,696.5,454.0,multiline,none,-1,False,stationary,1.01,11.01,False,True
1565,52.1667,2391,person,0.6717,688,431,707,476,697.5,453.5,multiline,none,-1,False,stationary,1.02,11.21,False,True
1566,52.2,2391,person,0.5126,689,431,708,476,698.5,453.5,multiline,none,-1,False,stationary,1.04,11.34,False,True
1567,52.2333,2391,person,0.7586,690,430,709,475,699.5,452.5,multiline,none,-1,False,stationary,1.05,11.47,False,True
1568,52.2667,2391,person,0.7262,690,430,710,475,700.0,452.5,multiline,none,-1,False,stationary,1.04,11.38,False,True
1569,52.3,2391,person,0.6629,691,430,711,475,701.0,452.5,multiline,none,-1,False,stationary,1.02,11.19,False,True
1570,52.3333,2391,person,0.7549,692,430,711,474,701.5,452.0,multiline,none,-1,False,stationary,0.99,10.9,False,True
1571,52.3667,2391,person,0.7925,693,429,712,474,702.5,451.5,multiline,none,-1,False,stationary,0.99,10.8,False,True
1572,52.4,2391,person,0.8126,694,429,713,473,703.5,451.0,multiline,none,-1,False,stationary,1.0,10.92,False,True
1573,52.4333,2391,person,0.7971,695,428,713,473,704.0,450.5,multiline,none,-1,False,stationary,0.99,10.86,False,True
1574,52.4667,2391,person,0.8108,696,428,714,472,705.0,450.0,multiline,none,-1,False,stationary,0.99,10.83,False,True
1575,52.5,2391,person,0.8026,696,427,715,472,705.5,449.5,multiline,none,-1,False,stationary,0.97,10.58,False,True
